unique_key,created_date,closed_date,agency,agency_name,complaint_type,descriptor,location_type,incident_zip,incident_address,street_name,cross_street_1,cross_street_2,intersection_street_1,intersection_street_2,address_type,city,landmark,facility_type,status,due_date,resolution_description,resolution_action_updated_date,community_board,bbl,borough,x_coordinate_state_plane,y_coordinate_state_plane,open_data_channel_type,park_facility_name,park_borough,vehicle_type,taxi_company_borough,taxi_pick_up_location,bridge_highway_name,bridge_highway_direction,road_ramp,bridge_highway_segment,latitude,longitude,location
65879766,2025-08-18 01:50:33,,DOHMH,Department of Health and Mental Hygiene,Rodent,Rat Sighting,Other (Explain Below),10452.0,957 WOODYCREST AVENUE,WOODYCREST AVENUE,WEST  162 STREET,WEST  163 STREET,WEST  162 STREET,WEST  163 STREET,ADDRESS,BRONX,WOODYCREST AVENUE,,In Progress,,,,04 BRONX,2025110068.0,BRONX,1003936.0,242233.0,PHONE,Unspecified,BRONX,,,,,,,,40.8315271048226,-73.92886303221528,"
,  
(40.8315271048226, -73.92886303221528)"
65880876,2025-08-18 01:49:57,,DSNY,Department of Sanitation,Dirty Condition,Trash,Sidewalk,11220.0,6817 5 AVENUE,5 AVENUE,68 STREET,BAY RIDGE AVENUE,68 STREET,BAY RIDGE AVENUE,ADDRESS,BROOKLYN,5 AVENUE,,In Progress,,,,10 BROOKLYN,3058650003.0,BROOKLYN,978480.0,170254.0,ONLINE,Unspecified,BROOKLYN,,,,,,,,40.63398258997328,-74.02078864252378,"
,  
(40.63398258997328, -74.02078864252378)"
65877966,2025-08-18 01:49:24,,NYPD,New York City Police Department,Illegal Parking,Posted Parking Sign Violation,Street/Sidewalk,11205.0,AUBURN PLACE,AUBURN PLACE,AUBURN PLACE,ST EDWARD STREET,AUBURN PLACE,ST EDWARD STREET,INTERSECTION,,,,In Progress,,,2025-08-18T02:19:21.000,02 BROOKLYN,,BROOKLYN,990355.0,192214.0,PHONE,Unspecified,BROOKLYN,,,,,,,,40.69425769499548,-73.97798450650289,"
,  
(40.69425769499548, -73.97798450650289)"
65875271,2025-08-18 01:49:12,,DHS,Department of Homeless Services,Homeless Person Assistance,Non-Chronic,Subway,,,,,,,,ADDRESS,,,,Assigned,,The Department of Homeless Services has sent a mobile outreach response team to the location.,2025-08-18T01:59:33.000,Unspecified BROOKLYN,,BROOKLYN,977761.0,170612.0,MOBILE,Unspecified,BROOKLYN,,,,R,,,Mezzanine,40.63496472637004,-74.02337946048613,"
,  
(40.634964726370036, -74.02337946048613)"
65880791,2025-08-18 01:48:55,,NYPD,New York City Police Department,Noise - Residential,Loud Talking,Residential Building/House,11233.0,490 MACON STREET,MACON STREET,STUYVESANT AVENUE,MALCOLM X BOULEVARD,STUYVESANT AVENUE,MALCOLM X BOULEVARD,ADDRESS,BROOKLYN,MACON STREET,,In Progress,,,2025-08-18T02:30:39.000,03 BROOKLYN,3016710015.0,BROOKLYN,1003350.0,188193.0,MOBILE,Unspecified,BROOKLYN,,,,,,,,40.68320247217812,-73.93113411084386,"
,  
(40.68320247217812, -73.93113411084386)"
65877022,2025-08-18 01:48:11,,NYPD,New York City Police Department,Noise - Residential,Banging/Pounding,Residential Building/House,10463.0,3355 FT INDEPENDENCE STREET,FT INDEPENDENCE STREET,HEATH AVENUE,BAILEY PLACE,HEATH AVENUE,BAILEY PLACE,ADDRESS,BRONX,FORT INDEPENDENCE STREET,,In Progress,,,,08 BRONX,2032610102.0,BRONX,1012030.0,259708.0,MOBILE,Unspecified,BRONX,,,,,,,,40.87946898046384,-73.89954230627598,"
,  
(40.879468980463834, -73.89954230627598)"
65875181,2025-08-18 01:47:59,,NYPD,New York City Police Department,Noise - Residential,Loud Music/Party,Residential Building/House,10469.0,2566 KINGSLAND AVENUE,KINGSLAND AVENUE,MACE AVENUE,ALLERTON AVENUE,MACE AVENUE,ALLERTON AVENUE,ADDRESS,BRONX,KINGSLAND AVENUE,,In Progress,,,2025-08-18T02:31:21.000,11 BRONX,2044880036.0,BRONX,1028810.0,253959.0,PHONE,Unspecified,BRONX,,,,,,,,40.86362099412118,-73.83890102170845,"
,  
(40.86362099412118, -73.83890102170845)"
65877046,2025-08-18 01:46:55,,NYPD,New York City Police Department,Noise - Street/Sidewalk,Loud Music/Party,Street/Sidewalk,10468.0,2472 GRAND AVENUE,GRAND AVENUE,WEST FORDHAM ROAD,WEST  188 STREET,WEST FORDHAM ROAD,WEST  188 STREET,ADDRESS,BRONX,GRAND AVENUE,,In Progress,,,2025-08-18T02:50:11.000,07 BRONX,2032030012.0,BRONX,1011182.0,253938.0,MOBILE,Unspecified,BRONX,,,,,,,,40.8636347364388,-73.90263202361797,"
,  
(40.8636347364388, -73.90263202361797)"
65881668,2025-08-18 01:46:52,,NYPD,New York City Police Department,Illegal Parking,Posted Parking Sign Violation,Street/Sidewalk,11236.0,5995 SHORE PARKWAY,SHORE PARKWAY,BELT PARKWAY EXIT   13 WESTBOUND,EAST  102 STREET,BELT PARKWAY EXIT   13 WESTBOUND,EAST  102 STREET,ADDRESS,BROOKLYN,SHORE PARKWAY,,In Progress,,,2025-08-18T02:23:54.000,18 BROOKLYN,3083290225.0,BROOKLYN,1016602.0,169895.0,MOBILE,Unspecified,BROOKLYN,,,,,,,,40.63294001121356,-73.88344127417054,"
,  
(40.63294001121356, -73.88344127417054)"
65877020,2025-08-18 01:46:43,,NYPD,New York City Police Department,Noise - Residential,Banging/Pounding,Residential Building/House,11210.0,3111 AURELIA COURT,AURELIA COURT,EAST   31 STREET,EAST   32 STREET,EAST   31 STREET,EAST   32 STREET,ADDRESS,BROOKLYN,AURELIA COURT,,In Progress,,,2025-08-18T02:16:29.000,14 BROOKLYN,3075770025.0,BROOKLYN,999282.0,168813.0,PHONE,Unspecified,BROOKLYN,,,,,,,,40.63001647523674,-73.94584465849762,"
,  
(40.630016475236744, -73.94584465849762)"
65877132,2025-08-18 01:46:07,,DSNY,Department of Sanitation,Dirty Condition,Trash,Sidewalk,11209.0,6901 5 AVENUE,5 AVENUE,BAY RIDGE AVENUE,OVINGTON AVENUE,BAY RIDGE AVENUE,OVINGTON AVENUE,ADDRESS,BROOKLYN,5 AVENUE,,In Progress,,,,10 BROOKLYN,3058740014.0,BROOKLYN,978415.0,170047.0,ONLINE,Unspecified,BROOKLYN,,,,,,,,40.63341437632679,-74.02102265101016,"
,  
(40.63341437632679, -74.02102265101016)"
65878948,2025-08-18 01:44:04,,NYPD,New York City Police Department,Noise - Street/Sidewalk,Loud Talking,Street/Sidewalk,11208.0,642 ELDERT LANE,ELDERT LANE,CONDUIT BOULEVARD,DEAD END,CONDUIT BOULEVARD,DEAD END,ADDRESS,BROOKLYN,ELDERT LANE,,In Progress,,,,05 BROOKLYN,3042570001.0,BROOKLYN,1021953.0,185106.0,PHONE,Unspecified,BROOKLYN,,,,,,,,40.67466967511534,-73.86407752875657,"
,  
(40.67466967511534, -73.86407752875657)"
65877050,2025-08-18 01:44:04,,NYPD,New York City Police Department,Noise - Street/Sidewalk,Loud Talking,Street/Sidewalk,10040.0,570 WEST  190 STREET,WEST  190 STREET,AUDUBON AVENUE,ST NICHOLAS AVENUE,AUDUBON AVENUE,ST NICHOLAS AVENUE,ADDRESS,NEW YORK,WEST  190 STREET,,In Progress,,,2025-08-18T02:21:50.000,12 MANHATTAN,1021580067.0,MANHATTAN,1003895.0,250647.0,ONLINE,Unspecified,MANHATTAN,,,,,,,,40.85462115652687,-73.9289865404921,"
,  
(40.85462115652687, -73.9289865404921)"
65876063,2025-08-18 01:43:41,,NYPD,New York City Police Department,Illegal Parking,Double Parked Blocking Traffic,Street/Sidewalk,11422.0,259-36 149 AVENUE,149 AVENUE,259 STREET,262 STREET,259 STREET,262 STREET,ADDRESS,ROSEDALE,149 AVENUE,,In Progress,,,2025-08-18T02:02:35.000,13 QUEENS,4136900051.0,QUEENS,1059593.0,177236.0,MOBILE,Unspecified,QUEENS,Car,,,,,,,40.6528280429159,-73.72847077584818,"
,  
(40.6528280429159, -73.72847077584818)"
65875381,2025-08-18 01:43:25,,NYPD,New York City Police Department,Illegal Parking,Blocked Crosswalk,Street/Sidewalk,11416.0,97-10 92 STREET,92 STREET,97 AVENUE,101 AVENUE,97 AVENUE,101 AVENUE,ADDRESS,OZONE PARK,92 STREET,,In Progress,,,,09 QUEENS,,QUEENS,1026058.0,188865.0,MOBILE,Unspecified,QUEENS,,,,,,,,40.68496882759504,-73.8492553673449,"
,  
(40.68496882759504, -73.8492553673449)"
65878894,2025-08-18 01:42:24,,NYPD,New York City Police Department,Illegal Parking,Double Parked Blocking Vehicle,Street/Sidewalk,10472.0,1065 MANOR AVENUE,MANOR AVENUE,BRUCKNER BOULEVARD,WATSON AVENUE,BRUCKNER BOULEVARD,WATSON AVENUE,ADDRESS,BRONX,MANOR AVENUE,,In Progress,,,,09 BRONX,2037160036.0,BRONX,1018677.0,240068.0,PHONE,Unspecified,BRONX,Car,,,,,,,40.825539645758994,-73.87560639155221,"
,  
(40.825539645758994, -73.87560639155221)"
65881610,2025-08-18 01:41:36,,NYPD,New York City Police Department,Blocked Driveway,Partial Access,Street/Sidewalk,11429.0,113-21 212 STREET,212 STREET,113 AVENUE,MURDOCK AVENUE,113 AVENUE,MURDOCK AVENUE,ADDRESS,QUEENS VILLAGE,212 STREET,,In Progress,,,,13 QUEENS,4111350115.0,QUEENS,1055307.0,195891.0,PHONE,Unspecified,QUEENS,,,,,,,,40.70406700454804,-73.74372033972598,"
,  
(40.70406700454804, -73.74372033972598)"
65876963,2025-08-18 01:40:44,,DPR,Department of Parks and Recreation,Root/Sewer/Sidewalk Condition,Trees and Sidewalks Program,Street,11361.0,209-33 32 AVENUE,32 AVENUE,CORPORAL KENNEDY STREET,210 STREET,CORPORAL KENNEDY STREET,210 STREET,ADDRESS,BAYSIDE,32 AVENUE,,In Progress,,,,11 QUEENS,4059940051.0,QUEENS,1045207.0,220795.0,ONLINE,Unspecified,QUEENS,,,,,,,,40.772497435637376,-73.7799219496503,"
,  
(40.772497435637376, -73.7799219496503)"
65876087,2025-08-18 01:40:31,,NYPD,New York City Police Department,Noise - Residential,Banging/Pounding,Residential Building/House,11210.0,1366 NEW YORK AVENUE,NEW YORK AVENUE,NEWKIRK AVENUE,FOSTER AVENUE,NEWKIRK AVENUE,FOSTER AVENUE,ADDRESS,BROOKLYN,NEW YORK AVENUE,,In Progress,,,2025-08-18T02:11:40.000,17 BROOKLYN,3049640040.0,BROOKLYN,999382.0,172318.0,PHONE,Unspecified,BROOKLYN,,,,,,,,40.63963678332327,-73.94547653185677,"
,  
(40.63963678332327, -73.94547653185677)"
65875179,2025-08-18 01:39:27,,NYPD,New York City Police Department,Noise - Residential,Loud Music/Party,Residential Building/House,10456.0,1447 PROSPECT AVENUE,PROSPECT AVENUE,LAFAYETTE STREET,CROTONA AVENUE,LAFAYETTE STREET,CROTONA AVENUE,ADDRESS,BRONX,PROSPECT AVENUE,,In Progress,,,,03 BRONX,2029370047.0,BRONX,1012784.0,243226.0,PHONE,Unspecified,BRONX,,,,,,,,40.83422844826637,-73.89688586307992,"
,  
(40.83422844826637, -73.89688586307992)"
65878897,2025-08-18 01:39:17,,NYPD,New York City Police Department,Illegal Parking,Posted Parking Sign Violation,Street/Sidewalk,11205.0,112 ST EDWARD STREET,ST EDWARD STREET,AUBURN PLACE,NORTH ELLIOTT WALK,AUBURN PLACE,NORTH ELLIOTT WALK,ADDRESS,BROOKLYN,ST EDWARDS STREET,,In Progress,,,2025-08-18T02:12:09.000,02 BROOKLYN,3020340134.0,BROOKLYN,990374.0,192060.0,PHONE,Unspecified,BROOKLYN,,,,,,,,40.69383498754653,-73.97791612982495,"
,  
(40.69383498754653, -73.97791612982495)"
65878827,2025-08-18 01:39:12,,NYPD,New York City Police Department,Blocked Driveway,Partial Access,Street/Sidewalk,11435.0,106-50 PRINCETON STREET,PRINCETON STREET,TUSKEGEE AIRMEN WAY,107 AVENUE,TUSKEGEE AIRMEN WAY,107 AVENUE,ADDRESS,JAMAICA,PRINCETON STREET,,In Progress,,,,12 QUEENS,4100790024.0,QUEENS,1038475.0,191517.0,PHONE,Unspecified,QUEENS,,,,,,,,40.69218057985629,-73.80446291169812,"
,  
(40.692180579856284, -73.80446291169812)"
65880925,2025-08-18 01:39:10,,DSNY,Department of Sanitation,Residential Disposal Complaint,Waste Left in Front of Other Residence,Sidewalk,10460.0,1422 ST LAWRENCE AVENUE,ST LAWRENCE AVENUE,EAST  177 STREET,GUION PLACE,EAST  177 STREET,GUION PLACE,ADDRESS,BRONX,ST LAWRENCE AVENUE,,In Progress,,,,09 BRONX,2038980034.0,BRONX,1020737.0,243840.0,ONLINE,Unspecified,BRONX,,,,,,,,40.83588442270694,-73.86814257686486,"
,  
(40.83588442270694, -73.86814257686486)"
65878878,2025-08-18 01:38:28,,NYPD,New York City Police Department,Illegal Parking,Blocked Hydrant,Street/Sidewalk,11416.0,92-04 95 AVENUE,95 AVENUE,92 STREET,93 STREET,92 STREET,93 STREET,ADDRESS,OZONE PARK,95 AVENUE,,In Progress,,,,09 QUEENS,4090320002.0,QUEENS,1025910.0,189399.0,MOBILE,Unspecified,QUEENS,,,,,,,,40.68643523113269,-73.84978569939258,"
,  
(40.68643523113269, -73.84978569939258)"
65876968,2025-08-18 01:38:22,,NYPD,New York City Police Department,Drinking,In Public,Residential Building/House,10458.0,2793 BRIGGS AVENUE,BRIGGS AVENUE,EAST  196 STREET,EAST  197 STREET,EAST  196 STREET,EAST  197 STREET,ADDRESS,BRONX,BRIGGS AVENUE,,In Progress,,,2025-08-18T02:23:10.000,07 BRONX,2033010086.0,BRONX,1014607.0,255508.0,PHONE,Unspecified,BRONX,,,,,,,,40.867932792981385,-73.89024243020245,"
,  
(40.867932792981385, -73.89024243020245)"
65878950,2025-08-18 01:37:40,,NYPD,New York City Police Department,Noise - Vehicle,Car/Truck Music,Street/Sidewalk,10034.0,136 SHERMAN AVENUE,SHERMAN AVENUE,DYCKMAN STREET,ACADEMY STREET,DYCKMAN STREET,ACADEMY STREET,ADDRESS,NEW YORK,SHERMAN AVENUE,,In Progress,,,2025-08-18T02:07:05.000,12 MANHATTAN,1022240029.0,MANHATTAN,1005207.0,254153.0,MOBILE,Unspecified,MANHATTAN,Car,,,,,,,40.86424105288289,-73.92423291550989,"
,  
(40.86424105288289, -73.92423291550989)"
65875754,2025-08-18 01:36:53,2025-08-18 01:43:50,NYPD,New York City Police Department,Noise - Residential,Banging/Pounding,Residential Building/House,10473.0,740 BEACH AVENUE,BEACH AVENUE,SEWARD AVENUE,LAFAYETTE AVENUE,SEWARD AVENUE,LAFAYETTE AVENUE,ADDRESS,BRONX,BEACH AVENUE,,Closed,,The Police Department responded to the complaint but officers were unable to gain entry into the premises.,2025-08-18T01:43:54.000,09 BRONX,2035980017.0,BRONX,1022009.0,238046.0,PHONE,Unspecified,BRONX,,,,,,,,40.81997621957901,-73.86357841506774,"
,  
(40.819976219579004, -73.86357841506774)"
65878923,2025-08-18 01:36:31,,NYPD,New York City Police Department,Noise - Residential,Loud Music/Party,Residential Building/House,11417.0,106-10 107 AVENUE,107 AVENUE,106 STREET,107 STREET,106 STREET,107 STREET,ADDRESS,OZONE PARK,107 AVENUE,,In Progress,,,,10 QUEENS,4095440004.0,QUEENS,1030196.0,187507.0,ONLINE,Unspecified,QUEENS,,,,,,,,40.68122092083765,-73.83434451918518,"
,  
(40.68122092083765, -73.83434451918518)"
65877053,2025-08-18 01:36:09,,NYPD,New York City Police Department,Noise - Vehicle,Car/Truck Music,Street/Sidewalk,10458.0,2793 BRIGGS AVENUE,BRIGGS AVENUE,EAST  196 STREET,EAST  197 STREET,EAST  196 STREET,EAST  197 STREET,ADDRESS,BRONX,BRIGGS AVENUE,,In Progress,,,2025-08-18T02:23:00.000,07 BRONX,2033010086.0,BRONX,1014607.0,255508.0,PHONE,Unspecified,BRONX,SUV,,,,,,,40.867932792981385,-73.89024243020245,"
,  
(40.867932792981385, -73.89024243020245)"
65879850,2025-08-18 01:36:01,,NYPD,New York City Police Department,Noise - Street/Sidewalk,Loud Music/Party,Street/Sidewalk,11206.0,TOMPKINS AVENUE,TOMPKINS AVENUE,TOMPKINS AVENUE,WILLOUGHBY AVENUE,TOMPKINS AVENUE,WILLOUGHBY AVENUE,INTERSECTION,,,,In Progress,,,2025-08-18T02:32:56.000,03 BROOKLYN,,BROOKLYN,999203.0,192208.0,PHONE,Unspecified,BROOKLYN,,,,,,,,40.69423069973624,-73.94607738602795,"
,  
(40.69423069973624, -73.94607738602795)"
65881644,2025-08-18 01:35:42,,NYPD,New York City Police Department,Illegal Parking,Blocked Hydrant,Street/Sidewalk,11205.0,112 ST EDWARD STREET,ST EDWARD STREET,AUBURN PLACE,NORTH ELLIOTT WALK,AUBURN PLACE,NORTH ELLIOTT WALK,ADDRESS,BROOKLYN,ST EDWARDS STREET,,In Progress,,,2025-08-18T02:11:39.000,02 BROOKLYN,3020340134.0,BROOKLYN,990374.0,192060.0,PHONE,Unspecified,BROOKLYN,,,,,,,,40.69383498754653,-73.97791612982495,"
,  
(40.69383498754653, -73.97791612982495)"
65876837,2025-08-18 01:34:56,2025-08-18 01:46:47,NYPD,New York City Police Department,Noise - Street/Sidewalk,Loud Talking,Street/Sidewalk,11372.0,72-17 34 AVENUE,34 AVENUE,72 STREET,73 STREET,72 STREET,73 STREET,ADDRESS,JACKSON HEIGHTS,34 AVENUE,,Closed,,The Police Department responded to the complaint and took action to fix the condition.,2025-08-18T01:46:49.000,03 QUEENS,4012450030.0,QUEENS,1013595.0,213556.0,MOBILE,Unspecified,QUEENS,,,,,,,,40.752789725351,-73.89408477242813,"
,  
(40.752789725351, -73.89408477242813)"
65881657,2025-08-18 01:34:45,,NYPD,New York City Police Department,Illegal Parking,Blocked Sidewalk,Street/Sidewalk,10460.0,1422 ST LAWRENCE AVENUE,ST LAWRENCE AVENUE,EAST  177 STREET,GUION PLACE,EAST  177 STREET,GUION PLACE,ADDRESS,BRONX,ST LAWRENCE AVENUE,,In Progress,,,,09 BRONX,2038980034.0,BRONX,1020737.0,243840.0,ONLINE,Unspecified,BRONX,,,,,,,,40.83588442270694,-73.86814257686486,"
,  
(40.83588442270694, -73.86814257686486)"
65881682,2025-08-18 01:34:41,,NYPD,New York City Police Department,Noise - Residential,Loud Music/Party,Residential Building/House,11221.0,448 PUTNAM AVENUE,PUTNAM AVENUE,TOMPKINS AVENUE,THROOP AVENUE,TOMPKINS AVENUE,THROOP AVENUE,ADDRESS,BROOKLYN,PUTNAM AVENUE,,In Progress,,,2025-08-18T02:08:55.000,03 BROOKLYN,3018300012.0,BROOKLYN,999986.0,188774.0,ONLINE,Unspecified,BROOKLYN,,,,,,,,40.68480380403101,-73.94326180003524,"
,  
(40.68480380403101, -73.94326180003524)"
65876088,2025-08-18 01:34:39,,NYPD,New York City Police Department,Noise - Residential,Banging/Pounding,Residential Building/House,10016.0,243 EAST   27 STREET,EAST   27 STREET,3 AVENUE,2 AVENUE,3 AVENUE,2 AVENUE,ADDRESS,NEW YORK,EAST   27 STREET,,In Progress,,,2025-08-18T01:58:20.000,06 MANHATTAN,1009080027.0,MANHATTAN,989889.0,209115.0,ONLINE,Unspecified,MANHATTAN,,,,,,,,40.74064719137972,-73.97965081002563,"
,  
(40.740647191379715, -73.97965081002563)"
65878929,2025-08-18 01:34:14,,NYPD,New York City Police Department,Noise - Residential,Loud Music/Party,Residential Building/House,11417.0,106-10 107 AVENUE,107 AVENUE,106 STREET,107 STREET,106 STREET,107 STREET,ADDRESS,OZONE PARK,107 AVENUE,,In Progress,,,,10 QUEENS,4095440004.0,QUEENS,1030196.0,187507.0,PHONE,Unspecified,QUEENS,,,,,,,,40.68122092083765,-73.83434451918518,"
,  
(40.68122092083765, -73.83434451918518)"
65881703,2025-08-18 01:34:10,,NYPD,New York City Police Department,Noise - Street/Sidewalk,Loud Talking,Street/Sidewalk,11220.0,5423 8 AVENUE,8 AVENUE,54 STREET,55 STREET,54 STREET,55 STREET,ADDRESS,BROOKLYN,8 AVENUE,,In Progress,,,2025-08-18T01:53:34.000,12 BROOKLYN,3056720001.0,BROOKLYN,982526.0,171972.0,ONLINE,Unspecified,BROOKLYN,,,,,,,,40.63869984562788,-74.00621181160929,"
,  
(40.638699845627876, -74.00621181160929)"
65876000,2025-08-18 01:33:25,,NYPD,New York City Police Department,Blocked Driveway,No Access,Street/Sidewalk,11223.0,1837 STILLWELL AVENUE,STILLWELL AVENUE,81 STREET,82 STREET,81 STREET,82 STREET,ADDRESS,BROOKLYN,STILLWELL AVENUE,,In Progress,,,,11 BROOKLYN,3066670072.0,BROOKLYN,988086.0,158483.0,MOBILE,Unspecified,BROOKLYN,,,,,,,,40.60167468753419,-73.98618602354,"
,  
(40.60167468753419, -73.98618602354)"
65880441,2025-08-18 01:33:15,2025-08-18 01:49:53,NYPD,New York City Police Department,Noise - Residential,Loud Music/Party,Residential Building/House,11226.0,60 CLARKSON AVENUE,CLARKSON AVENUE,FLATBUSH AVENUE,BEDFORD AVENUE,FLATBUSH AVENUE,BEDFORD AVENUE,ADDRESS,BROOKLYN,CLARKSON AVENUE,,Closed,,The Police Department responded to the complaint and took action to fix the condition.,2025-08-18T01:49:58.000,14 BROOKLYN,3050640040.0,BROOKLYN,995949.0,177894.0,ONLINE,Unspecified,BROOKLYN,,,,,,,,40.65494689537713,-73.95783660963446,"
,  
(40.65494689537713, -73.95783660963446)"
65879905,2025-08-18 01:32:40,,DOHMH,Department of Health and Mental Hygiene,Indoor Air Quality,Sewage Odor,3+ Family Apt. Building,11236.0,720 EAST   91 STREET,EAST   91 STREET,AVENUE B,DITMAS AVENUE,AVENUE B,DITMAS AVENUE,ADDRESS,BROOKLYN,EAST   91 STREET,,In Progress,,,,17 BROOKLYN,3081080041.0,BROOKLYN,1007811.0,175956.0,ONLINE,Unspecified,BROOKLYN,,,,,,,,40.64960389356384,-73.91509255471047,"
,  
(40.649603893563835, -73.91509255471047)"
65879799,2025-08-18 01:32:02,,NYPD,New York City Police Department,Illegal Parking,Blocked Hydrant,Street/Sidewalk,11105.0,20-25 STEINWAY STREET,STEINWAY STREET,20 AVENUE,20 ROAD,20 AVENUE,20 ROAD,ADDRESS,ASTORIA,STEINWAY STREET,,In Progress,,,,01 QUEENS,4007990022.0,QUEENS,1011290.0,221959.0,ONLINE,Unspecified,QUEENS,,,,,,,,40.77586112669968,-73.9023704242571,"
,  
(40.775861126699674, -73.9023704242571)"
65875061,2025-08-18 01:31:39,,NYPD,New York City Police Department,Blocked Driveway,No Access,Street/Sidewalk,11226.0,351 EAST   28 STREET,EAST   28 STREET,CLARENDON ROAD,AVENUE D,CLARENDON ROAD,AVENUE D,ADDRESS,BROOKLYN,EAST   28 STREET,,In Progress,,,2025-08-18T01:58:54.000,17 BROOKLYN,3051940061.0,BROOKLYN,997979.0,173165.0,PHONE,Unspecified,BROOKLYN,,,,,,,,40.64196390228409,-73.95053008248493,"
,  
(40.64196390228409, -73.95053008248493)"
65876992,2025-08-18 01:31:10,,NYPD,New York City Police Department,Illegal Parking,Posted Parking Sign Violation,Street/Sidewalk,11205.0,MYRTLE AVENUE,MYRTLE AVENUE,MYRTLE AVENUE,ST EDWARD STREET,MYRTLE AVENUE,ST EDWARD STREET,INTERSECTION,,,,In Progress,,,2025-08-18T02:13:14.000,02 BROOKLYN,,BROOKLYN,990399.0,191915.0,PHONE,Unspecified,BROOKLYN,,,,,,,,40.69343697878448,-73.97782610922518,"
,  
(40.693436978784476, -73.97782610922518)"
65877956,2025-08-18 01:31:10,,NYPD,New York City Police Department,Illegal Parking,Blocked Hydrant,Street/Sidewalk,11419.0,120-14 ATLANTIC AVENUE,ATLANTIC AVENUE,120 STREET,121 STREET,120 STREET,121 STREET,ADDRESS,SOUTH RICHMOND HILL,ATLANTIC AVENUE,,In Progress,,,,09 QUEENS,4094380006.0,QUEENS,1032303.0,192301.0,MOBILE,Unspecified,QUEENS,,,,,,,,40.69436813769891,-73.82671368709654,"
,  
(40.69436813769891, -73.82671368709654)"
65880813,2025-08-18 01:30:21,,DOT,Department of Transportation,Sidewalk Condition,Blocked - Construction,Sidewalk,10460.0,1422 ST LAWRENCE AVENUE,ST LAWRENCE AVENUE,EAST  177 STREET,GUION PLACE,EAST  177 STREET,GUION PLACE,ADDRESS,BRONX,ST LAWRENCE AVENUE,,In Progress,,,,09 BRONX,2038980034.0,BRONX,1020737.0,243840.0,ONLINE,Unspecified,BRONX,,,,,,,,40.83588442270694,-73.86814257686486,"
,  
(40.83588442270694, -73.86814257686486)"
65880776,2025-08-18 01:29:47,,NYPD,New York City Police Department,Noise - Residential,Banging/Pounding,Residential Building/House,10452.0,963 WOODYCREST AVENUE,WOODYCREST AVENUE,WEST  162 STREET,WEST  163 STREET,WEST  162 STREET,WEST  163 STREET,ADDRESS,BRONX,WOODYCREST AVENUE,,In Progress,,,,04 BRONX,2025110068.0,BRONX,1003966.0,242285.0,PHONE,Unspecified,BRONX,,,,,,,,40.83166976291957,-73.9287544719845,"
,  
(40.831669762919574, -73.9287544719845)"
65881685,2025-08-18 01:29:29,,NYPD,New York City Police Department,Noise - Residential,Loud Music/Party,Residential Building/House,10460.0,1700 HOE AVENUE,HOE AVENUE,EAST  173 STREET,EAST  174 STREET,EAST  173 STREET,EAST  174 STREET,ADDRESS,BRONX,HOE AVENUE,,In Progress,,,2025-08-18T01:59:03.000,03 BRONX,2029900011.0,BRONX,1015421.0,243931.0,MOBILE,Unspecified,BRONX,,,,,,,,40.8361545544056,-73.88735319413729,"
,  
(40.836154554405596, -73.88735319413729)"
65880809,2025-08-18 01:29:22,,NYPD,New York City Police Department,Noise - Street/Sidewalk,Loud Talking,Street/Sidewalk,10032.0,3862 BROADWAY,BROADWAY,WEST  161 STREET,WEST  162 STREET,WEST  161 STREET,WEST  162 STREET,ADDRESS,NEW YORK,BROADWAY,,In Progress,,,2025-08-18T01:55:33.000,12 MANHATTAN,1021200001.0,MANHATTAN,1000039.0,244113.0,MOBILE,Unspecified,MANHATTAN,,,,,,,,40.83669498803014,-73.94294073013086,"
,  
(40.83669498803014, -73.94294073013086)"
65878883,2025-08-18 01:28:59,,NYPD,New York City Police Department,Illegal Parking,Blocked Hydrant,Street/Sidewalk,11374.0,65-60 BOOTH STREET,BOOTH STREET,65 ROAD,66 AVENUE,65 ROAD,66 AVENUE,ADDRESS,REGO PARK,BOOTH STREET,,In Progress,,,,06 QUEENS,4030990016.0,QUEENS,1023592.0,204083.0,MOBILE,Unspecified,QUEENS,,,,,,,,40.72674989866702,-73.85805794964186,"
,  
(40.72674989866702, -73.85805794964186)"
65879796,2025-08-18 01:28:52,,NYPD,New York City Police Department,Illegal Parking,Blocked Hydrant,Street/Sidewalk,11374.0,65-60 BOOTH STREET,BOOTH STREET,65 ROAD,66 AVENUE,65 ROAD,66 AVENUE,ADDRESS,REGO PARK,BOOTH STREET,,In Progress,,,,06 QUEENS,4030990016.0,QUEENS,1023592.0,204083.0,MOBILE,Unspecified,QUEENS,,,,,,,,40.72674989866702,-73.85805794964186,"
,  
(40.72674989866702, -73.85805794964186)"
65876109,2025-08-18 01:28:36,,NYPD,New York City Police Department,Noise - Street/Sidewalk,Loud Talking,Street/Sidewalk,10040.0,570 WEST  190 STREET,WEST  190 STREET,AUDUBON AVENUE,ST NICHOLAS AVENUE,AUDUBON AVENUE,ST NICHOLAS AVENUE,ADDRESS,NEW YORK,WEST  190 STREET,,In Progress,,,2025-08-18T02:22:00.000,12 MANHATTAN,1021580067.0,MANHATTAN,1003895.0,250647.0,ONLINE,Unspecified,MANHATTAN,,,,,,,,40.85462115652687,-73.9289865404921,"
,  
(40.85462115652687, -73.9289865404921)"
65877901,2025-08-18 01:28:25,,NYPD,New York City Police Department,Blocked Driveway,No Access,Street/Sidewalk,11226.0,351 EAST   28 STREET,EAST   28 STREET,CLARENDON ROAD,AVENUE D,CLARENDON ROAD,AVENUE D,ADDRESS,BROOKLYN,EAST   28 STREET,,In Progress,,,2025-08-18T01:59:14.000,17 BROOKLYN,3051940061.0,BROOKLYN,997979.0,173165.0,PHONE,Unspecified,BROOKLYN,,,,,,,,40.64196390228409,-73.95053008248493,"
,  
(40.64196390228409, -73.95053008248493)"
65874809,2025-08-18 01:27:41,2025-08-18 01:47:45,NYPD,New York City Police Department,Noise - Residential,Banging/Pounding,Residential Building/House,11210.0,2501 NOSTRAND AVENUE,NOSTRAND AVENUE,AVENUE K,AVENUE L,AVENUE K,AVENUE L,ADDRESS,BROOKLYN,NOSTRAND AVENUE,,Closed,,The Police Department responded to the complaint but officers were unable to gain entry into the premises.,2025-08-18T01:47:53.000,18 BROOKLYN,3076300027.0,BROOKLYN,999171.0,166449.0,MOBILE,Unspecified,BROOKLYN,,,,,,,,40.62352798084708,-73.94624978072031,"
,  
(40.62352798084708, -73.94624978072031)"
65878009,2025-08-18 01:27:34,,NYPD,New York City Police Department,Noise - Street/Sidewalk,Loud Music/Party,Street/Sidewalk,10462.0,968 MORRIS PARK AVENUE,MORRIS PARK AVENUE,BOGART AVENUE,RADCLIFF AVENUE,BOGART AVENUE,RADCLIFF AVENUE,ADDRESS,BRONX,MORRIS PARK AVENUE,,In Progress,,,2025-08-18T01:59:44.000,11 BRONX,2040960007.0,BRONX,1023745.0,248130.0,ONLINE,Unspecified,BRONX,,,,,,,,40.84764626460108,-73.8572469621147,"
,  
(40.84764626460108, -73.8572469621147)"
65880827,2025-08-18 01:27:34,,DOT,Department of Transportation,Street Condition,"Rough, Pitted or Cracked Roads",Street,10451.0,EAST  161 STREET,EAST  161 STREET,EAST  161 STREET,RIVER AVENUE,EAST  161 STREET,RIVER AVENUE,INTERSECTION,,,,In Progress,,,,04 BRONX,,BRONX,1004749.0,240880.0,PHONE,Unspecified,BRONX,,,,,,,,40.82781165901165,-73.92592932593037,"
,  
(40.82781165901165, -73.92592932593037)"
65881686,2025-08-18 01:27:33,,NYPD,New York City Police Department,Noise - Residential,Loud Music/Party,Residential Building/House,11236.0,EAST   95 STREET,EAST   95 STREET,AVENUE N,SEAVIEW AVENUE,AVENUE N,SEAVIEW AVENUE,BLOCKFACE,,,,In Progress,,,,Unspecified BROOKLYN,,BROOKLYN,,,PHONE,Unspecified,BROOKLYN,,,,,,,,,,
65878013,2025-08-18 01:27:11,,NYPD,New York City Police Department,Noise - Street/Sidewalk,Loud Music/Party,Street/Sidewalk,10456.0,1210 SHERIDAN AVENUE,SHERIDAN AVENUE,EAST  167 STREET,EAST  168 STREET,EAST  167 STREET,EAST  168 STREET,ADDRESS,BRONX,SHERIDAN AVENUE,,In Progress,,,2025-08-18T02:05:00.000,04 BRONX,2024530001.0,BRONX,1007351.0,243231.0,MOBILE,Unspecified,BRONX,,,,,,,,40.83425805420328,-73.91651922101973,"
,  
(40.83425805420328, -73.91651922101973)"
65880812,2025-08-18 01:26:58,,NYPD,New York City Police Department,Noise - Vehicle,Car/Truck Music,Street/Sidewalk,11419.0,131-01 LIBERTY AVENUE,LIBERTY AVENUE,131 STREET,132 STREET,131 STREET,132 STREET,ADDRESS,SOUTH RICHMOND HILL,LIBERTY AVENUE,,In Progress,,,,10 QUEENS,4095680049.0,QUEENS,1035636.0,190763.0,PHONE,Unspecified,QUEENS,Car,,,,,,,40.690127967411485,-73.81470615669024,"
,  
(40.690127967411485, -73.81470615669024)"
65875319,2025-08-18 01:26:56,,DSNY,Department of Sanitation,Sanitation Worker or Vehicle Complaint,Noise,Street,11224.0,2858 WEST   30 STREET,WEST   30 STREET,NEPTUNE AVENUE,MERMAID AVENUE,NEPTUNE AVENUE,MERMAID AVENUE,ADDRESS,BROOKLYN,WEST   30 STREET,,In Progress,,,,13 BROOKLYN,3070090039.0,BROOKLYN,985185.0,149244.0,PHONE,Unspecified,BROOKLYN,,,,,,,,40.57631625882126,-73.99663421162471,"
,  
(40.57631625882126, -73.99663421162471)"
65876989,2025-08-18 01:26:53,,NYPD,New York City Police Department,Illegal Parking,Commercial Overnight Parking,Street/Sidewalk,11207.0,BARBEY STREET,BARBEY STREET,COZINE AVENUE,FLATLANDS AVENUE,COZINE AVENUE,FLATLANDS AVENUE,BLOCKFACE,,,,In Progress,,,,Unspecified BROOKLYN,,BROOKLYN,,,PHONE,Unspecified,BROOKLYN,,,,,,,,,,
65881705,2025-08-18 01:26:33,,NYPD,New York City Police Department,Noise - Vehicle,Car/Truck Music,Street/Sidewalk,10034.0,136 SHERMAN AVENUE,SHERMAN AVENUE,DYCKMAN STREET,ACADEMY STREET,DYCKMAN STREET,ACADEMY STREET,ADDRESS,NEW YORK,SHERMAN AVENUE,,In Progress,,,2025-08-18T02:06:59.000,12 MANHATTAN,1022240029.0,MANHATTAN,1005207.0,254153.0,MOBILE,Unspecified,MANHATTAN,Car,,,,,,,40.86424105288289,-73.92423291550989,"
,  
(40.86424105288289, -73.92423291550989)"
65878880,2025-08-18 01:26:24,,NYPD,New York City Police Department,Illegal Parking,Blocked Hydrant,Street/Sidewalk,11374.0,65-70 BOOTH STREET,BOOTH STREET,65 ROAD,66 AVENUE,65 ROAD,66 AVENUE,ADDRESS,REGO PARK,BOOTH STREET,,In Progress,,,,06 QUEENS,4030990025.0,QUEENS,1023655.0,204053.0,MOBILE,Unspecified,QUEENS,,,,,,,,40.72666727565442,-73.8578308279301,"
,  
(40.72666727565442, -73.8578308279301)"
65877047,2025-08-18 01:26:16,,NYPD,New York City Police Department,Noise - Street/Sidewalk,Loud Music/Party,Street/Sidewalk,10466.0,3951 CARPENTER AVENUE,CARPENTER AVENUE,EAST  224 STREET,EAST  225 STREET,EAST  224 STREET,EAST  225 STREET,ADDRESS,BRONX,CARPENTER AVENUE,,In Progress,,,2025-08-18T02:21:55.000,12 BRONX,2048200020.0,BRONX,1021949.0,262891.0,PHONE,Unspecified,BRONX,,,,,,,,40.88816851483312,-73.86365547525914,"
,  
(40.88816851483312, -73.86365547525914)"
65875383,2025-08-18 01:25:23,,NYPD,New York City Police Department,Illegal Parking,Blocked Crosswalk,Street/Sidewalk,11367.0,140-17 JEWEL AVENUE,JEWEL AVENUE,141 STREET,MAIN STREET,141 STREET,MAIN STREET,ADDRESS,FLUSHING,JEWEL AVENUE,,In Progress,,,,08 QUEENS,4064980064.0,QUEENS,1032825.0,205159.0,MOBILE,Unspecified,QUEENS,,,,,,,,40.72965736711598,-73.82473851082918,"
,  
(40.72965736711598, -73.82473851082918)"
65881226,2025-08-18 01:25:03,2025-08-18 01:29:36,NYPD,New York City Police Department,Blocked Driveway,No Access,Street/Sidewalk,10467.0,3307 ROCHAMBEAU AVENUE,ROCHAMBEAU AVENUE,EAST  208 STREET,EAST  210 STREET,EAST  208 STREET,EAST  210 STREET,ADDRESS,BRONX,ROCHAMBEAU AVENUE,,Closed,,The Police Department responded to the complaint and determined that police action was not necessary.,2025-08-18T01:29:39.000,07 BRONX,2033370056.0,BRONX,1017318.0,259309.0,ONLINE,Unspecified,BRONX,,,,,,,,40.87835562124056,-73.88042189731708,"
,  
(40.87835562124056, -73.88042189731708)"
65877051,2025-08-18 01:24:19,,NYPD,New York City Police Department,Noise - Street/Sidewalk,Loud Talking,Street/Sidewalk,11224.0,2824 WEST   29 STREET,WEST   29 STREET,NEPTUNE AVENUE,MERMAID AVENUE,NEPTUNE AVENUE,MERMAID AVENUE,ADDRESS,BROOKLYN,WEST   29 STREET,,In Progress,,,2025-08-18T01:56:58.000,13 BROOKLYN,3070100018.0,BROOKLYN,985452.0,149483.0,MOBILE,Unspecified,BROOKLYN,,,,,,,,40.57697223466004,-73.99567302956014,"
,  
(40.57697223466004, -73.99567302956014)"
65881331,2025-08-18 01:23:04,2025-08-18 01:41:38,NYPD,New York City Police Department,Noise - Residential,Banging/Pounding,Residential Building/House,11223.0,2331 WEST   11 STREET,WEST   11 STREET,AVENUE W,AVENUE X,AVENUE W,AVENUE X,ADDRESS,BROOKLYN,WEST   11 STREET,,Closed,,The Police Department responded to the complaint and with the information available observed no evidence of the violation at that time.,2025-08-18T01:41:44.000,13 BROOKLYN,3071400016.0,BROOKLYN,989467.0,154591.0,ONLINE,Unspecified,BROOKLYN,,,,,,,,40.59099122722395,-73.98121585358236,"
,  
(40.59099122722395, -73.98121585358236)"
65876091,2025-08-18 01:22:52,,NYPD,New York City Police Department,Noise - Residential,Loud Music/Party,Residential Building/House,11419.0,104-24 126 STREET,126 STREET,LIBERTY AVENUE,107 AVENUE,LIBERTY AVENUE,107 AVENUE,ADDRESS,SOUTH RICHMOND HILL,126 STREET,,In Progress,,,,10 QUEENS,4095790018.0,QUEENS,1034617.0,189995.0,MOBILE,Unspecified,QUEENS,,,,,,,,40.68802584612906,-73.81838632091777,"
,  
(40.68802584612906, -73.81838632091777)"
65877952,2025-08-18 01:22:36,,NYPD,New York City Police Department,Illegal Parking,Blocked Hydrant,Street/Sidewalk,11214.0,2061 81 STREET,81 STREET,20 AVENUE,21 AVENUE,20 AVENUE,21 AVENUE,ADDRESS,BROOKLYN,81 STREET,,In Progress,,,,11 BROOKLYN,3062870053.0,BROOKLYN,985909.0,160307.0,PHONE,Unspecified,BROOKLYN,,,,,,,,40.60668187079829,-73.99402525920453,"
,  
(40.60668187079829, -73.99402525920453)"
65878821,2025-08-18 01:22:25,,NYPD,New York City Police Department,Blocked Driveway,No Access,Street/Sidewalk,11419.0,107-37 127 STREET,127 STREET,107 AVENUE,109 AVENUE,107 AVENUE,109 AVENUE,ADDRESS,SOUTH RICHMOND HILL,127 STREET,,In Progress,,,,10 QUEENS,4096070066.0,QUEENS,1035150.0,189205.0,MOBILE,Unspecified,QUEENS,,,,,,,,40.685854432732405,-73.81647039962183,"
,  
(40.685854432732405, -73.81647039962183)"
65877041,2025-08-18 01:22:14,,NYPD,New York City Police Department,Noise - Street/Sidewalk,Loud Music/Party,Street/Sidewalk,10031.0,572 WEST  141 STREET,WEST  141 STREET,HAMILTON PLACE,BROADWAY,HAMILTON PLACE,BROADWAY,ADDRESS,NEW YORK,WEST  141 STREET,,In Progress,,,,09 MANHATTAN,1020720059.0,MANHATTAN,997691.0,239307.0,ONLINE,Unspecified,MANHATTAN,,,,,,,,40.82350778296357,-73.95143570564339,"
,  
(40.82350778296357, -73.95143570564339)"
65878169,2025-08-18 01:21:42,,DCWP,Department of Consumer and Worker Protection,Consumer Complaint,Garage or Parking Lot,Business,10023.0,201 WEST   75 STREET,WEST   75 STREET,AMSTERDAM AVENUE,BROADWAY,AMSTERDAM AVENUE,BROADWAY,ADDRESS,NEW YORK,WEST   75 STREET,,In Progress,,,,07 MANHATTAN,1011670029.0,MANHATTAN,989691.0,223682.0,PHONE,Unspecified,MANHATTAN,,,,,,,,40.78062999132912,-73.9803535332688,"
,  
(40.78062999132912, -73.9803535332688)"
65880800,2025-08-18 01:20:46,,NYPD,New York City Police Department,Noise - Street/Sidewalk,Loud Music/Party,Street/Sidewalk,11238.0,129 PUTNAM AVENUE,PUTNAM AVENUE,CLAVER PLACE,FRANKLIN AVENUE,CLAVER PLACE,FRANKLIN AVENUE,ADDRESS,BROOKLYN,PUTNAM AVENUE,,In Progress,,,2025-08-18T02:09:15.000,03 BROOKLYN,3019890050.0,BROOKLYN,996226.0,188209.0,ONLINE,Unspecified,BROOKLYN,,,,,,,,40.68325889416125,-73.95681997200047,"
,  
(40.68325889416125, -73.95681997200047)"
65876701,2025-08-18 01:20:22,2025-08-18 01:35:59,NYPD,New York City Police Department,Noise - Residential,Loud Music/Party,Residential Building/House,11203.0,1158 TROY AVENUE,TROY AVENUE,CORTELYOU ROAD,CLARENDON ROAD,CORTELYOU ROAD,CLARENDON ROAD,ADDRESS,BROOKLYN,TROY AVENUE,,Closed,,The Police Department responded to the complaint and took action to fix the condition.,2025-08-18T01:36:04.000,17 BROOKLYN,3049430012.0,BROOKLYN,1002167.0,174079.0,ONLINE,Unspecified,BROOKLYN,,,,,,,,40.644465153109735,-73.93543697489444,"
,  
(40.644465153109735, -73.93543697489444)"
65876089,2025-08-18 01:20:13,,NYPD,New York City Police Department,Noise - Residential,Loud Music/Party,Residential Building/House,11419.0,104-22 124 STREET,124 STREET,LIBERTY AVENUE,107 AVENUE,LIBERTY AVENUE,107 AVENUE,ADDRESS,SOUTH RICHMOND HILL,124 STREET,,In Progress,,,,10 QUEENS,4095770014.0,QUEENS,1034171.0,189778.0,MOBILE,Unspecified,QUEENS,,,,,,,,40.687432758974005,-73.81999611415188,"
,  
(40.687432758974005, -73.81999611415188)"
65875183,2025-08-18 01:20:01,,NYPD,New York City Police Department,Noise - Residential,Loud Music/Party,Residential Building/House,10031.0,668 RIVERSIDE DRIVE,RIVERSIDE DRIVE,WEST  143 STREET,WEST  144 STREET,WEST  143 STREET,WEST  144 STREET,ADDRESS,NEW YORK,RIVERSIDE DRIVE,,In Progress,,,,09 MANHATTAN,1020907502.0,MANHATTAN,997379.0,240353.0,PHONE,Unspecified,MANHATTAN,,,,,,,,40.82637922454707,-73.95256096020859,"
,  
(40.82637922454707, -73.95256096020859)"
65879006,2025-08-18 01:19:35,2025-08-18 02:19:55,DHS,Department of Homeless Services,Homeless Person Assistance,Chronic,Residential Building/House,10014.0,10 GAY STREET,GAY STREET,WAVERLY PLACE,CHRISTOPHER STREET,WAVERLY PLACE,CHRISTOPHER STREET,ADDRESS,NEW YORK,GAY STREET,,Closed,,The person has refused services from the mobile outreach response team.,2025-08-18T02:16:55.000,02 MANHATTAN,1005930029.0,MANHATTAN,984102.0,206506.0,MOBILE,Unspecified,MANHATTAN,,,,,,,,40.73348792810516,-74.00053402314398,"
,  
(40.733487928105156, -74.00053402314398)"
65875380,2025-08-18 01:19:02,,NYPD,New York City Police Department,Illegal Parking,Blocked Crosswalk,Street/Sidewalk,11226.0,2105 REGENT PLACE,REGENT PLACE,EAST   21 STREET,FLATBUSH AVENUE,EAST   21 STREET,FLATBUSH AVENUE,ADDRESS,BROOKLYN,REGENT PLACE,,In Progress,,,,14 BROOKLYN,3051250033.0,BROOKLYN,995647.0,174719.0,MOBILE,Unspecified,BROOKLYN,,,,,,,,40.64623260507715,-73.95893038737889,"
,  
(40.64623260507715, -73.95893038737889)"
65880798,2025-08-18 01:19:02,,NYPD,New York City Police Department,Noise - Street/Sidewalk,Loud Music/Party,Street/Sidewalk,10468.0,2857 SEDGWICK AVENUE,SEDGWICK AVENUE,WEST  229 STREET,RESERVOIR AVENUE,WEST  229 STREET,RESERVOIR AVENUE,ADDRESS,BRONX,SEDGWICK AVENUE,,In Progress,,,2025-08-18T01:59:48.000,08 BRONX,2032530262.0,BRONX,1011448.0,257739.0,ONLINE,Unspecified,BRONX,,,,,,,,40.87406649993626,-73.90165491961852,"
,  
(40.87406649993626, -73.90165491961852)"
65875743,2025-08-18 01:19:02,2025-08-18 01:41:10,NYPD,New York City Police Department,Noise - Residential,Banging/Pounding,Residential Building/House,11223.0,2331 WEST   11 STREET,WEST   11 STREET,AVENUE W,AVENUE X,AVENUE W,AVENUE X,ADDRESS,BROOKLYN,WEST   11 STREET,,Closed,,The Police Department responded to the complaint and with the information available observed no evidence of the violation at that time.,2025-08-18T01:41:14.000,13 BROOKLYN,3071400016.0,BROOKLYN,989467.0,154591.0,ONLINE,Unspecified,BROOKLYN,,,,,,,,40.59099122722395,-73.98121585358236,"
,  
(40.59099122722395, -73.98121585358236)"
65881347,2025-08-18 01:18:58,2025-08-18 01:39:55,NYPD,New York City Police Department,Noise - Residential,Loud Music/Party,Residential Building/House,11413.0,220 STREET,220 STREET,137 AVENUE,137 ROAD,137 AVENUE,137 ROAD,BLOCKFACE,,,,Closed,,The Police Department responded to the complaint and took action to fix the condition.,2025-08-18T01:40:03.000,Unspecified QUEENS,,QUEENS,,,PHONE,Unspecified,QUEENS,,,,,,,,,,
65877791,2025-08-18 01:18:51,2025-08-18 01:30:07,NYPD,New York City Police Department,Noise - Street/Sidewalk,Loud Music/Party,Street/Sidewalk,10453.0,1750 GRAND AVENUE,GRAND AVENUE,WEST  176 STREET,WEST TREMONT AVENUE,WEST  176 STREET,WEST TREMONT AVENUE,ADDRESS,BRONX,GRAND AVENUE,,Closed,,The Police Department responded to the complaint and with the information available observed no evidence of the violation at that time.,2025-08-18T01:30:13.000,05 BRONX,2028670118.0,BRONX,1008201.0,248727.0,ONLINE,Unspecified,BRONX,,,,,,,,40.84934069775287,-73.91342792378171,"
,  
(40.849340697752865, -73.91342792378171)"
65879834,2025-08-18 01:18:06,,NYPD,New York City Police Department,Noise - Residential,Banging/Pounding,Residential Building/House,11367.0,75-04 150 STREET,150 STREET,75 AVENUE,75 ROAD,75 AVENUE,75 ROAD,ADDRESS,FLUSHING,150 STREET,,In Progress,,,,08 QUEENS,4066830017.0,QUEENS,1035230.0,203506.0,ONLINE,Unspecified,QUEENS,,,,,,,,40.72510676055964,-73.81607367542881,"
,  
(40.72510676055964, -73.81607367542881)"
65875907,2025-08-18 01:17:35,2025-08-18 01:39:42,NYPD,New York City Police Department,Noise - Street/Sidewalk,Loud Music/Party,Street/Sidewalk,10033.0,583 WEST  177 STREET,WEST  177 STREET,AUDUBON AVENUE,ST NICHOLAS AVENUE,AUDUBON AVENUE,ST NICHOLAS AVENUE,ADDRESS,NEW YORK,WEST  177 STREET,,Closed,,The Police Department responded to the complaint and took action to fix the condition.,2025-08-18T01:39:48.000,12 MANHATTAN,1021330087.0,MANHATTAN,1002200.0,247696.0,ONLINE,Unspecified,MANHATTAN,,,,,,,,40.84652514649546,-73.93512158644499,"
,  
(40.84652514649546, -73.93512158644499)"
65874772,2025-08-18 01:17:04,2025-08-18 01:28:47,NYPD,New York City Police Department,Noise - Commercial,Loud Music/Party,Club/Bar/Restaurant,11236.0,8821 DITMAS AVENUE,DITMAS AVENUE,EAST   88 STREET,EAST   89 STREET,EAST   88 STREET,EAST   89 STREET,ADDRESS,BROOKLYN,DITMAS AVENUE,,Closed,,The Police Department responded to the complaint and took action to fix the condition.,2025-08-18T01:28:53.000,17 BROOKLYN,3079130001.0,BROOKLYN,1007558.0,175113.0,PHONE,Unspecified,BROOKLYN,,,,,,,,40.64729071173584,-73.91600721037592,"
,  
(40.647290711735835, -73.91600721037592)"
65874808,2025-08-18 01:16:37,2025-08-18 01:46:58,NYPD,New York City Police Department,Noise - Residential,Banging/Pounding,Residential Building/House,11211.0,224 SOUTH    3 STREET,SOUTH    3 STREET,ROEBLING STREET,HAVEMEYER STREET,ROEBLING STREET,HAVEMEYER STREET,ADDRESS,BROOKLYN,SOUTH    3 STREET,,Closed,,The Police Department responded to the complaint and took action to fix the condition.,2025-08-18T01:47:03.000,01 BROOKLYN,3024330015.0,BROOKLYN,995679.0,198365.0,ONLINE,Unspecified,BROOKLYN,,,,,,,,40.71113547081354,-73.958774972642,"
,  
(40.71113547081354, -73.958774972642)"
65878011,2025-08-18 01:16:32,,NYPD,New York City Police Department,Noise - Street/Sidewalk,Loud Music/Party,Street/Sidewalk,10468.0,2471 GRAND AVENUE,GRAND AVENUE,WEST FORDHAM ROAD,WEST  188 STREET,WEST FORDHAM ROAD,WEST  188 STREET,ADDRESS,BRONX,GRAND AVENUE,,In Progress,,,2025-08-18T02:50:01.000,07 BRONX,2032130033.0,BRONX,1011143.0,253882.0,PHONE,Unspecified,BRONX,,,,,,,,40.86348115236597,-73.9027732459544,"
,  
(40.863481152365964, -73.9027732459544)"
65875272,2025-08-18 01:16:27,,DHS,Department of Homeless Services,Encampment,,Park/Playground,10002.0,76 DIVISION STREET,DIVISION STREET,MANHATTAN BRIDGE LINE,MANHATTAN BRIDGE,MANHATTAN BRIDGE LINE,MANHATTAN BRIDGE,ADDRESS,NEW YORK,DIVISION STREET,,In Progress,,,,03 MANHATTAN,,MANHATTAN,985758.0,199491.0,MOBILE,,MANHATTAN,,,,,,,,40.714233325728,-73.99456030900708,"
,  
(40.714233325727996, -73.99456030900708)"
65877115,2025-08-18 01:16:27,2025-08-18 01:36:04,NYPD,New York City Police Department,Encampment,,Park/Playground,10002.0,76 DIVISION STREET,DIVISION STREET,MANHATTAN BRIDGE LINE,MANHATTAN BRIDGE,MANHATTAN BRIDGE LINE,MANHATTAN BRIDGE,ADDRESS,NEW YORK,DIVISION STREET,,Closed,,The Police Department visited the location and has referred the complaint to the Department of Homeless Services (DHS) for further action. DHS will inspect the condition and update your Service Request with more information.,2025-08-18T01:36:09.000,03 MANHATTAN,,MANHATTAN,985758.0,199491.0,MOBILE,,MANHATTAN,,,,,,,,40.714233325728,-73.99456030900708,"
,  
(40.714233325727996, -73.99456030900708)"
65879931,2025-08-18 01:16:12,,DSNY,Department of Sanitation,Dirty Condition,Trash,Sidewalk,11422.0,145-06 243 STREET,243 STREET,145 AVENUE,MAYDA ROAD,145 AVENUE,MAYDA ROAD,ADDRESS,ROSEDALE,243 STREET,,In Progress,,,,13 QUEENS,4135470002.0,QUEENS,1056394.0,179663.0,ONLINE,Unspecified,QUEENS,,,,,,,,40.659516236599366,-73.73997364377419,"
,  
(40.659516236599366, -73.73997364377419)"
65878920,2025-08-18 01:15:03,,NYPD,New York City Police Department,Noise - Residential,Banging/Pounding,Residential Building/House,10467.0,3220 PERRY AVENUE,PERRY AVENUE,EAST  206 STREET,EAST  207 STREET,EAST  206 STREET,EAST  207 STREET,ADDRESS,BRONX,PERRY AVENUE,,In Progress,,,2025-08-18T02:23:39.000,07 BRONX,2033460017.0,BRONX,1018389.0,258232.0,PHONE,Unspecified,BRONX,,,,,,,,40.87539551422304,-73.87655451823754,"
,  
(40.87539551422304, -73.87655451823754)"
65878949,2025-08-18 01:15:00,,NYPD,New York City Police Department,Noise - Vehicle,Car/Truck Horn,Street/Sidewalk,11432.0,88-28 179 STREET,179 STREET,HILLSIDE AVENUE,90 AVENUE,HILLSIDE AVENUE,90 AVENUE,ADDRESS,JAMAICA,179 STREET,,In Progress,,,2025-08-18T02:31:46.000,12 QUEENS,4099130050.0,QUEENS,1044089.0,198687.0,MOBILE,Unspecified,QUEENS,Car,,,,,,,40.711824312336525,-73.78415501700245,"
,  
(40.711824312336525, -73.78415501700245)"
65879727,2025-08-18 01:13:19,,NYPD,New York City Police Department,Blocked Driveway,No Access,Street/Sidewalk,11214.0,2502 BATH AVENUE,BATH AVENUE,25 AVENUE,BAY   40 STREET,25 AVENUE,BAY   40 STREET,ADDRESS,BROOKLYN,BATH AVENUE,,In Progress,,,,11 BROOKLYN,3068940035.0,BROOKLYN,986809.0,155772.0,ONLINE,Unspecified,BROOKLYN,,,,,,,,40.59423400115416,-73.99078570734713,"
,  
(40.59423400115416, -73.99078570734713)"
65879841,2025-08-18 01:13:09,,NYPD,New York City Police Department,Noise - Residential,Loud Music/Party,Residential Building/House,10451.0,865 WALTON AVENUE,WALTON AVENUE,EAST  158 STREET,EAST  161 STREET,EAST  158 STREET,EAST  161 STREET,ADDRESS,BRONX,WALTON AVENUE,,In Progress,,,,04 BRONX,2024740046.0,BRONX,1005189.0,240506.0,ONLINE,Unspecified,BRONX,,,,,,,,40.826784103932,-73.92434060680064,"
,  
(40.826784103932, -73.92434060680064)"
65879723,2025-08-18 01:13:00,,NYPD,New York City Police Department,Abandoned Vehicle,With License Plate,Street/Sidewalk,10304.0,SAUNDERS STREET,SAUNDERS STREET,BRITTON AVENUE,SAUNDERS STREET,BRITTON AVENUE,SAUNDERS STREET,INTERSECTION,,,,In Progress,,,2025-08-18T02:22:46.000,01 STATEN ISLAND,,STATEN ISLAND,960873.0,161764.0,MOBILE,Unspecified,STATEN ISLAND,Car,,,,,,,40.610650355884296,-74.08419520186455,"
,  
(40.610650355884296, -74.08419520186455)"
65877683,2025-08-18 01:12:57,2025-08-18 01:21:29,NYPD,New York City Police Department,Noise - Residential,Loud Music/Party,Residential Building/House,10034.0,358 DYCKMAN STREET,DYCKMAN STREET,BEND,BEND,BEND,BEND,ADDRESS,NEW YORK,DYCKMAN STREET,,Closed,,The Police Department responded to the complaint and took action to fix the condition.,2025-08-18T01:21:33.000,12 MANHATTAN,,MANHATTAN,1003166.0,255821.0,ONLINE,Unspecified,MANHATTAN,,,,,,,,40.868823814045136,-73.9316071523067,"
,  
(40.868823814045136, -73.9316071523067)"
65879139,2025-08-18 01:12:43,,NYPD,New York City Police Department,Illegal Parking,License Plate Obscured,Street/Sidewalk,11416.0,95-23 86 STREET,86 STREET,95 AVENUE,97 AVENUE,95 AVENUE,97 AVENUE,ADDRESS,OZONE PARK,86 STREET,,In Progress,,,,09 QUEENS,4090220034.0,QUEENS,1024476.0,188784.0,ONLINE,Unspecified,QUEENS,,,,,,,,40.68475383249192,-73.85495996411497,"
,  
(40.684753832491914, -73.85495996411497)"
65881645,2025-08-18 01:12:07,,NYPD,New York City Police Department,Illegal Parking,Blocked Hydrant,Street/Sidewalk,11418.0,86-40 110 STREET,110 STREET,86 AVENUE,JAMAICA AVENUE,86 AVENUE,JAMAICA AVENUE,ADDRESS,RICHMOND HILL,110 STREET,,In Progress,,,,09 QUEENS,4092050023.0,QUEENS,1029036.0,193446.0,MOBILE,Unspecified,QUEENS,,,,,,,,40.69752802738503,-73.83848733742566,"
,  
(40.69752802738503, -73.83848733742566)"
65878984,2025-08-18 01:10:43,2025-08-18 02:33:18,DHS,Department of Homeless Services,Homeless Person Assistance,Non-Chronic,Store/Commercial,10013.0,60 LAFAYETTE STREET,LAFAYETTE STREET,LEONARD STREET,FRANKLIN STREET,LEONARD STREET,FRANKLIN STREET,ADDRESS,NEW YORK,LAFAYETTE STREET,,Closed,,The person has refused services from the mobile outreach response team.,2025-08-18T02:33:13.000,01 MANHATTAN,1001710031.0,MANHATTAN,983605.0,200302.0,PHONE,Unspecified,MANHATTAN,,,,,,,,40.71645943176269,-74.0023267359905,"
,  
(40.716459431762694, -74.0023267359905)"
65881482,2025-08-18 01:10:06,2025-08-18 01:27:51,NYPD,New York City Police Department,Noise - Street/Sidewalk,Loud Music/Party,Street/Sidewalk,10032.0,570 WEST  156 STREET,WEST  156 STREET,AMSTERDAM AVENUE,BROADWAY,AMSTERDAM AVENUE,BROADWAY,ADDRESS,NEW YORK,WEST  156 STREET,,Closed,,The Police Department responded to the complaint and took action to fix the condition.,2025-08-18T01:27:54.000,12 MANHATTAN,1021140010.0,MANHATTAN,999524.0,242841.0,ONLINE,Unspecified,MANHATTAN,,,,,,,,40.83320462178908,-73.9448047651251,"
,  
(40.83320462178908, -73.9448047651251)"
65880806,2025-08-18 01:09:57,,NYPD,New York City Police Department,Noise - Street/Sidewalk,Loud Talking,Street/Sidewalk,10031.0,610 WEST  141 STREET,WEST  141 STREET,BROADWAY,RIVERSIDE DRIVE,BROADWAY,RIVERSIDE DRIVE,ADDRESS,NEW YORK,WEST  141 STREET,,In Progress,,,,09 MANHATTAN,1020880038.0,MANHATTAN,997302.0,239524.0,MOBILE,Unspecified,MANHATTAN,,,,,,,,40.82410396969219,-73.95284079702623,"
,  
(40.82410396969219, -73.95284079702623)"
65880563,2025-08-18 01:09:19,2025-08-18 01:40:10,NYPD,New York City Police Department,Noise - Street/Sidewalk,Loud Music/Party,Street/Sidewalk,10033.0,583 WEST  177 STREET,WEST  177 STREET,AUDUBON AVENUE,ST NICHOLAS AVENUE,AUDUBON AVENUE,ST NICHOLAS AVENUE,ADDRESS,NEW YORK,WEST  177 STREET,,Closed,,The Police Department responded to the complaint and took action to fix the condition.,2025-08-18T01:40:18.000,12 MANHATTAN,1021330087.0,MANHATTAN,1002200.0,247696.0,ONLINE,Unspecified,MANHATTAN,,,,,,,,40.84652514649546,-73.93512158644499,"
,  
(40.84652514649546, -73.93512158644499)"
65875150,2025-08-18 01:09:09,,DPR,Department of Parks and Recreation,Maintenance or Facility,Garbage or Litter,Park,,GREAT KILLS PARK,GREAT KILLS PARK,,,,,PLACE,,,,In Progress,,,,Unspecified STATEN ISLAND,5050670001.0,STATEN ISLAND,949171.0,136937.0,MOBILE,Great Kills Park,STATEN ISLAND,,,,,,,,40.542466596248126,-74.12621254085983,"
,  
(40.542466596248126, -74.12621254085983)"
65878237,2025-08-18 01:08:36,,DSNY,Department of Sanitation,Residential Disposal Complaint,Bin Not Used,Sidewalk,11238.0,542 WASHINGTON AVENUE,WASHINGTON AVENUE,FULTON STREET,ATLANTIC AVENUE,FULTON STREET,ATLANTIC AVENUE,ADDRESS,BROOKLYN,WASHINGTON AVENUE,,In Progress,,,,02 BROOKLYN,3020120041.0,BROOKLYN,994043.0,187952.0,ONLINE,Unspecified,BROOKLYN,,,,,,,,40.68255617216926,-73.96469125313507,"
,  
(40.68255617216926, -73.96469125313507)"
65881702,2025-08-18 01:08:33,,NYPD,New York City Police Department,Noise - Street/Sidewalk,Loud Music/Party,Street/Sidewalk,10472.0,1770 EAST  172 STREET,EAST  172 STREET,COMMONWEALTH AVENUE,ST LAWRENCE AVENUE,COMMONWEALTH AVENUE,ST LAWRENCE AVENUE,ADDRESS,BRONX,EAST  172 STREET,,In Progress,,,,09 BRONX,2037850025.0,BRONX,1020812.0,242703.0,PHONE,Unspecified,BRONX,,,,,,,,40.8327633790934,-73.8678777382694,"
,  
(40.8327633790934, -73.8678777382694)"
65878930,2025-08-18 01:08:08,,NYPD,New York City Police Department,Noise - Residential,Loud Music/Party,Residential Building/House,11419.0,129-18 95 AVENUE,95 AVENUE,129 STREET,130 STREET,129 STREET,130 STREET,ADDRESS,SOUTH RICHMOND HILL,95 AVENUE,,In Progress,,,2025-08-18T02:22:00.000,09 QUEENS,,QUEENS,1034403.0,192408.0,PHONE,Unspecified,QUEENS,,,,,,,,40.69465017566233,-73.81913999706657,"
,  
(40.69465017566233, -73.81913999706657)"
65879881,2025-08-18 01:08:06,2025-08-18 02:30:02,DHS,Department of Homeless Services,Homeless Person Assistance,Non-Chronic,Store/Commercial,10451.0,851 GRAND CONCOURSE,GRAND CONCOURSE,EAST 158 STREET,EAST 159 STREET,EAST  158 STREET,EAST  159 STREET,ADDRESS,BRONX,GRAND CONCOURSE,,Closed,,The person has refused services from the mobile outreach response team.,2025-08-18T02:29:40.000,04 BRONX,2024680001.0,BRONX,1005532.0,240238.0,PHONE,Unspecified,BRONX,,,,,,,,40.826047700758245,-73.92310208735978,"
,  
(40.826047700758245, -73.92310208735978)"
65880794,2025-08-18 01:07:47,,NYPD,New York City Police Department,Noise - Street/Sidewalk,Loud Music/Party,Street/Sidewalk,10472.0,1779 EAST  172 STREET,EAST  172 STREET,COMMONWEALTH AVENUE,ST LAWRENCE AVENUE,COMMONWEALTH AVENUE,ST LAWRENCE AVENUE,ADDRESS,BRONX,EAST  172 STREET,,In Progress,,,,09 BRONX,2038750001.0,BRONX,1020883.0,242722.0,ONLINE,Unspecified,BRONX,,,,,,,,40.83281523435277,-73.86762106576876,"
,  
(40.83281523435277, -73.86762106576876)"
65880732,2025-08-18 01:07:00,,NYPD,New York City Police Department,Illegal Parking,Blocked Hydrant,Street/Sidewalk,10466.0,4188 BARNES AVENUE,BARNES AVENUE,EAST  232 STREET,EAST  233 STREET,EAST  232 STREET,EAST  233 STREET,ADDRESS,BRONX,BARNES AVENUE,,In Progress,,,2025-08-18T02:04:25.000,12 BRONX,2048570082.0,BRONX,1024441.0,264366.0,ONLINE,Unspecified,BRONX,,,,,,,,40.89220592066447,-73.85463391801748,"
,  
(40.89220592066447, -73.85463391801748)"
65878918,2025-08-18 01:06:52,,NYPD,New York City Police Department,Noise - Residential,Banging/Pounding,Residential Building/House,10456.0,960 SHERIDAN AVENUE,SHERIDAN AVENUE,EAST  163 STREET,EAST  164 STREET,EAST  163 STREET,EAST  164 STREET,ADDRESS,BRONX,SHERIDAN AVENUE,,In Progress,,,,04 BRONX,2024550006.0,BRONX,1006433.0,241216.0,MOBILE,Unspecified,BRONX,,,,,,,,40.828729813728536,-73.91984328651772,"
,  
(40.828729813728536, -73.91984328651772)"
65878922,2025-08-18 01:05:19,,NYPD,New York City Police Department,Noise - Residential,Loud Music/Party,Residential Building/House,11368.0,108-33 37 AVENUE,37 AVENUE,108 STREET,109 STREET,108 STREET,109 STREET,ADDRESS,CORONA,37 AVENUE,,In Progress,,,,03 QUEENS,4017520027.0,QUEENS,1023151.0,213990.0,ONLINE,Unspecified,QUEENS,,,,,,,,40.75394406642466,-73.85959173872189,"
,  
(40.75394406642466, -73.85959173872189)"
65877023,2025-08-18 01:05:08,,NYPD,New York City Police Department,Noise - Residential,Banging/Pounding,Residential Building/House,10456.0,960 SHERIDAN AVENUE,SHERIDAN AVENUE,EAST  163 STREET,EAST  164 STREET,EAST  163 STREET,EAST  164 STREET,ADDRESS,BRONX,SHERIDAN AVENUE,,In Progress,,,,04 BRONX,2024550006.0,BRONX,1006433.0,241216.0,MOBILE,Unspecified,BRONX,,,,,,,,40.828729813728536,-73.91984328651772,"
,  
(40.828729813728536, -73.91984328651772)"
65877904,2025-08-18 01:04:53,,NYPD,New York City Police Department,Blocked Driveway,No Access,Street/Sidewalk,11434.0,172-32 AMELIA ROAD,AMELIA ROAD,172 STREET,MERRILL STREET,172 STREET,MERRILL STREET,ADDRESS,JAMAICA,AMELIA ROAD,,In Progress,,,,12 QUEENS,4123890307.0,QUEENS,1047332.0,188325.0,PHONE,Unspecified,QUEENS,,,,,,,,40.68336060346723,-73.77255430601618,"
,  
(40.68336060346723, -73.77255430601618)"
65880564,2025-08-18 01:04:47,2025-08-18 01:40:27,NYPD,New York City Police Department,Noise - Street/Sidewalk,Loud Music/Party,Street/Sidewalk,10033.0,583 WEST  177 STREET,WEST  177 STREET,AUDUBON AVENUE,ST NICHOLAS AVENUE,AUDUBON AVENUE,ST NICHOLAS AVENUE,ADDRESS,NEW YORK,WEST  177 STREET,,Closed,,The Police Department responded to the complaint and took action to fix the condition.,2025-08-18T01:40:29.000,12 MANHATTAN,1021330087.0,MANHATTAN,1002200.0,247696.0,ONLINE,Unspecified,MANHATTAN,,,,,,,,40.84652514649546,-73.93512158644499,"
,  
(40.84652514649546, -73.93512158644499)"
65876108,2025-08-18 01:04:13,,NYPD,New York City Police Department,Noise - Street/Sidewalk,Loud Talking,Street/Sidewalk,11374.0,64-45 BOOTH STREET,BOOTH STREET,64 ROAD,65 ROAD,64 ROAD,65 ROAD,ADDRESS,REGO PARK,BOOTH STREET,,In Progress,,,,06 QUEENS,4030850002.0,QUEENS,1022827.0,204455.0,ONLINE,Unspecified,QUEENS,,,,,,,,40.72777431608943,-73.86081585685756,"
,  
(40.72777431608943, -73.86081585685756)"
65880797,2025-08-18 01:03:45,,NYPD,New York City Police Department,Noise - Street/Sidewalk,Loud Music/Party,Street/Sidewalk,10451.0,825 GERARD AVENUE,GERARD AVENUE,EAST  157 STREET,EAST  158 STREET,EAST  157 STREET,EAST  158 STREET,ADDRESS,BRONX,GERARD AVENUE,,In Progress,,,,04 BRONX,2024830015.0,BRONX,1004754.0,240171.0,MOBILE,Unspecified,BRONX,,,,,,,,40.82586564519824,-73.92591342579004,"
,  
(40.825865645198235, -73.92591342579004)"
65877033,2025-08-18 01:03:28,,NYPD,New York City Police Department,Noise - Residential,Loud Music/Party,Residential Building/House,11213.0,MONTGOMERY STREET,MONTGOMERY STREET,MONTGOMERY STREET,SCHENECTADY AVENUE,MONTGOMERY STREET,SCHENECTADY AVENUE,INTERSECTION,,,,In Progress,,,2025-08-18T02:47:06.000,09 BROOKLYN,,BROOKLYN,1002475.0,181377.0,PHONE,Unspecified,BROOKLYN,,,,,,,,40.66449593427242,-73.93430739062177,"
,  
(40.66449593427242, -73.93430739062177)"
65874666,2025-08-18 01:02:38,2025-08-18 01:19:34,NYPD,New York City Police Department,Noise - Residential,Loud Television,Residential Building/House,11205.0,978 KENT AVENUE,KENT AVENUE,WILLOUGHBY AVENUE,DEKALB AVENUE,WILLOUGHBY AVENUE,DEKALB AVENUE,ADDRESS,BROOKLYN,KENT AVENUE,,Closed,,The Police Department responded to the complaint and with the information available observed no evidence of the violation at that time.,2025-08-18T01:19:38.000,03 BROOKLYN,3019250056.0,BROOKLYN,995705.0,191053.0,MOBILE,Unspecified,BROOKLYN,,,,,,,,40.69106571096791,-73.95869362623361,"
,  
(40.691065710967905, -73.95869362623361)"
65878217,2025-08-18 01:02:32,,NYPD,New York City Police Department,Illegal Parking,Blocked Crosswalk,Street/Sidewalk,11235.0,3232 SHORE PARKWAY,SHORE PARKWAY,HOMECREST AVENUE,EAST   13 STREET,HOMECREST AVENUE,EAST   13 STREET,ADDRESS,BROOKLYN,SHORE PARKWAY,,In Progress,,,,15 BROOKLYN,3087650019.0,BROOKLYN,996399.0,152362.0,MOBILE,Unspecified,BROOKLYN,,,,,,,,40.58486627676468,-73.95626074893555,"
,  
(40.58486627676468, -73.95626074893555)"
65875184,2025-08-18 01:02:28,,NYPD,New York City Police Department,Noise - Residential,Loud Talking,Residential Building/House,11374.0,64-45 BOOTH STREET,BOOTH STREET,64 ROAD,65 ROAD,64 ROAD,65 ROAD,ADDRESS,REGO PARK,BOOTH STREET,,In Progress,,,,06 QUEENS,4030850002.0,QUEENS,1022827.0,204455.0,ONLINE,Unspecified,QUEENS,,,,,,,,40.72777431608943,-73.86081585685756,"
,  
(40.72777431608943, -73.86081585685756)"
65877950,2025-08-18 01:02:20,,NYPD,New York City Police Department,Illegal Parking,Blocked Hydrant,Street/Sidewalk,11229.0,2051 EAST   18 STREET,EAST   18 STREET,AVENUE T,AVENUE U,AVENUE T,AVENUE U,ADDRESS,BROOKLYN,EAST   18 STREET,,In Progress,,,,15 BROOKLYN,3073230061.0,BROOKLYN,997093.0,157971.0,ONLINE,Unspecified,BROOKLYN,,,,,,,,40.60026087581808,-73.95375152490155,"
,  
(40.60026087581808, -73.95375152490155)"
65879462,2025-08-18 01:02:01,2025-08-18 01:41:57,NYPD,New York City Police Department,Noise - Park,Loud Talking,Park/Playground,11221.0,125 CENTRAL AVENUE,CENTRAL AVENUE,TROUTMAN STREET,STARR STREET,TROUTMAN STREET,STARR STREET,ADDRESS,BROOKLYN,CENTRAL AVENUE,,Closed,,The Police Department responded to the complaint and took action to fix the condition.,2025-08-18T01:41:59.000,04 BROOKLYN,3031850001.0,BROOKLYN,1004107.0,194289.0,PHONE,Fermi Playground,BROOKLYN,,,,,,,,40.69993291413077,-73.92838674649397,"
,  
(40.69993291413077, -73.92838674649397)"
65876107,2025-08-18 01:01:24,,NYPD,New York City Police Department,Noise - Street/Sidewalk,Loud Music/Party,Street/Sidewalk,10451.0,825 GERARD AVENUE,GERARD AVENUE,EAST  157 STREET,EAST  158 STREET,EAST  157 STREET,EAST  158 STREET,ADDRESS,BRONX,GERARD AVENUE,,In Progress,,,,04 BRONX,2024830015.0,BRONX,1004754.0,240171.0,MOBILE,Unspecified,BRONX,,,,,,,,40.82586564519824,-73.92591342579004,"
,  
(40.825865645198235, -73.92591342579004)"
65876048,2025-08-18 01:00:57,,TLC,Taxi and Limousine Commission,For Hire Vehicle Complaint,Driver Complaint - Passenger,Street,11377.0,35-46 65 STREET,65 STREET,BROADWAY,37 AVENUE,BROADWAY,37 AVENUE,ADDRESS,WOODSIDE,65 STREET,,In Progress,,,,02 QUEENS,4012040001.0,QUEENS,1012612.0,212239.0,ONLINE,Unspecified,QUEENS,,QUEENS,"35-46 65 STREET, QUEENS (WOODSIDE), NY, 11377",,,,,40.74917810329541,-73.89763827638534,"
,  
(40.74917810329541, -73.89763827638534)"
65874905,2025-08-18 01:00:57,2025-08-18 01:20:53,NYPD,New York City Police Department,Noise - Street/Sidewalk,Loud Music/Party,Street/Sidewalk,10453.0,1920 WALTON AVENUE,WALTON AVENUE,EAST  177 STREET,EAST TREMONT AVENUE,EAST  177 STREET,EAST TREMONT AVENUE,ADDRESS,BRONX,WALTON AVENUE,,Closed,,The Police Department responded to the complaint and took action to fix the condition.,2025-08-18T01:20:59.000,05 BRONX,2028280005.0,BRONX,1009434.0,249138.0,MOBILE,Unspecified,BRONX,,,,,,,,40.85046533985372,-73.90896964351693,"
,  
(40.85046533985372, -73.90896964351693)"
65881766,2025-08-18 01:00:55,,DHS,Department of Homeless Services,Homeless Person Assistance,Chronic,Street/Sidewalk,10023.0,150 AMSTERDAM AVENUE,AMSTERDAM AVENUE,WEST 66 STREET,WEST 67 STREET,WEST   66 STREET,WEST   67 STREET,ADDRESS,NEW YORK,AMSTERDAM AVENUE,,Assigned,,The Department of Homeless Services has sent a mobile outreach response team to the location.,2025-08-18T01:43:31.000,07 MANHATTAN,1011587507.0,MANHATTAN,988630.0,221684.0,MOBILE,Unspecified,MANHATTAN,,,,,,,,40.77514659761228,-73.98418591467373,"
,  
(40.77514659761228, -73.98418591467373)"
65878824,2025-08-18 01:00:31,,NYPD,New York City Police Department,Blocked Driveway,No Access,Street/Sidewalk,10466.0,4031 MURDOCK AVENUE,MURDOCK AVENUE,STRANG AVENUE,EDENWALD AVENUE,STRANG AVENUE,EDENWALD AVENUE,ADDRESS,BRONX,MURDOCK AVENUE,,In Progress,,,2025-08-18T02:02:35.000,12 BRONX,2049840078.0,BRONX,1028383.0,264202.0,PHONE,Unspecified,BRONX,,,,,,,,40.89173695799061,-73.84037728242235,"
,  
(40.89173695799061, -73.84037728242235)"
65878010,2025-08-18 01:00:22,,NYPD,New York City Police Department,Noise - Street/Sidewalk,Loud Music/Party,Street/Sidewalk,10468.0,2857 SEDGWICK AVENUE,SEDGWICK AVENUE,WEST  229 STREET,RESERVOIR AVENUE,WEST  229 STREET,RESERVOIR AVENUE,ADDRESS,BRONX,SEDGWICK AVENUE,,In Progress,,,2025-08-18T02:00:30.000,08 BRONX,2032530262.0,BRONX,1011448.0,257739.0,MOBILE,Unspecified,BRONX,,,,,,,,40.87406649993626,-73.90165491961852,"
,  
(40.87406649993626, -73.90165491961852)"
65880789,2025-08-18 01:00:20,,NYPD,New York City Police Department,Noise - Residential,Loud Music/Party,Residential Building/House,11417.0,107 AVENUE,107 AVENUE,106 STREET,107 STREET,106 STREET,107 STREET,BLOCKFACE,,,,In Progress,,,,Unspecified QUEENS,,QUEENS,,,PHONE,Unspecified,QUEENS,,,,,,,,,,
65875065,2025-08-18 01:00:17,,NYPD,New York City Police Department,Blocked Driveway,Partial Access,Street/Sidewalk,10460.0,1728 GARFIELD STREET,GARFIELD STREET,VAN NEST AVENUE,MORRIS PARK AVENUE,VAN NEST AVENUE,MORRIS PARK AVENUE,ADDRESS,BRONX,GARFIELD STREET,,In Progress,,,2025-08-18T02:21:34.000,11 BRONX,2040290044.0,BRONX,1020621.0,246439.0,PHONE,Unspecified,BRONX,,,,,,,,40.84301839215208,-73.86854768474949,"
,  
(40.84301839215208, -73.86854768474949)"
65875891,2025-08-18 01:00:11,2025-08-18 01:04:01,NYPD,New York City Police Department,Noise - Street/Sidewalk,Loud Music/Party,Street/Sidewalk,10465.0,2765 SAMPSON AVENUE,SAMPSON AVENUE,HUNTINGTON AVENUE,BRINSMADE AVENUE,HUNTINGTON AVENUE,BRINSMADE AVENUE,ADDRESS,BRONX,SAMPSON AVENUE,,Closed,,The Police Department responded to the complaint and took action to fix the condition.,2025-08-18T01:04:03.000,10 BRONX,2055820001.0,BRONX,1033335.0,237682.0,ONLINE,Unspecified,BRONX,,,,,,,,40.81892146969603,-73.82266084294987,"
,  
(40.81892146969603, -73.82266084294987)"
65875797,2025-08-18 01:00:10,2025-08-18 01:05:46,NYPD,New York City Police Department,Noise - Residential,Loud Music/Party,Residential Building/House,10472.0,1585 EAST  174 STREET,EAST  174 STREET,EAST  173 STREET,STRATFORD AVENUE,EAST  173 STREET,STRATFORD AVENUE,ADDRESS,BRONX,EAST  174 STREET,,Closed,,The Police Department responded to the complaint and with the information available observed no evidence of the violation at that time.,2025-08-18T01:05:49.000,09 BRONX,2038860002.0,BRONX,1018190.0,243071.0,ONLINE,Unspecified,BRONX,,,,,,,,40.833783897531376,-73.87735085307287,"
,  
(40.833783897531376, -73.87735085307287)"
65879655,2025-08-18 01:00:10,2025-08-18 01:49:21,NYPD,New York City Police Department,Noise - Street/Sidewalk,Loud Talking,Street/Sidewalk,11220.0,745 64 STREET,64 STREET,7 AVENUE,8 AVENUE,7 AVENUE,8 AVENUE,ADDRESS,BROOKLYN,64 STREET,,Closed,,The Police Department responded to the complaint and with the information available observed no evidence of the violation at that time.,2025-08-18T01:49:24.000,10 BROOKLYN,3057940150.0,BROOKLYN,980620.0,170242.0,MOBILE,Unspecified,BROOKLYN,,,,,,,,40.63395078800271,-74.01307846377328,"
,  
(40.63395078800271, -74.01307846377328)"
65875130,2025-08-18 00:59:01,,NYPD,New York City Police Department,Illegal Parking,Blocked Hydrant,Street/Sidewalk,11436.0,116 AVENUE,116 AVENUE,116 AVENUE,148 STREET,116 AVENUE,148 STREET,INTERSECTION,,,,In Progress,,,,12 QUEENS,,QUEENS,1041453.0,187946.0,PHONE,Unspecified,QUEENS,,,,,,,,40.68236028362384,-73.79375450574175,"
,  
(40.682360283623844, -73.79375450574175)"
65877942,2025-08-18 00:58:31,,NYPD,New York City Police Department,Drinking,In Public,Street/Sidewalk,10473.0,552 COMMONWEALTH AVENUE,COMMONWEALTH AVENUE,LACOMBE AVENUE,RANDALL AVENUE,LACOMBE AVENUE,RANDALL AVENUE,ADDRESS,BRONX,COMMONWEALTH AVENUE,,In Progress,,,,09 BRONX,2035200030.0,BRONX,1021756.0,236509.0,PHONE,Unspecified,BRONX,,,,,,,,40.815758669315365,-73.8645010811051,"
,  
(40.815758669315365, -73.8645010811051)"
65881687,2025-08-18 00:58:26,,NYPD,New York City Police Department,Noise - Residential,Loud Music/Party,Residential Building/House,10451.0,825 GERARD AVENUE,GERARD AVENUE,EAST  157 STREET,EAST  158 STREET,EAST  157 STREET,EAST  158 STREET,ADDRESS,BRONX,GERARD AVENUE,,In Progress,,,,04 BRONX,2024830015.0,BRONX,1004754.0,240171.0,MOBILE,Unspecified,BRONX,,,,,,,,40.82586564519824,-73.92591342579004,"
,  
(40.825865645198235, -73.92591342579004)"
65875058,2025-08-18 00:58:15,,NYPD,New York City Police Department,Blocked Driveway,No Access,Street/Sidewalk,10460.0,1722 GARFIELD STREET,GARFIELD STREET,VAN NEST AVENUE,MORRIS PARK AVENUE,VAN NEST AVENUE,MORRIS PARK AVENUE,ADDRESS,BRONX,GARFIELD STREET,,In Progress,,,2025-08-18T02:19:16.000,11 BRONX,2040290042.0,BRONX,1020640.0,246416.0,ONLINE,Unspecified,BRONX,,,,,,,,40.842955185673645,-73.86847913973229,"
,  
(40.842955185673645, -73.86847913973229)"
65876631,2025-08-18 00:58:00,,DOT,Department of Transportation,Street Light Condition,Street Light Out,,10461.0,,,,,POPLAR STREET,WILLIAMSBRIDGE ROAD,INTERSECTION,BRONX,,,Open,,,,11 BRONX,,BRONX,1026551.0,247282.0,UNKNOWN,Unspecified,BRONX,,,,,,,,40.845305760774565,-73.84711016118831,"
,  
(40.845305760774565, -73.84711016118831)"
65875845,2025-08-18 00:57:33,2025-08-18 01:25:48,NYPD,New York City Police Department,Noise - Street/Sidewalk,Loud Music/Party,Street/Sidewalk,11226.0,2106 REGENT PLACE,REGENT PLACE,EAST   21 STREET,FLATBUSH AVENUE,EAST   21 STREET,FLATBUSH AVENUE,ADDRESS,BROOKLYN,REGENT PLACE,,Closed,,The Police Department responded to the complaint and took action to fix the condition.,2025-08-18T01:25:54.000,14 BROOKLYN,3051250046.0,BROOKLYN,995661.0,174719.0,MOBILE,Unspecified,BROOKLYN,,,,,,,,40.646232587049774,-73.95887993774369,"
,  
(40.646232587049774, -73.95887993774369)"
65881523,2025-08-18 00:57:20,2025-08-18 01:20:39,NYPD,New York City Police Department,Noise - Street/Sidewalk,Loud Talking,Street/Sidewalk,10453.0,102 MOUNT HOPE PLACE,MOUNT HOPE PLACE,MORRIS AVENUE,GRAND CONCOURSE,MORRIS AVENUE,GRAND CONCOURSE,ADDRESS,BRONX,MOUNT HOPE PLACE,,Closed,,The Police Department responded to the complaint and took action to fix the condition.,2025-08-18T01:20:48.000,05 BRONX,,BRONX,1009683.0,248529.0,ONLINE,Unspecified,BRONX,,,,,,,,40.84879310212683,-73.90807191623458,"
,  
(40.84879310212683, -73.90807191623458)"
65876825,2025-08-18 00:57:12,2025-08-18 01:40:59,NYPD,New York City Police Department,Noise - Street/Sidewalk,Loud Music/Party,Street/Sidewalk,10033.0,583 WEST  177 STREET,WEST  177 STREET,AUDUBON AVENUE,ST NICHOLAS AVENUE,AUDUBON AVENUE,ST NICHOLAS AVENUE,ADDRESS,NEW YORK,WEST  177 STREET,,Closed,,The Police Department responded to the complaint and took action to fix the condition.,2025-08-18T01:41:05.000,12 MANHATTAN,1021330087.0,MANHATTAN,1002200.0,247696.0,PHONE,Unspecified,MANHATTAN,,,,,,,,40.84652514649546,-73.93512158644499,"
,  
(40.84652514649546, -73.93512158644499)"
65879428,2025-08-18 00:57:00,,DOT,Department of Transportation,Street Light Condition,Street Light Out,,10308.0,,,,,BARLOW AVENUE,FENWAY CIRCLE,INTERSECTION,STATEN ISLAND,,,Open,,,,03 STATEN ISLAND,,STATEN ISLAND,939065.0,142545.0,UNKNOWN,Unspecified,STATEN ISLAND,,,,,,,,40.55781373845012,-74.16261082064054,"
,  
(40.557813738450115, -74.16261082064054)"
65876196,2025-08-18 00:56:36,,DSNY,Department of Sanitation,Dirty Condition,Trash,Sidewalk,11422.0,144-20 243 STREET,243 STREET,144 AVENUE,145 AVENUE,144 AVENUE,145 AVENUE,ADDRESS,ROSEDALE,243 STREET,,In Progress,,,,13 QUEENS,4135490007.0,QUEENS,1056528.0,179895.0,ONLINE,Unspecified,QUEENS,,,,,,,,40.66015192989411,-73.73948818782227,"
,  
(40.66015192989411, -73.73948818782227)"
65880161,2025-08-18 00:56:24,2025-08-18 01:11:45,NYPD,New York City Police Department,Illegal Parking,Blocked Hydrant,Street/Sidewalk,11358.0,45-20 161 STREET,161 STREET,45 AVENUE,46 AVENUE,45 AVENUE,46 AVENUE,ADDRESS,FLUSHING,161 STREET,,Closed,,The Police Department issued a summons in response to the complaint.,2025-08-18T01:11:48.000,07 QUEENS,4054390060.0,QUEENS,1038115.0,214659.0,MOBILE,Unspecified,QUEENS,,,,,,,,40.75570180042257,-73.80557585824155,"
,  
(40.75570180042257, -73.80557585824155)"
65881698,2025-08-18 00:56:04,,NYPD,New York City Police Department,Noise - Street/Sidewalk,Loud Music/Party,Street/Sidewalk,10473.0,552 COMMONWEALTH AVENUE,COMMONWEALTH AVENUE,LACOMBE AVENUE,RANDALL AVENUE,LACOMBE AVENUE,RANDALL AVENUE,ADDRESS,BRONX,COMMONWEALTH AVENUE,,In Progress,,,,09 BRONX,2035200030.0,BRONX,1021756.0,236509.0,PHONE,Unspecified,BRONX,,,,,,,,40.815758669315365,-73.8645010811051,"
,  
(40.815758669315365, -73.8645010811051)"
65877060,2025-08-18 00:56:01,,DOT,Department of Transportation,Sidewalk Condition,Broken Sidewalk,Sidewalk,11102.0,27-09 21 STREET,21 STREET,27 AVENUE,27 ROAD,27 AVENUE,27 ROAD,ADDRESS,ASTORIA,21 STREET,,In Progress,,,,01 QUEENS,4005430015.0,QUEENS,1004712.0,220535.0,MOBILE,Unspecified,QUEENS,,,,,,,,40.77197029620928,-73.92612501899949,"
,  
(40.771970296209275, -73.92612501899949)"
65881771,2025-08-18 00:55:59,,DSNY,Department of Sanitation,Dirty Condition,Trash,Sidewalk,10451.0,840 GERARD AVENUE,GERARD AVENUE,EAST  158 STREET,EAST  161 STREET,EAST  158 STREET,EAST  161 STREET,ADDRESS,BRONX,GERARD AVENUE,,In Progress,,,,04 BRONX,2024740032.0,BRONX,1004905.0,240497.0,MOBILE,Unspecified,BRONX,,,,,,,,40.82676007020834,-73.92536681805034,"
,  
(40.826760070208344, -73.92536681805034)"
65876478,2025-08-18 00:55:42,2025-08-18 01:36:48,NYPD,New York City Police Department,Illegal Parking,Commercial Overnight Parking,Street/Sidewalk,11101.0,52-15 35 STREET,35 STREET,BRADLEY AVENUE,STARR AVENUE,BRADLEY AVENUE,STARR AVENUE,ADDRESS,LONG ISLAND CITY,35 STREET,,Closed,,The Police Department issued a summons in response to the complaint.,2025-08-18T01:36:53.000,02 QUEENS,4003040006.0,QUEENS,1002107.0,207447.0,MOBILE,Unspecified,QUEENS,,,,,,,,40.7360527158086,-73.93556473509646,"
,  
(40.7360527158086, -73.93556473509646)"
65880579,2025-08-18 00:55:31,2025-08-18 01:38:21,NYPD,New York City Police Department,Noise - Street/Sidewalk,Loud Talking,Street/Sidewalk,11221.0,847 MADISON STREET,MADISON STREET,RALPH AVENUE,HOWARD AVENUE,RALPH AVENUE,HOWARD AVENUE,ADDRESS,BROOKLYN,MADISON STREET,,Closed,,The Police Department responded to the complaint and with the information available observed no evidence of the violation at that time.,2025-08-18T01:38:24.000,03 BROOKLYN,3014810053.0,BROOKLYN,1005818.0,189938.0,ONLINE,Unspecified,BROOKLYN,,,,,,,,40.68798642660621,-73.92223004699248,"
,  
(40.68798642660621, -73.92223004699248)"
65878969,2025-08-18 00:55:16,,NYPD,New York City Police Department,Illegal Parking,Parking Permit Improper Use,Street/Sidewalk,10451.0,825 GERARD AVENUE,GERARD AVENUE,EAST  157 STREET,EAST  158 STREET,EAST  157 STREET,EAST  158 STREET,ADDRESS,BRONX,GERARD AVENUE,,In Progress,,,,04 BRONX,2024830015.0,BRONX,1004754.0,240171.0,MOBILE,Unspecified,BRONX,,,,,,,,40.82586564519824,-73.92591342579004,"
,  
(40.825865645198235, -73.92591342579004)"
65875193,2025-08-18 00:55:01,,NYPD,New York City Police Department,Noise - Street/Sidewalk,Loud Music/Party,Street/Sidewalk,10032.0,647 WEST  172 STREET,WEST  172 STREET,BROADWAY,FORT WASHINGTON AVENUE,BROADWAY,FORT WASHINGTON AVENUE,ADDRESS,NEW YORK,WEST  172 STREET,,In Progress,,,,12 MANHATTAN,1021420095.0,MANHATTAN,1000929.0,246864.0,ONLINE,Unspecified,MANHATTAN,,,,,,,,40.84424404365834,-73.93971755210634,"
,  
(40.84424404365834, -73.93971755210634)"
65880326,2025-08-18 00:55:00,,DOT,Department of Transportation,Street Light Condition,Street Light Out,,11234.0,2409 MILL AVENUE,MILL AVENUE,60 PL E,MAYFAIR DR N,,,ADDRESS,BROOKLYN,,,Open,,,,18 BROOKLYN,3086540014.0,BROOKLYN,1009122.0,162071.0,UNKNOWN,Unspecified,BROOKLYN,,,,,,,,40.61148893709301,-73.91041924075513,"
,  
(40.611488937093014, -73.91041924075513)"
65880959,2025-08-18 00:54:53,,DCWP,Department of Consumer and Worker Protection,Consumer Complaint,Garage or Parking Lot,Business,10024.0,WEST   79 STREET,WEST   79 STREET,BROADWAY,WEST END AVENUE,BROADWAY,WEST END AVENUE,BLOCKFACE,,,,In Progress,,,,Unspecified MANHATTAN,,MANHATTAN,,,PHONE,Unspecified,MANHATTAN,,,,,,,,,,
65877998,2025-08-18 00:54:46,,NYPD,New York City Police Department,Noise - Residential,Loud Music/Party,Residential Building/House,11377.0,52-22 ROOSEVELT AVENUE,ROOSEVELT AVENUE,43 AVENUE,53 STREET,43 AVENUE,53 STREET,ADDRESS,WOODSIDE,ROOSEVELT AVENUE,,In Progress,,,2025-08-18T02:43:50.000,02 QUEENS,4013217501.0,QUEENS,1008586.0,210440.0,ONLINE,Unspecified,QUEENS,,,,,,,,40.74425229878112,-73.91217507307053,"
,  
(40.74425229878112, -73.91217507307053)"
65880783,2025-08-18 00:54:42,,NYPD,New York City Police Department,Noise - Residential,Loud Music/Party,Residential Building/House,10451.0,825 GERARD AVENUE,GERARD AVENUE,EAST  157 STREET,EAST  158 STREET,EAST  157 STREET,EAST  158 STREET,ADDRESS,BRONX,GERARD AVENUE,,In Progress,,,,04 BRONX,2024830015.0,BRONX,1004754.0,240171.0,MOBILE,Unspecified,BRONX,,,,,,,,40.82586564519824,-73.92591342579004,"
,  
(40.825865645198235, -73.92591342579004)"
65880747,2025-08-18 00:54:28,,NYPD,New York City Police Department,Illegal Parking,Posted Parking Sign Violation,Street/Sidewalk,11378.0,62-36 59 DRIVE,59 DRIVE,63 STREET,64 STREET,63 STREET,64 STREET,ADDRESS,MASPETH,59 DRIVE,,In Progress,,,,05 QUEENS,4027567501.0,QUEENS,1011694.0,200883.0,MOBILE,Unspecified,QUEENS,,,,,,,,40.71801159357521,-73.90099776249659,"
,  
(40.71801159357521, -73.90099776249659)"
65878008,2025-08-18 00:54:21,,NYPD,New York City Police Department,Noise - Street/Sidewalk,Loud Music/Party,Street/Sidewalk,10468.0,2471 GRAND AVENUE,GRAND AVENUE,WEST FORDHAM ROAD,WEST  188 STREET,WEST FORDHAM ROAD,WEST  188 STREET,ADDRESS,BRONX,GRAND AVENUE,,In Progress,,,2025-08-18T02:49:46.000,07 BRONX,2032130033.0,BRONX,1011143.0,253882.0,PHONE,Unspecified,BRONX,,,,,,,,40.86348115236597,-73.9027732459544,"
,  
(40.863481152365964, -73.9027732459544)"
65881649,2025-08-18 00:54:07,,NYPD,New York City Police Department,Illegal Parking,Blocked Hydrant,Street/Sidewalk,11208.0,150 GLEN STREET,GLEN STREET,CRESCENT STREET,AUTUMN AVENUE,CRESCENT STREET,AUTUMN AVENUE,ADDRESS,BROOKLYN,GLEN STREET,,In Progress,,,,05 BROOKLYN,,BROOKLYN,1020219.0,187423.0,ONLINE,Unspecified,BROOKLYN,,,,,,,,40.681036524598575,-73.87031636837371,"
,  
(40.681036524598575, -73.87031636837371)"
65878943,2025-08-18 00:53:59,,NYPD,New York City Police Department,Noise - Street/Sidewalk,Loud Music/Party,Street/Sidewalk,10451.0,825 GERARD AVENUE,GERARD AVENUE,EAST  157 STREET,EAST  158 STREET,EAST  157 STREET,EAST  158 STREET,ADDRESS,BRONX,GERARD AVENUE,,In Progress,,,,04 BRONX,2024830015.0,BRONX,1004754.0,240171.0,MOBILE,Unspecified,BRONX,,,,,,,,40.82586564519824,-73.92591342579004,"
,  
(40.825865645198235, -73.92591342579004)"
65877641,2025-08-18 00:53:47,2025-08-18 01:16:34,NYPD,New York City Police Department,Noise - Residential,Banging/Pounding,Residential Building/House,10454.0,530 EAST  137 STREET,EAST  137 STREET,BROOK AVENUE,ST ANNS AVENUE,BROOK AVENUE,ST ANNS AVENUE,ADDRESS,BRONX,EAST  137 STREET,,Closed,,The Police Department responded to the complaint and took action to fix the condition.,2025-08-18T01:16:38.000,01 BRONX,2022630019.0,BRONX,1006829.0,233052.0,MOBILE,Unspecified,BRONX,,,,,,,,40.80632093269988,-73.91843983606847,"
,  
(40.806320932699876, -73.91843983606847)"
65878002,2025-08-18 00:53:40,,NYPD,New York City Police Department,Noise - Residential,Loud Music/Party,Residential Building/House,10451.0,825 GERARD AVENUE,GERARD AVENUE,EAST  157 STREET,EAST  158 STREET,EAST  157 STREET,EAST  158 STREET,ADDRESS,BRONX,GERARD AVENUE,,In Progress,,,,04 BRONX,2024830015.0,BRONX,1004754.0,240171.0,MOBILE,Unspecified,BRONX,,,,,,,,40.82586564519824,-73.92591342579004,"
,  
(40.825865645198235, -73.92591342579004)"
65875222,2025-08-18 00:53:03,,NYPD,New York City Police Department,Illegal Parking,Parking Permit Improper Use,Street/Sidewalk,11208.0,145 GLEN STREET,GLEN STREET,CRESCENT STREET,AUTUMN AVENUE,CRESCENT STREET,AUTUMN AVENUE,ADDRESS,BROOKLYN,GLEN STREET,,In Progress,,,,05 BROOKLYN,3041670045.0,BROOKLYN,1020191.0,187424.0,ONLINE,Unspecified,BROOKLYN,,,,,,,,40.68103938310234,-73.87041731487056,"
,  
(40.68103938310234, -73.87041731487056)"
65880864,2025-08-18 00:52:21,,TLC,Taxi and Limousine Commission,Taxi Complaint,Driver Complaint - Passenger,Highway,11430.0,JOHN F KENNEDY AIRPORT,JOHN F KENNEDY AIRPORT,BEND,AIRTRAIN-HOWARD BCH/JAMAICA LINE,BEND,AIRTRAIN-HOWARD BCH/JAMAICA LINE,PLACE,JAMAICA,JOHN F KENNEDY AIRPORT,,In Progress,,,,83 QUEENS,4142600001.0,QUEENS,1043001.0,175548.0,ONLINE,Unspecified,QUEENS,,,"JOHN F KENNEDY AIRPORT, QUEENS (JAMAICA) ,NY, 11430",Belt Pkwy,West/Staten Island Bound,Roadway,Ocean Pkwy Coney Is Shell Rd (Exits 7B - A) - Ocean Pkwy (Exit 7),40.64832048620134,-73.78828125130184,"
,  
(40.64832048620134, -73.78828125130184)"
65879431,2025-08-18 00:52:00,,DOT,Department of Transportation,Street Light Condition,Street Light Out,,10461.0,,,,,BLONDELL AVENUE,EASTCHESTER ROAD,INTERSECTION,BRONX,,,Open,,,,11 BRONX,,BRONX,1027160.0,247327.0,UNKNOWN,Unspecified,BRONX,,,,,,,,40.84542633392978,-73.84490874987964,"
,  
(40.84542633392978, -73.84490874987964)"
65879413,2025-08-18 00:52:00,,DOT,Department of Transportation,Street Light Condition,Street Light Out,,10460.0,777 CROTONA PARK NORTH,CROTONA PARK NORTH,MARMION AVE,PROSPECT AVE,,,ADDRESS,BRONX,,,Open,,,,06 BRONX,2029520020.0,BRONX,1014250.0,245590.0,UNKNOWN,Unspecified,BRONX,,,,,,,,40.84071207964649,-73.89157756815924,"
,  
(40.84071207964649, -73.89157756815924)"
65877049,2025-08-18 00:51:40,,NYPD,New York City Police Department,Noise - Street/Sidewalk,Loud Music/Party,Street/Sidewalk,10463.0,30 MARBLE HILL AVENUE,MARBLE HILL AVENUE,WEST  225 STREET,MARBLE HILL LANE,WEST  225 STREET,MARBLE HILL LANE,ADDRESS,BRONX,MARBLE HILL AVENUE,,In Progress,,,,08 BRONX,1022150538.0,BRONX,1009066.0,258180.0,ONLINE,Unspecified,BRONX,,,,,,,,40.87528392712061,-73.91026633890644,"
,  
(40.87528392712061, -73.91026633890644)"
65880449,2025-08-18 00:51:22,2025-08-18 01:09:35,NYPD,New York City Police Department,Noise - Residential,Loud Music/Party,Residential Building/House,11205.0,33 LITTLE NASSAU STREET,LITTLE NASSAU STREET,KENT AVENUE,DEAD END,KENT AVENUE,DEAD END,ADDRESS,BROOKLYN,LITTLE NASSAU STREET,,Closed,,The Police Department responded to the complaint but officers were unable to gain entry into the premises.,2025-08-18T01:09:38.000,03 BROOKLYN,3018840040.0,BROOKLYN,995472.0,193548.0,ONLINE,Unspecified,BROOKLYN,,,,,,,,40.69791420553506,-73.95952966025979,"
,  
(40.69791420553506, -73.95952966025979)"
65876761,2025-08-18 00:50:46,2025-08-18 01:15:37,NYPD,New York City Police Department,Noise - Street/Sidewalk,Loud Music/Party,Street/Sidewalk,10474.0,875 LONGFELLOW AVENUE,LONGFELLOW AVENUE,SENECA AVENUE,GARRISON AVENUE,SENECA AVENUE,GARRISON AVENUE,ADDRESS,BRONX,LONGFELLOW AVENUE,,Closed,,The Police Department responded to the complaint and with the information available observed no evidence of the violation at that time.,2025-08-18T01:15:43.000,02 BRONX,2027610139.0,BRONX,1015832.0,237869.0,ONLINE,Unspecified,BRONX,,,,,,,,40.81951464905844,-73.88589644618354,"
,  
(40.81951464905844, -73.88589644618354)"
65881149,2025-08-18 00:50:37,2025-08-18 01:11:25,NYPD,New York City Police Department,Illegal Parking,Commercial Overnight Parking,Street/Sidewalk,11221.0,223 LINDEN STREET,LINDEN STREET,WILSON AVENUE,KNICKERBOCKER AVENUE,WILSON AVENUE,KNICKERBOCKER AVENUE,ADDRESS,BROOKLYN,LINDEN STREET,,Closed,,The Police Department responded to the complaint and determined that police action was not necessary.,2025-08-18T01:11:28.000,04 BROOKLYN,3033250060.0,BROOKLYN,1007350.0,192923.0,PHONE,Unspecified,BROOKLYN,,,,,,,,40.69617569280231,-73.91669572461886,"
,  
(40.69617569280231, -73.91669572461886)"
65876848,2025-08-18 00:50:14,2025-08-18 01:04:13,NYPD,New York City Police Department,Noise - Vehicle,Car/Truck Music,Street/Sidewalk,11378.0,43-06 54 ROAD,54 ROAD,43 STREET,44 STREET,43 STREET,44 STREET,ADDRESS,MASPETH,54 ROAD,,Closed,,The Police Department responded to the complaint and with the information available observed no evidence of the violation at that time.,2025-08-18T01:04:22.000,02 QUEENS,4025230004.0,QUEENS,1005155.0,205795.0,MOBILE,Unspecified,QUEENS,Car,,,,,,,40.73151170483388,-73.9245714586436,"
,  
(40.73151170483388, -73.9245714586436)"
65880482,2025-08-18 00:50:10,2025-08-18 01:15:09,NYPD,New York City Police Department,Noise - Residential,Loud Talking,Residential Building/House,11358.0,32-13 UTOPIA PARKWAY,UTOPIA PARKWAY,32 AVENUE,33 AVENUE,32 AVENUE,33 AVENUE,ADDRESS,FLUSHING,UTOPIA PARKWAY,,Closed,,The Police Department responded to the complaint and with the information available observed no evidence of the violation at that time.,2025-08-18T01:15:14.000,11 QUEENS,4049400046.0,QUEENS,1041727.0,219291.0,ONLINE,Unspecified,QUEENS,,,,,,,,40.76839267159912,-73.7924988929288,"
,  
(40.768392671599116, -73.7924988929288)"
65879753,2025-08-18 00:50:04,,DPR,Department of Parks and Recreation,Overgrown Tree/Branches,Hitting Building,Street,11230.0,42 WEBSTER AVENUE,WEBSTER AVENUE,47 STREET,MCDONALD AVENUE,47 STREET,MCDONALD AVENUE,ADDRESS,BROOKLYN,WEBSTER AVENUE,,In Progress,,,,12 BROOKLYN,,BROOKLYN,990400.0,168606.0,ONLINE,Unspecified,BROOKLYN,,,,,,,,40.62945892310639,-73.97784376329497,"
,  
(40.62945892310639, -73.97784376329497)"
65878925,2025-08-18 00:49:53,,NYPD,New York City Police Department,Noise - Residential,Loud Music/Party,Residential Building/House,11234.0,1727 EAST   55 STREET,EAST   55 STREET,FILLMORE AVENUE,AVENUE S,FILLMORE AVENUE,AVENUE S,ADDRESS,BROOKLYN,EAST   55 STREET,,In Progress,,,2025-08-18T02:25:41.000,18 BROOKLYN,3085160013.0,BROOKLYN,1006033.0,163122.0,PHONE,Unspecified,BROOKLYN,,,,,,,,40.61438184647571,-73.92154140542485,"
,  
(40.61438184647571, -73.92154140542485)"
65875911,2025-08-18 00:49:08,2025-08-18 01:25:43,NYPD,New York City Police Department,Noise - Street/Sidewalk,Loud Music/Party,Street/Sidewalk,11226.0,2106 REGENT PLACE,REGENT PLACE,EAST   21 STREET,FLATBUSH AVENUE,EAST   21 STREET,FLATBUSH AVENUE,ADDRESS,BROOKLYN,REGENT PLACE,,Closed,,The Police Department responded to the complaint and took action to fix the condition.,2025-08-18T01:25:48.000,14 BROOKLYN,3051250046.0,BROOKLYN,995661.0,174719.0,MOBILE,Unspecified,BROOKLYN,,,,,,,,40.646232587049774,-73.95887993774369,"
,  
(40.646232587049774, -73.95887993774369)"
65881688,2025-08-18 00:48:58,,NYPD,New York City Police Department,Noise - Residential,Loud Music/Party,Residential Building/House,10468.0,2300 SEDGWICK AVENUE,SEDGWICK AVENUE,WEST  183 STREET,WEST FORDHAM ROAD,WEST  183 STREET,WEST FORDHAM ROAD,ADDRESS,BRONX,SEDGWICK AVENUE,,In Progress,,,2025-08-18T02:42:54.000,07 BRONX,2032250148.0,BRONX,1009356.0,253377.0,MOBILE,Unspecified,BRONX,,,,,,,,40.86210034372702,-73.90923570664573,"
,  
(40.86210034372702, -73.90923570664573)"
65875849,2025-08-18 00:48:09,2025-08-18 01:04:14,NYPD,New York City Police Department,Noise - Street/Sidewalk,Loud Music/Party,Street/Sidewalk,10465.0,2765 SAMPSON AVENUE,SAMPSON AVENUE,HUNTINGTON AVENUE,BRINSMADE AVENUE,HUNTINGTON AVENUE,BRINSMADE AVENUE,ADDRESS,BRONX,SAMPSON AVENUE,,Closed,,The Police Department responded to the complaint and took action to fix the condition.,2025-08-18T01:04:22.000,10 BRONX,2055820001.0,BRONX,1033335.0,237682.0,ONLINE,Unspecified,BRONX,,,,,,,,40.81892146969603,-73.82266084294987,"
,  
(40.81892146969603, -73.82266084294987)"
65875133,2025-08-18 00:48:01,,NYPD,New York City Police Department,Illegal Parking,Blocked Hydrant,Street/Sidewalk,11368.0,111-73 41 AVENUE,41 AVENUE,111 STREET,114 STREET,111 STREET,114 STREET,ADDRESS,CORONA,41 AVENUE,,In Progress,,,2025-08-18T02:42:51.000,04 QUEENS,4020130049.0,QUEENS,1024446.0,212944.0,ONLINE,Unspecified,QUEENS,,,,,,,,40.75106727312679,-73.85492386040912,"
,  
(40.75106727312679, -73.85492386040912)"
65875192,2025-08-18 00:47:14,,NYPD,New York City Police Department,Noise - Street/Sidewalk,Loud Music/Party,Street/Sidewalk,10460.0,902 JENNINGS STREET,JENNINGS STREET,MINFORD PLACE,SOUTHERN BOULEVARD,MINFORD PLACE,SOUTHERN BOULEVARD,ADDRESS,BRONX,JENNINGS STREET,,In Progress,,,,03 BRONX,2029760079.0,BRONX,1014312.0,242646.0,MOBILE,Unspecified,BRONX,,,,,,,,40.832631447567294,-73.8913666903239,"
,  
(40.832631447567294, -73.8913666903239)"
65878563,2025-08-18 00:47:11,2025-08-18 01:28:18,NYPD,New York City Police Department,Noise - Park,Loud Music/Party,Park/Playground,10464.0,PELHAM BAY PARK,PELHAM BAY PARK,,PARK DRIVE,,PARK DRIVE,PLACE,BRONX,PELHAM BAY PARK,,Closed,,The Police Department responded to the complaint and took action to fix the condition.,2025-08-18T01:28:23.000,28 BRONX,2056500001.0,BRONX,1036955.0,255379.0,ONLINE,Pelham Bay Park,BRONX,,,,,,,,40.86747358275403,-73.8094430998493,"
,  
(40.86747358275403, -73.8094430998493)"
65877394,2025-08-18 00:47:01,2025-08-18 01:45:23,NYPD,New York City Police Department,Illegal Parking,Blocked Hydrant,Street/Sidewalk,11237.0,247 IRVING AVENUE,IRVING AVENUE,GREENE AVENUE,BLEECKER STREET,GREENE AVENUE,BLEECKER STREET,ADDRESS,BROOKLYN,IRVING AVENUE,,Closed,,The Police Department responded and upon arrival those responsible for the condition were gone.,2025-08-18T01:45:28.000,04 BROOKLYN,3033010004.0,BROOKLYN,1007343.0,194447.0,MOBILE,Unspecified,BROOKLYN,,,,,,,,40.70035873399246,-73.91671574300591,"
,  
(40.70035873399246, -73.91671574300591)"
65878823,2025-08-18 00:46:53,,NYPD,New York City Police Department,Blocked Driveway,No Access,Street/Sidewalk,11385.0,78-55 79 LANE,79 LANE,78 ROAD,MYRTLE AVENUE,78 ROAD,MYRTLE AVENUE,ADDRESS,RIDGEWOOD,79 LANE,,In Progress,,,,05 QUEENS,4038300008.0,QUEENS,1020494.0,195731.0,PHONE,Unspecified,QUEENS,,,,,,,,40.70383891791441,-73.86928017756,"
,  
(40.70383891791441, -73.86928017756)"
65879805,2025-08-18 00:46:50,,NYPD,New York City Police Department,Illegal Parking,Double Parked Blocking Traffic,Street/Sidewalk,11234.0,1257 EAST   68 STREET,EAST   68 STREET,AVENUE L,AVENUE M,AVENUE L,AVENUE M,ADDRESS,BROOKLYN,EAST   68 STREET,,In Progress,,,2025-08-18T02:25:19.000,18 BROOKLYN,3083550018.0,BROOKLYN,1007577.0,166541.0,ONLINE,Unspecified,BROOKLYN,Car,,,,,,,40.62376235597164,-73.91596837466504,"
,  
(40.62376235597164, -73.91596837466504)"
65875825,2025-08-18 00:46:22,2025-08-18 01:08:58,NYPD,New York City Police Department,Noise - Residential,Loud Music/Party,Residential Building/House,11413.0,230 PLACE,230 PLACE,230 PLACE,EDGEWOOD AVENUE,230 PLACE,EDGEWOOD AVENUE,INTERSECTION,,,,Closed,,The Police Department responded to the complaint and took action to fix the condition.,2025-08-18T01:09:04.000,13 QUEENS,,QUEENS,1054341.0,181103.0,PHONE,Unspecified,QUEENS,,,,,,,,40.66348519148585,-73.74735819662742,"
,  
(40.66348519148585, -73.74735819662742)"
65875556,2025-08-18 00:46:12,2025-08-18 01:35:34,NYPD,New York City Police Department,Illegal Parking,Commercial Overnight Parking,Street/Sidewalk,11101.0,52-10 35 STREET,35 STREET,BRADLEY AVENUE,STARR AVENUE,BRADLEY AVENUE,STARR AVENUE,ADDRESS,LONG ISLAND CITY,35 STREET,,Closed,,The Police Department issued a summons in response to the complaint.,2025-08-18T01:35:43.000,02 QUEENS,4003030121.0,QUEENS,1002116.0,207458.0,MOBILE,Unspecified,QUEENS,,,,,,,,40.73608288990879,-73.93553223026296,"
,  
(40.73608288990879, -73.93553223026296)"
65876090,2025-08-18 00:46:06,,NYPD,New York City Police Department,Noise - Residential,Loud Music/Party,Residential Building/House,10029.0,1365 5 AVENUE,5 AVENUE,EAST  112 STREET,EAST  115 STREET,EAST  112 STREET,EAST  115 STREET,ADDRESS,NEW YORK,5 AVENUE,,In Progress,,,2025-08-18T02:09:14.000,11 MANHATTAN,1016180001.0,MANHATTAN,998703.0,230311.0,ONLINE,Unspecified,MANHATTAN,,,,,,,,40.79881467021513,-73.94779857268328,"
,  
(40.79881467021513, -73.94779857268328)"
65874780,2025-08-18 00:45:37,2025-08-18 01:00:09,NYPD,New York City Police Department,Noise - Commercial,Loud Music/Party,Store/Commercial,11236.0,9609 DITMAS AVENUE,DITMAS AVENUE,EAST   96 STREET,ROCKAWAY PARKWAY,EAST   96 STREET,ROCKAWAY PARKWAY,ADDRESS,BROOKLYN,DITMAS AVENUE,,Closed,,The Police Department responded to the complaint and with the information available observed no evidence of the violation at that time.,2025-08-18T01:00:13.000,17 BROOKLYN,3081140001.0,BROOKLYN,1009203.0,176512.0,MOBILE,Unspecified,BROOKLYN,,,,,,,,40.651126179168834,-73.91007411123938,"
,  
(40.651126179168834, -73.91007411123938)"
65881391,2025-08-18 00:45:35,2025-08-18 01:16:17,NYPD,New York City Police Department,Noise - Residential,Loud Music/Party,Residential Building/House,11226.0,160 PARKSIDE AVENUE,PARKSIDE AVENUE,ST PAULS PLACE,EAST DRIVE,ST PAULS PLACE,EAST DRIVE,ADDRESS,BROOKLYN,PARKSIDE AVENUE,,Closed,,The Police Department responded to the complaint and with the information available observed no evidence of the violation at that time.,2025-08-18T01:16:19.000,14 BROOKLYN,3050530018.0,BROOKLYN,994541.0,177719.0,ONLINE,Unspecified,BROOKLYN,,,,,,,,40.654468306915255,-73.96291133141843,"
,  
(40.654468306915255, -73.96291133141843)"
65878882,2025-08-18 00:45:26,,NYPD,New York City Police Department,Illegal Parking,Blocked Hydrant,Street/Sidewalk,11229.0,2051 EAST   18 STREET,EAST   18 STREET,AVENUE T,AVENUE U,AVENUE T,AVENUE U,ADDRESS,BROOKLYN,EAST   18 STREET,,In Progress,,,,15 BROOKLYN,3073230061.0,BROOKLYN,997093.0,157971.0,ONLINE,Unspecified,BROOKLYN,,,,,,,,40.60026087581808,-73.95375152490155,"
,  
(40.60026087581808, -73.95375152490155)"
65881651,2025-08-18 00:45:20,,NYPD,New York City Police Department,Illegal Parking,Blocked Hydrant,Street/Sidewalk,10466.0,821 EAST  234 STREET,EAST  234 STREET,BARNES AVENUE,BUSSING AVENUE,BARNES AVENUE,BUSSING AVENUE,ADDRESS,BRONX,EAST  234 STREET,,In Progress,,,2025-08-18T02:03:08.000,12 BRONX,2050010005.0,BRONX,1024721.0,264697.0,ONLINE,Unspecified,BRONX,,,,,,,,40.89311312969747,-73.85361919251424,"
,  
(40.89311312969747, -73.85361919251424)"
65881704,2025-08-18 00:45:07,,NYPD,New York City Police Department,Noise - Vehicle,Car/Truck Music,Street/Sidewalk,11415.0,83-60 118 STREET,118 STREET,83 AVENUE,CURZON ROAD,83 AVENUE,CURZON ROAD,ADDRESS,KEW GARDENS,118 STREET,,In Progress,,,2025-08-18T02:41:44.000,09 QUEENS,4033210043.0,QUEENS,1030185.0,196363.0,MOBILE,Unspecified,QUEENS,Car,,,,,,,40.70552860538937,-73.83432378892309,"
,  
(40.70552860538937, -73.83432378892309)"
65876169,2025-08-18 00:44:51,,DHS,Department of Homeless Services,Encampment,,Park/Playground,10002.0,71 HENRY STREET,HENRY STREET,MANHATTAN BRIDGE LINE,MANHATTAN BRIDGE,MANHATTAN BRIDGE LINE,MANHATTAN BRIDGE,ADDRESS,NEW YORK,HENRY STREET,,In Progress,,,,03 MANHATTAN,,MANHATTAN,985919.0,199068.0,MOBILE,,MANHATTAN,,,,,,,,40.71307226273342,-73.99397965111204,"
,  
(40.71307226273342, -73.99397965111204)"
65875259,2025-08-18 00:44:51,2025-08-18 01:09:36,NYPD,New York City Police Department,Encampment,,Park/Playground,10002.0,71 HENRY STREET,HENRY STREET,MANHATTAN BRIDGE LINE,MANHATTAN BRIDGE,MANHATTAN BRIDGE LINE,MANHATTAN BRIDGE,ADDRESS,NEW YORK,HENRY STREET,,Closed,,The Police Department visited the location and has referred the complaint to the Department of Homeless Services (DHS) for further action. DHS will inspect the condition and update your Service Request with more information.,2025-08-18T01:09:38.000,03 MANHATTAN,,MANHATTAN,985919.0,199068.0,MOBILE,,MANHATTAN,,,,,,,,40.71307226273342,-73.99397965111204,"
,  
(40.71307226273342, -73.99397965111204)"
65876092,2025-08-18 00:44:41,,NYPD,New York City Police Department,Noise - Residential,Loud Music/Party,Residential Building/House,11213.0,947 MONTGOMERY STREET,MONTGOMERY STREET,SCHENECTADY AVENUE,UTICA AVENUE,SCHENECTADY AVENUE,UTICA AVENUE,ADDRESS,BROOKLYN,MONTGOMERY STREET,,In Progress,,,2025-08-18T02:46:51.000,09 BROOKLYN,3014190062.0,BROOKLYN,1002765.0,181359.0,MOBILE,Unspecified,BROOKLYN,,,,,,,,40.66444592658686,-73.93326212595692,"
,  
(40.66444592658686, -73.93326212595692)"
65877048,2025-08-18 00:44:37,,NYPD,New York City Police Department,Noise - Street/Sidewalk,Loud Music/Party,Street/Sidewalk,10473.0,552 COMMONWEALTH AVENUE,COMMONWEALTH AVENUE,LACOMBE AVENUE,RANDALL AVENUE,LACOMBE AVENUE,RANDALL AVENUE,ADDRESS,BRONX,COMMONWEALTH AVENUE,,In Progress,,,,09 BRONX,2035200030.0,BRONX,1021756.0,236509.0,MOBILE,Unspecified,BRONX,,,,,,,,40.815758669315365,-73.8645010811051,"
,  
(40.815758669315365, -73.8645010811051)"
65877968,2025-08-18 00:44:34,,NYPD,New York City Police Department,Illegal Parking,Posted Parking Sign Violation,Street/Sidewalk,11420.0,120-05 134 STREET,134 STREET,120 AVENUE,ROCKAWAY BOULEVARD,120 AVENUE,ROCKAWAY BOULEVARD,ADDRESS,SOUTH OZONE PARK,134 STREET,,In Progress,,,,10 QUEENS,4117010015.0,QUEENS,1038463.0,185330.0,PHONE,Unspecified,QUEENS,,,,,,,,40.67519879159051,-73.80455596235029,"
,  
(40.67519879159051, -73.80455596235029)"
65881421,2025-08-18 00:44:20,2025-08-18 01:14:56,NYPD,New York City Police Department,Noise - Residential,Loud Talking,Residential Building/House,11226.0,261 LINDEN BOULEVARD,LINDEN BOULEVARD,NOSTRAND AVENUE,NEW YORK AVENUE,NOSTRAND AVENUE,NEW YORK AVENUE,ADDRESS,BROOKLYN,LINDEN BOULEVARD,,Closed,,The Police Department responded to the complaint and took action to fix the condition.,2025-08-18T01:14:58.000,17 BROOKLYN,3048530100.0,BROOKLYN,998387.0,177073.0,MOBILE,Unspecified,BROOKLYN,,,,,,,,40.65268987339641,-73.94905173989308,"
,  
(40.65268987339641, -73.94905173989308)"
65876763,2025-08-18 00:43:58,2025-08-18 01:04:30,NYPD,New York City Police Department,Noise - Street/Sidewalk,Loud Music/Party,Street/Sidewalk,10465.0,2765 SAMPSON AVENUE,SAMPSON AVENUE,HUNTINGTON AVENUE,BRINSMADE AVENUE,HUNTINGTON AVENUE,BRINSMADE AVENUE,ADDRESS,BRONX,SAMPSON AVENUE,,Closed,,The Police Department responded to the complaint and took action to fix the condition.,2025-08-18T01:04:33.000,10 BRONX,2055820001.0,BRONX,1033335.0,237682.0,ONLINE,Unspecified,BRONX,,,,,,,,40.81892146969603,-73.82266084294987,"
,  
(40.81892146969603, -73.82266084294987)"
65880708,2025-08-18 00:43:31,,DOHMH,Department of Health and Mental Hygiene,Rodent,Rat Sighting,3+ Family Apt. Building,11385.0,1716 GATES AVENUE,GATES AVENUE,CYPRESS AVENUE,SENECA AVENUE,CYPRESS AVENUE,SENECA AVENUE,ADDRESS,RIDGEWOOD,GATES AVENUE,,In Progress,,,,05 QUEENS,4034530016.0,QUEENS,1009407.0,195199.0,MOBILE,Unspecified,QUEENS,,,,,,,,40.70241716982845,-73.9092691809,"
,  
(40.70241716982845, -73.9092691809)"
65881528,2025-08-18 00:43:31,2025-08-18 01:15:15,NYPD,New York City Police Department,Noise - Street/Sidewalk,Loud Talking,Street/Sidewalk,11226.0,261 LINDEN BOULEVARD,LINDEN BOULEVARD,NOSTRAND AVENUE,NEW YORK AVENUE,NOSTRAND AVENUE,NEW YORK AVENUE,ADDRESS,BROOKLYN,LINDEN BOULEVARD,,Closed,,The Police Department responded to the complaint and took action to fix the condition.,2025-08-18T01:15:19.000,17 BROOKLYN,3048530100.0,BROOKLYN,998387.0,177073.0,MOBILE,Unspecified,BROOKLYN,,,,,,,,40.65268987339641,-73.94905173989308,"
,  
(40.65268987339641, -73.94905173989308)"
65878938,2025-08-18 00:43:06,,NYPD,New York City Police Department,Noise - Street/Sidewalk,Loud Music/Party,Street/Sidewalk,11415.0,83-60 118 STREET,118 STREET,83 AVENUE,CURZON ROAD,83 AVENUE,CURZON ROAD,ADDRESS,KEW GARDENS,118 STREET,,In Progress,,,2025-08-18T02:19:24.000,09 QUEENS,4033210043.0,QUEENS,1030185.0,196363.0,ONLINE,Unspecified,QUEENS,,,,,,,,40.70552860538937,-73.83432378892309,"
,  
(40.70552860538937, -73.83432378892309)"
65877795,2025-08-18 00:43:04,2025-08-18 01:20:27,NYPD,New York City Police Department,Noise - Street/Sidewalk,Loud Music/Party,Street/Sidewalk,11694.0,136 BEACH  117 STREET,BEACH  117 STREET,OCEAN PROMENADE,ROCKAWAY BEACH BOULEVARD,OCEAN PROMENADE,ROCKAWAY BEACH BOULEVARD,ADDRESS,FAR ROCKAWAY,BEACH  117 STREET,,Closed,,The Police Department responded to the complaint and took action to fix the condition.,2025-08-18T01:20:33.000,14 QUEENS,4162267501.0,QUEENS,1029410.0,150033.0,MOBILE,Unspecified,QUEENS,,,,,,,,40.57836693411735,-73.83742913678356,"
,  
(40.57836693411735, -73.83742913678356)"
65876037,2025-08-18 00:42:51,2025-08-18 01:07:01,NYPD,New York City Police Department,Animal-Abuse,Tortured,Street/Sidewalk,11368.0,41 126 STREET,126 STREET,36 AVENUE,38 AVENUE,36 AVENUE,38 AVENUE,ADDRESS,CORONA,126 STREET,,Closed,,The Police Department responded to the complaint and determined that police action was not necessary.,2025-08-18T01:07:03.000,81 QUEENS,4017870020.0,QUEENS,1027294.0,215501.0,ONLINE,Unspecified,QUEENS,,,,,,,,40.75807217227946,-73.84462845838746,"
,  
(40.75807217227946, -73.84462845838746)"
65875197,2025-08-18 00:42:49,,NYPD,New York City Police Department,Noise - Street/Sidewalk,Loud Music/Party,Street/Sidewalk,10033.0,1510 ST NICHOLAS AVENUE,ST NICHOLAS AVENUE,WEST  185 STREET,WEST  186 STREET,WEST  185 STREET,WEST  186 STREET,ADDRESS,NEW YORK,ST NICHOLAS AVENUE,,In Progress,,,2025-08-18T02:27:05.000,12 MANHATTAN,1021570039.0,MANHATTAN,1003145.0,249722.0,MOBILE,Unspecified,MANHATTAN,,,,,,,,40.8520839444215,-73.9317002737186,"
,  
(40.8520839444215, -73.9317002737186)"
65876716,2025-08-18 00:42:41,2025-08-18 01:40:41,NYPD,New York City Police Department,Noise - Residential,Loud Music/Party,Residential Building/House,10033.0,587 WEST  177 STREET,WEST  177 STREET,AUDUBON AVENUE,ST NICHOLAS AVENUE,AUDUBON AVENUE,ST NICHOLAS AVENUE,ADDRESS,NEW YORK,WEST  177 STREET,,Closed,,The Police Department responded to the complaint and took action to fix the condition.,2025-08-18T01:40:44.000,12 MANHATTAN,1021330089.0,MANHATTAN,1002180.0,247707.0,ONLINE,Unspecified,MANHATTAN,,,,,,,,40.84655537888504,-73.93519384493057,"
,  
(40.846555378885036, -73.93519384493057)"
65880778,2025-08-18 00:42:30,,NYPD,New York City Police Department,Noise - Residential,Loud Music/Party,Residential Building/House,10466.0,680 EAST  235 STREET,EAST  235 STREET,CARPENTER AVENUE,WHITE PLAINS ROAD,CARPENTER AVENUE,WHITE PLAINS ROAD,ADDRESS,BRONX,EAST  235 STREET,,In Progress,,,2025-08-18T02:21:34.000,12 BRONX,2049950074.0,BRONX,1023660.0,265437.0,MOBILE,Unspecified,BRONX,,,,,,,,40.89514899440759,-73.8574523937246,"
,  
(40.895148994407585, -73.8574523937246)"
65879548,2025-08-18 00:42:20,2025-08-18 01:45:24,NYPD,New York City Police Department,Noise - Residential,Loud Music/Party,Residential Building/House,11236.0,1267 EAST  102 STREET,EAST  102 STREET,AVENUE L,AVENUE M,AVENUE L,AVENUE M,ADDRESS,BROOKLYN,EAST  102 STREET,,Closed,,The Police Department responded to the complaint and took action to fix the condition.,2025-08-18T01:45:30.000,18 BROOKLYN,3082670015.0,BROOKLYN,1014697.0,172525.0,MOBILE,Unspecified,BROOKLYN,,,,,,,,40.640165548072034,-73.89029278905097,"
,  
(40.640165548072034, -73.89029278905097)"
65877792,2025-08-18 00:41:37,2025-08-18 01:21:23,NYPD,New York City Police Department,Noise - Street/Sidewalk,Loud Music/Party,Street/Sidewalk,10034.0,1781 RIVERSIDE DRIVE,RIVERSIDE DRIVE,STAFF STREET,HENSHAW STREET,STAFF STREET,HENSHAW STREET,ADDRESS,NEW YORK,RIVERSIDE DRIVE,,Closed,,The Police Department responded to the complaint and took action to fix the condition.,2025-08-18T01:21:29.000,12 MANHATTAN,1022460135.0,MANHATTAN,1003358.0,255069.0,ONLINE,Unspecified,MANHATTAN,,,,,,,,40.866759390133424,-73.93091510011978,"
,  
(40.866759390133424, -73.93091510011978)"
65874788,2025-08-18 00:40:46,2025-08-18 01:27:59,NYPD,New York City Police Department,Noise - Park,Loud Music/Party,Park/Playground,10464.0,PELHAM BAY PARK,PELHAM BAY PARK,,PARK DRIVE,,PARK DRIVE,PLACE,BRONX,PELHAM BAY PARK,,Closed,,The Police Department responded to the complaint and took action to fix the condition.,2025-08-18T01:28:08.000,28 BRONX,2056500001.0,BRONX,1036955.0,255379.0,ONLINE,Pelham Bay Park,BRONX,,,,,,,,40.86747358275403,-73.8094430998493,"
,  
(40.86747358275403, -73.8094430998493)"
65881480,2025-08-18 00:40:42,2025-08-18 01:34:04,NYPD,New York City Police Department,Noise - Street/Sidewalk,Loud Music/Party,Street/Sidewalk,10034.0,99 MARGARET CORBIN DRIVE,MARGARET CORBIN DRIVE,BEND,FORT TRYON PLACE,BEND,FORT TRYON PLACE,ADDRESS,NEW YORK,MARGARET CORBIN DRIVE,,Closed,,The Police Department responded and upon arrival those responsible for the condition were gone.,2025-08-18T01:34:09.000,12 MANHATTAN,1021790701.0,MANHATTAN,1003359.0,254464.0,MOBILE,Unspecified,MANHATTAN,,,,,,,,40.86509884715331,-73.93091320977899,"
,  
(40.86509884715331, -73.93091320977899)"
65880805,2025-08-18 00:40:30,,NYPD,New York City Police Department,Noise - Street/Sidewalk,Loud Music/Party,Street/Sidewalk,10033.0,2360 AMSTERDAM AVENUE,AMSTERDAM AVENUE,WEST  177 STREET,WEST  178 STREET,WEST  177 STREET,WEST  178 STREET,ADDRESS,NEW YORK,AMSTERDAM AVENUE,,In Progress,,,,12 MANHATTAN,1021327501.0,MANHATTAN,1002867.0,247373.0,MOBILE,Unspecified,MANHATTAN,,,,,,,,40.845637225618624,-73.93271168182868,"
,  
(40.845637225618624, -73.93271168182868)"
65881434,2025-08-18 00:40:17,2025-08-18 01:46:43,NYPD,New York City Police Department,Noise - Street/Sidewalk,Loud Music/Party,Street/Sidewalk,11385.0,72-05 66 STREET,66 STREET,MYRTLE AVENUE,COOPER AVENUE,MYRTLE AVENUE,COOPER AVENUE,ADDRESS,RIDGEWOOD,66 STREET,,Closed,,The Police Department responded to the complaint and with the information available observed no evidence of the violation at that time.,2025-08-18T01:46:48.000,05 QUEENS,4036990028.0,QUEENS,1015338.0,194710.0,ONLINE,Unspecified,QUEENS,,,,,,,,40.70105613130703,-73.88788081309465,"
,  
(40.70105613130703, -73.88788081309465)"
65877262,2025-08-18 00:40:11,,NYPD,New York City Police Department,Illegal Parking,Blocked Crosswalk,Street/Sidewalk,11208.0,790 GLENMORE AVENUE,GLENMORE AVENUE,SHEPHERD AVENUE,BERRIMAN STREET,SHEPHERD AVENUE,BERRIMAN STREET,ADDRESS,BROOKLYN,GLENMORE AVENUE,,In Progress,,,,05 BROOKLYN,3040050010.0,BROOKLYN,1017265.0,185366.0,MOBILE,Unspecified,BROOKLYN,,,,,,,,40.67540204080552,-73.88097686533713,"
,  
(40.67540204080552, -73.88097686533713)"
65881400,2025-08-18 00:39:57,2025-08-18 01:29:54,NYPD,New York City Police Department,Noise - Residential,Loud Music/Party,Residential Building/House,10465.0,3250 MIDDLETOWN ROAD,MIDDLETOWN ROAD,ROBERTSON PLACE,KENNELLWORTH PLACE,ROBERTSON PLACE,KENNELLWORTH PLACE,ADDRESS,BRONX,MIDDLETOWN ROAD,,Closed,,The Police Department responded to the complaint and took action to fix the condition.,2025-08-18T01:29:59.000,10 BRONX,2054130013.0,BRONX,1033447.0,248133.0,ONLINE,Unspecified,BRONX,,,,,,,,40.847605772341765,-73.82217955071481,"
,  
(40.847605772341765, -73.82217955071481)"
65874972,2025-08-18 00:39:40,2025-08-18 01:09:23,NYPD,New York City Police Department,Noise - Street/Sidewalk,Loud Music/Party,Street/Sidewalk,11225.0,LINCOLN ROAD,LINCOLN ROAD,LINCOLN ROAD,OCEAN AVENUE,LINCOLN ROAD,OCEAN AVENUE,INTERSECTION,,,,Closed,,The Police Department responded to the complaint and determined that police action was not necessary.,2025-08-18T01:09:29.000,09 BROOKLYN,,BROOKLYN,994567.0,179920.0,PHONE,Unspecified,BROOKLYN,,,,,,,,40.66050953809379,-73.96281426030932,"
,  
(40.66050953809379, -73.96281426030932)"
65878018,2025-08-18 00:39:38,,NYPD,New York City Police Department,Noise - Vehicle,Car/Truck Music,Street/Sidewalk,10460.0,1880 BRYANT AVENUE,BRYANT AVENUE,CROSS BRONX EXPRESSWAY,BOSTON ROAD,CROSS BRONX EXPRESSWAY,BOSTON ROAD,ADDRESS,BRONX,BRYANT AVENUE,,In Progress,,,2025-08-18T02:31:36.000,06 BRONX,2030047501.0,BRONX,1016584.0,245086.0,PHONE,Unspecified,BRONX,SUV,,,,,,,40.83932051004015,-73.88314474249532,"
,  
(40.83932051004015, -73.88314474249532)"
65878944,2025-08-18 00:39:10,,NYPD,New York City Police Department,Noise - Street/Sidewalk,Loud Music/Party,Street/Sidewalk,10040.0,570 WEST  190 STREET,WEST  190 STREET,AUDUBON AVENUE,ST NICHOLAS AVENUE,AUDUBON AVENUE,ST NICHOLAS AVENUE,ADDRESS,NEW YORK,WEST  190 STREET,,In Progress,,,2025-08-18T02:22:09.000,12 MANHATTAN,1021580067.0,MANHATTAN,1003895.0,250647.0,ONLINE,Unspecified,MANHATTAN,,,,,,,,40.85462115652687,-73.9289865404921,"
,  
(40.85462115652687, -73.9289865404921)"
65875717,2025-08-18 00:38:21,2025-08-18 01:29:09,NYPD,New York City Police Department,Noise - Park,Loud Music/Party,Park/Playground,10464.0,PELHAM BAY PARK,PELHAM BAY PARK,,PARK DRIVE,,PARK DRIVE,PLACE,BRONX,PELHAM BAY PARK,,Closed,,The Police Department responded to the complaint and took action to fix the condition.,2025-08-18T01:29:14.000,28 BRONX,2056500001.0,BRONX,1036955.0,255379.0,ONLINE,Pelham Bay Park,BRONX,,,,,,,,40.86747358275403,-73.8094430998493,"
,  
(40.86747358275403, -73.8094430998493)"
65876667,2025-08-18 00:38:13,2025-08-18 00:48:38,NYPD,New York City Police Department,Noise - Residential,Banging/Pounding,Residential Building/House,10457.0,1872 MONROE AVENUE,MONROE AVENUE,MOUNT HOPE PLACE,EAST TREMONT AVENUE,MOUNT HOPE PLACE,EAST TREMONT AVENUE,ADDRESS,BRONX,MONROE AVENUE,,Closed,,The Police Department responded to the complaint and took action to fix the condition.,2025-08-18T00:48:43.000,05 BRONX,2028040001.0,BRONX,1010260.0,248435.0,PHONE,Unspecified,BRONX,,,,,,,,40.848533419181855,-73.90598670450618,"
,  
(40.848533419181855, -73.90598670450618)"
65879569,2025-08-18 00:37:59,2025-08-18 01:05:34,NYPD,New York City Police Department,Noise - Street/Sidewalk,Loud Music/Party,Street/Sidewalk,10472.0,1585 EAST  174 STREET,EAST  174 STREET,EAST  173 STREET,STRATFORD AVENUE,EAST  173 STREET,STRATFORD AVENUE,ADDRESS,BRONX,EAST  174 STREET,,Closed,,The Police Department responded to the complaint and with the information available observed no evidence of the violation at that time.,2025-08-18T01:05:38.000,09 BRONX,2038860002.0,BRONX,1018190.0,243071.0,ONLINE,Unspecified,BRONX,,,,,,,,40.833783897531376,-73.87735085307287,"
,  
(40.833783897531376, -73.87735085307287)"
65877719,2025-08-18 00:37:49,2025-08-18 01:13:44,NYPD,New York City Police Department,Noise - Residential,Loud Talking,Residential Building/House,11221.0,987 LAFAYETTE AVENUE,LAFAYETTE AVENUE,STUYVESANT AVENUE,MALCOLM X BOULEVARD,STUYVESANT AVENUE,MALCOLM X BOULEVARD,ADDRESS,BROOKLYN,LAFAYETTE AVENUE,,Closed,,The Police Department responded to the complaint and with the information available observed no evidence of the violation at that time.,2025-08-18T01:13:48.000,03 BROOKLYN,3016070065.0,BROOKLYN,1002969.0,191418.0,ONLINE,Unspecified,BROOKLYN,,,,,,,,40.69205516873245,-73.9324988622628,"
,  
(40.69205516873245, -73.9324988622628)"
65878302,2025-08-18 00:37:48,2025-08-18 00:46:04,NYPD,New York City Police Department,Urinating in Public,,Residential Building/House,10002.0,107 CLINTON STREET,CLINTON STREET,RIVINGTON STREET,DELANCEY STREET,RIVINGTON STREET,DELANCEY STREET,ADDRESS,NEW YORK,CLINTON STREET,,Closed,,The Police Department responded to the complaint and with the information available observed no evidence of the violation at that time.,2025-08-18T00:46:12.000,03 MANHATTAN,1003480032.0,MANHATTAN,988265.0,200949.0,ONLINE,Unspecified,MANHATTAN,,,,,,,,40.71823440398107,-73.98551613359581,"
,  
(40.71823440398107, -73.98551613359581)"
65879541,2025-08-18 00:37:33,2025-08-18 01:32:36,NYPD,New York City Police Department,Noise - Residential,Loud Music/Party,Residential Building/House,10465.0,3220 MIDDLETOWN ROAD,MIDDLETOWN ROAD,DWIGHT PLACE,ROBERTSON PLACE,DWIGHT PLACE,ROBERTSON PLACE,ADDRESS,BRONX,MIDDLETOWN ROAD,,Closed,,The Police Department responded to the complaint and took action to fix the condition.,2025-08-18T01:32:39.000,10 BRONX,2054110331.0,BRONX,1033095.0,247878.0,ONLINE,Unspecified,BRONX,,,,,,,,40.8469078280962,-73.8234536937747,"
,  
(40.8469078280962, -73.8234536937747)"
65875795,2025-08-18 00:37:33,2025-08-18 01:45:50,NYPD,New York City Police Department,Noise - Residential,Loud Music/Party,Residential Building/House,11236.0,1267 EAST  102 STREET,EAST  102 STREET,AVENUE L,AVENUE M,AVENUE L,AVENUE M,ADDRESS,BROOKLYN,EAST  102 STREET,,Closed,,The Police Department responded to the complaint and took action to fix the condition.,2025-08-18T01:45:58.000,18 BROOKLYN,3082670015.0,BROOKLYN,1014697.0,172525.0,PHONE,Unspecified,BROOKLYN,,,,,,,,40.640165548072034,-73.89029278905097,"
,  
(40.640165548072034, -73.89029278905097)"
65880804,2025-08-18 00:37:09,,NYPD,New York City Police Department,Noise - Street/Sidewalk,Loud Music/Party,Street/Sidewalk,10032.0,542 WEST  162 STREET,WEST  162 STREET,ST NICHOLAS AVENUE,BROADWAY,ST NICHOLAS AVENUE,BROADWAY,ADDRESS,NEW YORK,WEST  162 STREET,,In Progress,,,2025-08-18T02:20:14.000,12 MANHATTAN,1021200017.0,MANHATTAN,1000548.0,244060.0,MOBILE,Unspecified,MANHATTAN,,,,,,,,40.836548593723215,-73.94110140361393,"
,  
(40.836548593723215, -73.94110140361393)"
65875718,2025-08-18 00:36:23,2025-08-18 01:29:30,NYPD,New York City Police Department,Noise - Park,Loud Music/Party,Park/Playground,10464.0,PELHAM BAY PARK,PELHAM BAY PARK,,PARK DRIVE,,PARK DRIVE,PLACE,BRONX,PELHAM BAY PARK,,Closed,,The Police Department responded to the complaint and took action to fix the condition.,2025-08-18T01:29:34.000,28 BRONX,2056500001.0,BRONX,1036955.0,255379.0,ONLINE,Pelham Bay Park,BRONX,,,,,,,,40.86747358275403,-73.8094430998493,"
,  
(40.86747358275403, -73.8094430998493)"
65876849,2025-08-18 00:36:20,2025-08-18 01:10:09,NYPD,New York City Police Department,Noise - Vehicle,Car/Truck Music,Street/Sidewalk,11206.0,115 STANWIX STREET,STANWIX STREET,MONTIETH STREET,FLUSHING AVENUE,MONTIETH STREET,FLUSHING AVENUE,ADDRESS,BROOKLYN,STANWIX STREET,,Closed,,The Police Department responded and upon arrival those responsible for the condition were gone.,2025-08-18T01:10:14.000,04 BROOKLYN,3031390021.0,BROOKLYN,1002186.0,195124.0,PHONE,Unspecified,BROOKLYN,Car,,,,,,,40.70222889514506,-73.9353125081528,"
,  
(40.70222889514506, -73.9353125081528)"
65881280,2025-08-18 00:36:00,,DOT,Department of Transportation,Traffic Signal Condition,Controller,,,,,,,MC GUINNESS BLVD,HUMBOLDT ST,INTERSECTION,,,,Open,,,,Unspecified BROOKLYN,,BROOKLYN,,,UNKNOWN,Unspecified,BROOKLYN,,,,,,,,,,
65881697,2025-08-18 00:35:57,,NYPD,New York City Police Department,Noise - Street/Sidewalk,Loud Music/Party,Street/Sidewalk,11419.0,102-30 135 STREET,135 STREET,102 AVENUE,LIBERTY AVENUE,102 AVENUE,LIBERTY AVENUE,ADDRESS,SOUTH RICHMOND HILL,135 STREET,,In Progress,,,2025-08-18T02:10:19.000,09 QUEENS,4095020034.0,QUEENS,1036301.0,191628.0,ONLINE,Unspecified,QUEENS,,,,,,,,40.69249830148893,-73.81230154321955,"
,  
(40.69249830148893, -73.81230154321955)"
65880368,2025-08-18 00:35:31,2025-08-18 01:28:46,NYPD,New York City Police Department,Noise - Park,Loud Music/Party,Park/Playground,10464.0,PELHAM BAY PARK,PELHAM BAY PARK,,PARK DRIVE,,PARK DRIVE,PLACE,BRONX,PELHAM BAY PARK,,Closed,,The Police Department responded to the complaint and took action to fix the condition.,2025-08-18T01:28:49.000,28 BRONX,2056500001.0,BRONX,1036955.0,255379.0,ONLINE,Pelham Bay Park,BRONX,,,,,,,,40.86747358275403,-73.8094430998493,"
,  
(40.86747358275403, -73.8094430998493)"
65875001,2025-08-18 00:35:20,2025-08-18 01:30:26,NYPD,New York City Police Department,Noise - Vehicle,Car/Truck Music,Street/Sidewalk,11378.0,58-34 59 STREET,59 STREET,58 ROAD,58 DRIVE,58 ROAD,58 DRIVE,ADDRESS,MASPETH,59 STREET,,Closed,,The Police Department responded to the complaint and with the information available observed no evidence of the violation at that time.,2025-08-18T01:30:29.000,05 QUEENS,,QUEENS,1009671.0,201637.0,MOBILE,Unspecified,QUEENS,Car,,,,,,,40.72008718537471,-73.90829273495692,"
,  
(40.72008718537471, -73.90829273495692)"
65875159,2025-08-18 00:35:00,,NYPD,New York City Police Department,Noise - Commercial,Loud Music/Party,Club/Bar/Restaurant,11385.0,341 ST NICHOLAS AVENUE,ST NICHOLAS AVENUE,PALMETTO STREET,WOODBINE STREET,PALMETTO STREET,WOODBINE STREET,ADDRESS,RIDGEWOOD,ST NICHOLAS AVENUE,,In Progress,,,2025-08-18T02:09:15.000,05 QUEENS,4034490006.0,QUEENS,1009255.0,194517.0,ONLINE,Unspecified,QUEENS,,,,,,,,40.700545671364274,-73.90981991340574,"
,  
(40.700545671364274, -73.90981991340574)"
65877038,2025-08-18 00:34:54,,NYPD,New York City Police Department,Noise - Residential,Loud Music/Party,Residential Building/House,10463.0,68 WEST  238 STREET,WEST  238 STREET,SEDGWICK AVENUE,CANNON PLACE,SEDGWICK AVENUE,CANNON PLACE,ADDRESS,BRONX,WEST  238 STREET,,In Progress,,,,08 BRONX,2032580190.0,BRONX,1012753.0,260684.0,PHONE,Unspecified,BRONX,,,,,,,,40.88214548973503,-73.89692365189696,"
,  
(40.88214548973503, -73.89692365189696)"
65875877,2025-08-18 00:34:52,2025-08-18 01:21:16,NYPD,New York City Police Department,Noise - Street/Sidewalk,Loud Music/Party,Street/Sidewalk,10034.0,1 STAFF STREET,STAFF STREET,RIVERSIDE DRIVE,DYCKMAN STREET,RIVERSIDE DRIVE,DYCKMAN STREET,ADDRESS,NEW YORK,STAFF STREET,,Closed,,The Police Department responded to the complaint and took action to fix the condition.,2025-08-18T01:21:19.000,12 MANHATTAN,1022460135.0,MANHATTAN,1003367.0,255149.0,ONLINE,Unspecified,MANHATTAN,,,,,,,,40.86697894625506,-73.93088233244673,"
,  
(40.86697894625506, -73.93088233244673)"
65875029,2025-08-18 00:34:45,2025-08-18 01:44:58,NYPD,New York City Police Department,Illegal Parking,Blocked Bike Lane,Street/Sidewalk,11237.0,247 IRVING AVENUE,IRVING AVENUE,GREENE AVENUE,BLEECKER STREET,GREENE AVENUE,BLEECKER STREET,ADDRESS,BROOKLYN,IRVING AVENUE,,Closed,,The Police Department responded and upon arrival those responsible for the condition were gone.,2025-08-18T01:45:04.000,04 BROOKLYN,3033010004.0,BROOKLYN,1007343.0,194447.0,MOBILE,Unspecified,BROOKLYN,,,,,,,,40.70035873399246,-73.91671574300591,"
,  
(40.70035873399246, -73.91671574300591)"
65879542,2025-08-18 00:34:38,2025-08-18 01:32:56,NYPD,New York City Police Department,Noise - Residential,Loud Music/Party,Residential Building/House,10465.0,3220 MIDDLETOWN ROAD,MIDDLETOWN ROAD,DWIGHT PLACE,ROBERTSON PLACE,DWIGHT PLACE,ROBERTSON PLACE,ADDRESS,BRONX,MIDDLETOWN ROAD,,Closed,,The Police Department responded to the complaint and took action to fix the condition.,2025-08-18T01:33:03.000,10 BRONX,2054110331.0,BRONX,1033095.0,247878.0,ONLINE,Unspecified,BRONX,,,,,,,,40.8469078280962,-73.8234536937747,"
,  
(40.8469078280962, -73.8234536937747)"
65877624,2025-08-18 00:34:38,2025-08-18 00:36:06,NYPD,New York City Police Department,Noise - Residential,Banging/Pounding,Residential Building/House,11233.0,203 HULL STREET,HULL STREET,ROCKAWAY AVENUE,MOTHER GASTON BOULEVARD,ROCKAWAY AVENUE,MOTHER GASTON BOULEVARD,ADDRESS,BROOKLYN,HULL STREET,,Closed,,The Police Department responded to the complaint and determined that police action was not necessary.,2025-08-18T00:36:12.000,16 BROOKLYN,3015340038.0,BROOKLYN,1009520.0,186950.0,ONLINE,Unspecified,BROOKLYN,,,,,,,,40.67977525721592,-73.90889258013044,"
,  
(40.679775257215915, -73.90889258013044)"
65881886,2025-08-18 00:34:04,,NYPD,New York City Police Department,Illegal Parking,Blocked Crosswalk,Street/Sidewalk,11373.0,55-23 84 STREET,84 STREET,55 AVENUE,55 ROAD,55 AVENUE,55 ROAD,ADDRESS,ELMHURST,84 STREET,,In Progress,,,,04 QUEENS,4028920001.0,QUEENS,1017288.0,205748.0,MOBILE,Unspecified,QUEENS,,,,,,,,40.73134570402063,-73.88079395347748,"
,  
(40.731345704020626, -73.88079395347748)"
65878736,2025-08-18 00:34:00,2025-08-18 01:05:43,NYPD,New York City Police Department,Noise - Street/Sidewalk,Loud Music/Party,Street/Sidewalk,11413.0,146-13 228 STREET,228 STREET,146 AVENUE,146 AVENUE,146 AVENUE,146 AVENUE,ADDRESS,SPRINGFIELD GARDENS,228 STREET,,Closed,,The Police Department responded to the complaint and took action to fix the condition.,2025-08-18T01:05:48.000,13 QUEENS,4134620056.0,QUEENS,1052821.0,179798.0,MOBILE,Unspecified,QUEENS,,,,,,,,40.659915171172045,-73.75285025263564,"
,  
(40.659915171172045, -73.75285025263564)"
65875719,2025-08-18 00:33:39,2025-08-18 01:31:10,NYPD,New York City Police Department,Noise - Park,Loud Music/Party,Park/Playground,10464.0,PELHAM BAY PARK,PELHAM BAY PARK,,PARK DRIVE,,PARK DRIVE,PLACE,BRONX,PELHAM BAY PARK,,Closed,,The Police Department responded to the complaint and took action to fix the condition.,2025-08-18T01:31:14.000,28 BRONX,2056500001.0,BRONX,1036955.0,255379.0,ONLINE,Pelham Bay Park,BRONX,,,,,,,,40.86747358275403,-73.8094430998493,"
,  
(40.86747358275403, -73.8094430998493)"
65880810,2025-08-18 00:33:36,,NYPD,New York City Police Department,Noise - Street/Sidewalk,Loud Talking,Street/Sidewalk,11377.0,47-05 48 STREET,48 STREET,47 AVENUE,48 AVENUE,47 AVENUE,48 AVENUE,ADDRESS,WOODSIDE,48 STREET,,In Progress,,,,02 QUEENS,4022860011.0,QUEENS,1007168.0,209121.0,MOBILE,Unspecified,QUEENS,,,,,,,,40.74063576279976,-73.9172969106355,"
,  
(40.74063576279976, -73.9172969106355)"
65877029,2025-08-18 00:33:31,,NYPD,New York City Police Department,Noise - Residential,Loud Music/Party,Residential Building/House,11207.0,199 SCHENCK AVENUE,SCHENCK AVENUE,ATLANTIC AVENUE,LIBERTY AVENUE,ATLANTIC AVENUE,LIBERTY AVENUE,ADDRESS,BROOKLYN,SCHENCK AVENUE,,In Progress,,,,05 BROOKLYN,3039647501.0,BROOKLYN,1014952.0,185643.0,ONLINE,Unspecified,BROOKLYN,,,,,,,,40.67617066686487,-73.8893142437129,"
,  
(40.67617066686487, -73.8893142437129)"
65878559,2025-08-18 00:33:31,2025-08-18 01:00:08,NYPD,New York City Police Department,Noise - Commercial,Loud Music/Party,Store/Commercial,11236.0,9609 DITMAS AVENUE,DITMAS AVENUE,EAST   96 STREET,ROCKAWAY PARKWAY,EAST   96 STREET,ROCKAWAY PARKWAY,ADDRESS,BROOKLYN,DITMAS AVENUE,,Closed,,The Police Department responded to the complaint and with the information available observed no evidence of the violation at that time.,2025-08-18T01:00:13.000,17 BROOKLYN,3081140001.0,BROOKLYN,1009203.0,176512.0,MOBILE,Unspecified,BROOKLYN,,,,,,,,40.651126179168834,-73.91007411123938,"
,  
(40.651126179168834, -73.91007411123938)"
65879629,2025-08-18 00:33:24,2025-08-18 01:21:39,NYPD,New York City Police Department,Noise - Street/Sidewalk,Loud Music/Party,Street/Sidewalk,10034.0,308 DYCKMAN STREET,DYCKMAN STREET,HENSHAW STREET,STAFF STREET,HENSHAW STREET,STAFF STREET,ADDRESS,NEW YORK,DYCKMAN STREET,,Closed,,The Police Department responded to the complaint and took action to fix the condition.,2025-08-18T01:21:44.000,12 MANHATTAN,1022460020.0,MANHATTAN,1003638.0,255415.0,ONLINE,Unspecified,MANHATTAN,,,,,,,,40.86770844402598,-73.92990176057373,"
,  
(40.86770844402598, -73.92990176057373)"
65874805,2025-08-18 00:33:19,2025-08-18 01:45:03,NYPD,New York City Police Department,Noise - Residential,Banging/Pounding,Residential Building/House,11203.0,1317 NEW YORK AVENUE,NEW YORK AVENUE,AVENUE D,NEWKIRK AVENUE,AVENUE D,NEWKIRK AVENUE,ADDRESS,BROOKLYN,NEW YORK AVENUE,,Closed,,The Police Department responded to the complaint and took action to fix the condition.,2025-08-18T01:45:08.000,17 BROOKLYN,3049670031.0,BROOKLYN,999354.0,172733.0,PHONE,Unspecified,BROOKLYN,,,,,,,,40.64077591704172,-73.94557649211194,"
,  
(40.640775917041715, -73.94557649211194)"
65875756,2025-08-18 00:32:58,2025-08-18 01:04:57,NYPD,New York City Police Department,Noise - Residential,Banging/Pounding,Residential Building/House,11233.0,203 HULL STREET,HULL STREET,ROCKAWAY AVENUE,MOTHER GASTON BOULEVARD,ROCKAWAY AVENUE,MOTHER GASTON BOULEVARD,ADDRESS,BROOKLYN,HULL STREET,,Closed,,The Police Department responded to the complaint but officers were unable to gain entry into the premises.,2025-08-18T01:05:03.000,16 BROOKLYN,3015340038.0,BROOKLYN,1009520.0,186950.0,MOBILE,Unspecified,BROOKLYN,,,,,,,,40.67977525721592,-73.90889258013044,"
,  
(40.679775257215915, -73.90889258013044)"
65880369,2025-08-18 00:32:51,2025-08-18 01:31:30,NYPD,New York City Police Department,Noise - Park,Loud Music/Party,Park/Playground,10464.0,PELHAM BAY PARK,PELHAM BAY PARK,,PARK DRIVE,,PARK DRIVE,PLACE,BRONX,PELHAM BAY PARK,,Closed,,The Police Department responded to the complaint and took action to fix the condition.,2025-08-18T01:31:38.000,28 BRONX,2056500001.0,BRONX,1036955.0,255379.0,ONLINE,Pelham Bay Park,BRONX,,,,,,,,40.86747358275403,-73.8094430998493,"
,  
(40.86747358275403, -73.8094430998493)"
65878917,2025-08-18 00:32:43,,NYPD,New York City Police Department,Noise - Residential,Banging/Pounding,Residential Building/House,11691.0,45-19 ROCKAWAY BEACH BOULEVARD,ROCKAWAY BEACH BOULEVARD,BEACH   45 STREET,BEACH   46 STREET,BEACH   45 STREET,BEACH   46 STREET,ADDRESS,FAR ROCKAWAY,ROCKAWAY BEACH BOULEVARD,,In Progress,,Your complaint has been received by the Police Department and additional information will be available later.,2025-08-18T02:37:19.000,14 QUEENS,4158537502.0,QUEENS,1046308.0,155618.0,ONLINE,Unspecified,QUEENS,,,,,,,,40.59359441442539,-73.7765471998799,"
,  
(40.59359441442539, -73.7765471998799)"
65875196,2025-08-18 00:32:17,,NYPD,New York City Police Department,Noise - Street/Sidewalk,Loud Music/Party,Street/Sidewalk,11419.0,102-30 135 STREET,135 STREET,102 AVENUE,LIBERTY AVENUE,102 AVENUE,LIBERTY AVENUE,ADDRESS,SOUTH RICHMOND HILL,135 STREET,,In Progress,,,2025-08-18T02:11:39.000,09 QUEENS,4095020034.0,QUEENS,1036301.0,191628.0,ONLINE,Unspecified,QUEENS,,,,,,,,40.69249830148893,-73.81230154321955,"
,  
(40.69249830148893, -73.81230154321955)"
65876944,2025-08-18 00:32:17,,DPR,Department of Parks and Recreation,Damaged Tree,Entire Tree Has Fallen Down,Street,11228.0,43 BAY   10 STREET,BAY   10 STREET,86 STREET,BENSON AVENUE,86 STREET,BENSON AVENUE,ADDRESS,BROOKLYN,BAY   10 STREET,,In Progress,,,,11 BROOKLYN,3063610022.0,BROOKLYN,981549.0,161523.0,MOBILE,Unspecified,BROOKLYN,,,,,,,,40.6100192852812,-74.0097278973332,"
,  
(40.6100192852812, -74.0097278973332)"
65881310,2025-08-18 00:32:06,2025-08-18 01:31:48,NYPD,New York City Police Department,Noise - Park,Loud Music/Party,Park/Playground,10464.0,PELHAM BAY PARK,PELHAM BAY PARK,,PARK DRIVE,,PARK DRIVE,PLACE,BRONX,PELHAM BAY PARK,,Closed,,The Police Department responded to the complaint and took action to fix the condition.,2025-08-18T01:31:54.000,28 BRONX,2056500001.0,BRONX,1036955.0,255379.0,ONLINE,Pelham Bay Park,BRONX,,,,,,,,40.86747358275403,-73.8094430998493,"
,  
(40.86747358275403, -73.8094430998493)"
65875134,2025-08-18 00:31:53,,NYPD,New York City Police Department,Illegal Parking,Blocked Hydrant,Street/Sidewalk,11214.0,234 BAY   22 STREET,BAY   22 STREET,CROPSEY AVENUE,20 DRIVE,CROPSEY AVENUE,20 DRIVE,ADDRESS,BROOKLYN,BAY   22 STREET,,In Progress,,,2025-08-18T02:20:40.000,11 BROOKLYN,3064650004.0,BROOKLYN,982976.0,158169.0,ONLINE,Unspecified,BROOKLYN,,,,,,,,40.60081355989976,-74.00458779430764,"
,  
(40.600813559899755, -74.00458779430764)"
65881301,2025-08-18 00:31:46,2025-08-18 01:00:00,NYPD,New York City Police Department,Noise - Commercial,Loud Music/Party,Store/Commercial,11236.0,9609 DITMAS AVENUE,DITMAS AVENUE,EAST   96 STREET,ROCKAWAY PARKWAY,EAST   96 STREET,ROCKAWAY PARKWAY,ADDRESS,BROOKLYN,DITMAS AVENUE,,Closed,,The Police Department responded to the complaint and with the information available observed no evidence of the violation at that time.,2025-08-18T01:00:07.000,17 BROOKLYN,3081140001.0,BROOKLYN,1009203.0,176512.0,MOBILE,Unspecified,BROOKLYN,,,,,,,,40.651126179168834,-73.91007411123938,"
,  
(40.651126179168834, -73.91007411123938)"
65881001,2025-08-18 00:31:33,,DCWP,Department of Consumer and Worker Protection,Consumer Complaint,Garage or Parking Lot,Business,10017.0,326 EAST   49 STREET,EAST   49 STREET,2 AVENUE,1 AVENUE,2 AVENUE,1 AVENUE,ADDRESS,NEW YORK,EAST   49 STREET,,In Progress,,,,06 MANHATTAN,1013417501.0,MANHATTAN,993058.0,213949.0,ONLINE,Unspecified,MANHATTAN,,,,,,,,40.75391271754927,-73.96820866093657,"
,  
(40.75391271754927, -73.96820866093657)"
65875116,2025-08-18 00:31:27,,NYPD,New York City Police Department,Drinking,In Public,Street/Sidewalk,11368.0,104-51 44 AVENUE,44 AVENUE,104 STREET,108 STREET,104 STREET,108 STREET,ADDRESS,CORONA,44 AVENUE,,In Progress,,,2025-08-18T01:59:18.000,04 QUEENS,4019870047.0,QUEENS,1023082.0,211585.0,PHONE,Unspecified,QUEENS,,,,,,,,40.74734326061456,-73.8598546729531,"
,  
(40.747343260614564, -73.8598546729531)"
65878932,2025-08-18 00:31:21,,NYPD,New York City Police Department,Noise - Residential,Loud Music/Party,Residential Building/House,10465.0,3250 MIDDLETOWN ROAD,MIDDLETOWN ROAD,ROBERTSON PLACE,KENNELLWORTH PLACE,ROBERTSON PLACE,KENNELLWORTH PLACE,ADDRESS,BRONX,MIDDLETOWN ROAD,,In Progress,,,2025-08-18T01:53:29.000,10 BRONX,2054130013.0,BRONX,1033447.0,248133.0,ONLINE,Unspecified,BRONX,,,,,,,,40.847605772341765,-73.82217955071481,"
,  
(40.847605772341765, -73.82217955071481)"
65877570,2025-08-18 00:31:00,,DOT,Department of Transportation,Traffic Signal Condition,Controller,,11422.0,,,,,MERRICK BOULEVARD,HOOK CREEK BOULEVARD,INTERSECTION,QUEENS,,,Open,,,,13 QUEENS,,QUEENS,1059823.0,185009.0,UNKNOWN,Unspecified,QUEENS,,,,,,,,40.67416114405826,-73.7275547559886,"
,  
(40.67416114405826, -73.7275547559886)"
65881656,2025-08-18 00:31:00,,NYPD,New York City Police Department,Illegal Parking,Blocked Hydrant,Street/Sidewalk,10472.0,1127 COLGATE AVENUE,COLGATE AVENUE,WATSON AVENUE,WESTCHESTER AVENUE,WATSON AVENUE,WESTCHESTER AVENUE,ADDRESS,BRONX,COLGATE AVENUE,,In Progress,,,,09 BRONX,2037360070.0,BRONX,1017025.0,240438.0,ONLINE,Unspecified,BRONX,,,,,,,,40.826561473957625,-73.88157367770918,"
,  
(40.826561473957625, -73.88157367770918)"
65878089,2025-08-18 00:30:52,,DHS,Department of Homeless Services,Homeless Person Assistance,Non-Chronic,Street/Sidewalk,10023.0,30 WEST 63 STREET,WEST 63 STREET,CENTRAL PARK WEST,BROADWAY,CENTRAL PARK WEST,BROADWAY,ADDRESS,NEW YORK,WEST   63 STREET,,Assigned,,The Department of Homeless Services has sent a mobile outreach response team to the location.,2025-08-18T01:43:04.000,07 MANHATTAN,1011157503.0,MANHATTAN,989387.0,220206.0,PHONE,Unspecified,MANHATTAN,,,,,,,,40.771089466901344,-73.98145387958841,"
,  
(40.771089466901344, -73.98145387958841)"
65879465,2025-08-18 00:30:40,2025-08-18 00:45:43,NYPD,New York City Police Department,Noise - Residential,Banging/Pounding,Residential Building/House,11216.0,717 STERLING PLACE,STERLING PLACE,FRANKLIN AVENUE,BEDFORD AVENUE,FRANKLIN AVENUE,BEDFORD AVENUE,ADDRESS,BROOKLYN,STERLING PLACE,,Closed,,The Police Department responded to the complaint but officers were unable to gain entry into the premises.,2025-08-18T00:45:48.000,08 BROOKLYN,3012380047.0,BROOKLYN,996722.0,184438.0,ONLINE,Unspecified,BROOKLYN,,,,,,,,40.67290766837911,-73.95503859985632,"
,  
(40.67290766837911, -73.95503859985632)"
65875175,2025-08-18 00:30:22,,NYPD,New York City Police Department,Noise - Residential,Loud Music/Party,Residential Building/House,10459.0,1210 SIMPSON STREET,SIMPSON STREET,HOME STREET,FREEMAN STREET,HOME STREET,FREEMAN STREET,ADDRESS,BRONX,SIMPSON STREET,,In Progress,,,2025-08-18T01:55:48.000,03 BRONX,2029757501.0,BRONX,1013893.0,241309.0,PHONE,Unspecified,BRONX,,,,,,,,40.828963185119086,-73.89288671270373,"
,  
(40.828963185119086, -73.89288671270373)"
65881471,2025-08-18 00:29:37,2025-08-18 01:05:41,NYPD,New York City Police Department,Noise - Street/Sidewalk,Loud Music/Party,Street/Sidewalk,10036.0,547 WEST   47 STREET,WEST   47 STREET,10 AVENUE,11 AVENUE,10 AVENUE,11 AVENUE,ADDRESS,NEW YORK,WEST   47 STREET,,Closed,,The Police Department responded and upon arrival those responsible for the condition were gone.,2025-08-18T01:05:43.000,04 MANHATTAN,1010767502.0,MANHATTAN,985676.0,217450.0,MOBILE,Unspecified,MANHATTAN,,,,,,,,40.763526339027344,-73.99485229426163,"
,  
(40.763526339027344, -73.99485229426163)"
65880370,2025-08-18 00:29:12,2025-08-18 01:30:15,NYPD,New York City Police Department,Noise - Park,Loud Music/Party,Park/Playground,10464.0,PELHAM BAY PARK,PELHAM BAY PARK,,PARK DRIVE,,PARK DRIVE,PLACE,BRONX,PELHAM BAY PARK,,Closed,,The Police Department responded to the complaint and took action to fix the condition.,2025-08-18T01:30:19.000,28 BRONX,2056500001.0,BRONX,1036955.0,255379.0,ONLINE,Pelham Bay Park,BRONX,,,,,,,,40.86747358275403,-73.8094430998493,"
,  
(40.86747358275403, -73.8094430998493)"
65877755,2025-08-18 00:29:04,2025-08-18 01:23:18,NYPD,New York City Police Department,Noise - Street/Sidewalk,Loud Music/Party,Street/Sidewalk,11221.0,1005 WILLOUGHBY AVENUE,WILLOUGHBY AVENUE,EVERGREEN AVENUE,CENTRAL AVENUE,EVERGREEN AVENUE,CENTRAL AVENUE,ADDRESS,BROOKLYN,WILLOUGHBY AVENUE,,Closed,,The Police Department responded and upon arrival those responsible for the condition were gone.,2025-08-18T01:23:24.000,04 BROOKLYN,3031840054.0,BROOKLYN,1003962.0,193915.0,PHONE,Unspecified,BROOKLYN,,,,,,,,40.69890669596684,-73.92891077596047,"
,  
(40.69890669596684, -73.92891077596047)"
65880768,2025-08-18 00:28:44,,NYPD,New York City Police Department,Noise - Commercial,Loud Music/Party,Store/Commercial,10452.0,1150 ANDERSON AVENUE,ANDERSON AVENUE,WEST  166 STREET,WEST  167 STREET,WEST  166 STREET,WEST  167 STREET,ADDRESS,BRONX,ANDERSON AVENUE,,In Progress,,,,04 BRONX,2025050050.0,BRONX,1005159.0,243800.0,MOBILE,Unspecified,BRONX,,,,,,,,40.83582525592861,-73.92443873957221,"
,  
(40.83582525592861, -73.92443873957221)"
65877953,2025-08-18 00:28:29,,NYPD,New York City Police Department,Illegal Parking,Blocked Hydrant,Street/Sidewalk,11421.0,85-77 80 STREET,80 STREET,85 DRIVE,86 AVENUE,85 DRIVE,86 AVENUE,ADDRESS,WOODHAVEN,80 STREET,,In Progress,,,,09 QUEENS,4088470199.0,QUEENS,1022234.0,192082.0,PHONE,Unspecified,QUEENS,,,,,,,,40.69381597828006,-73.86302517659573,"
,  
(40.69381597828006, -73.86302517659573)"
65878564,2025-08-18 00:28:26,2025-08-18 01:32:12,NYPD,New York City Police Department,Noise - Park,Loud Music/Party,Park/Playground,10464.0,PELHAM BAY PARK,PELHAM BAY PARK,,PARK DRIVE,,PARK DRIVE,PLACE,BRONX,PELHAM BAY PARK,,Closed,,The Police Department responded to the complaint and took action to fix the condition.,2025-08-18T01:32:18.000,28 BRONX,2056500001.0,BRONX,1036955.0,255379.0,ONLINE,Pelham Bay Park,BRONX,,,,,,,,40.86747358275403,-73.8094430998493,"
,  
(40.86747358275403, -73.8094430998493)"
65880684,2025-08-18 00:28:21,,NYPD,New York City Police Department,Blocked Driveway,Partial Access,Street/Sidewalk,10473.0,626 ST LAWRENCE AVENUE,ST LAWRENCE AVENUE,RANDALL AVENUE,SEWARD AVENUE,RANDALL AVENUE,SEWARD AVENUE,ADDRESS,BRONX,ST LAWRENCE AVENUE,,In Progress,,,,09 BRONX,2035570020.0,BRONX,1021900.0,237180.0,PHONE,Unspecified,BRONX,,,,,,,,40.81759976137729,-73.86397708507411,"
,  
(40.81759976137729, -73.86397708507411)"
65881494,2025-08-18 00:28:20,2025-08-18 01:33:29,NYPD,New York City Police Department,Noise - Street/Sidewalk,Loud Music/Party,Street/Sidewalk,10474.0,605 MANIDA STREET,MANIDA STREET,RANDALL AVENUE,SPOFFORD AVENUE,RANDALL AVENUE,SPOFFORD AVENUE,ADDRESS,BRONX,MANIDA STREET,,Closed,,The Police Department responded to the complaint and with the information available observed no evidence of the violation at that time.,2025-08-18T01:33:34.000,02 BRONX,2027650228.0,BRONX,1015297.0,235251.0,ONLINE,Unspecified,BRONX,,,,,,,,40.812330874801454,-73.88784147232346,"
,  
(40.812330874801454, -73.88784147232346)"
65879666,2025-08-18 00:28:11,2025-08-18 00:45:25,NYPD,New York City Police Department,Noise - Vehicle,Car/Truck Music,Street/Sidewalk,10453.0,1815 MORRIS AVENUE,MORRIS AVENUE,HENWOOD PLACE,EAST  176 STREET,HENWOOD PLACE,EAST  176 STREET,ADDRESS,BRONX,MORRIS AVENUE,,Closed,,The Police Department responded to the complaint and with the information available observed no evidence of the violation at that time.,2025-08-18T00:45:32.000,05 BRONX,2028260032.0,BRONX,1009486.0,248042.0,MOBILE,Unspecified,BRONX,Car,,,,,,,40.84745699674944,-73.90878580908507,"
,  
(40.84745699674944, -73.90878580908507)"
65877997,2025-08-18 00:28:06,,NYPD,New York City Police Department,Noise - Residential,Loud Music/Party,Residential Building/House,10459.0,1210 SIMPSON STREET,SIMPSON STREET,HOME STREET,FREEMAN STREET,HOME STREET,FREEMAN STREET,ADDRESS,BRONX,SIMPSON STREET,,In Progress,,,2025-08-18T01:56:33.000,03 BRONX,2029757501.0,BRONX,1013893.0,241309.0,PHONE,Unspecified,BRONX,,,,,,,,40.828963185119086,-73.89288671270373,"
,  
(40.828963185119086, -73.89288671270373)"
65879638,2025-08-18 00:28:06,2025-08-18 01:18:20,NYPD,New York City Police Department,Noise - Street/Sidewalk,Loud Music/Party,Street/Sidewalk,10467.0,665 BURKE AVENUE,BURKE AVENUE,BARKER AVENUE,OLINVILLE AVENUE,BARKER AVENUE,OLINVILLE AVENUE,ADDRESS,BRONX,BURKE AVENUE,,Closed,,The Police Department responded to the complaint and took action to fix the condition.,2025-08-18T01:18:24.000,12 BRONX,2045940048.0,BRONX,1020546.0,256809.0,PHONE,Unspecified,BRONX,,,,,,,,40.87148121419083,-73.86876259870021,"
,  
(40.87148121419083, -73.86876259870021)"
65881270,2025-08-18 00:28:00,,DOT,Department of Transportation,Street Light Condition,Street Light Out,,,77 CROTONA PARK N,CROTONA PARK N,175 ST E,UNNAMED ST,,,ADDRESS,,,,Open,,,,Unspecified BRONX,,BRONX,,,UNKNOWN,Unspecified,BRONX,,,,,,,,,,
65878924,2025-08-18 00:27:57,,NYPD,New York City Police Department,Noise - Residential,Loud Music/Party,Residential Building/House,11419.0,102-26 135 STREET,135 STREET,102 AVENUE,LIBERTY AVENUE,102 AVENUE,LIBERTY AVENUE,ADDRESS,SOUTH RICHMOND HILL,135 STREET,,In Progress,,,2025-08-18T02:10:49.000,09 QUEENS,4095020131.0,QUEENS,1036296.0,191642.0,ONLINE,Unspecified,QUEENS,,,,,,,,40.69253675757114,-73.81231946524413,"
,  
(40.69253675757114, -73.81231946524413)"
65880729,2025-08-18 00:27:15,,NYPD,New York City Police Department,Illegal Parking,Blocked Hydrant,Street/Sidewalk,11413.0,135-18 232 STREET,232 STREET,135 AVENUE,137 AVENUE,135 AVENUE,137 AVENUE,ADDRESS,SPRINGFIELD GARDENS,232 STREET,,In Progress,,,2025-08-18T01:54:04.000,13 QUEENS,4131660045.0,QUEENS,1056621.0,184602.0,ONLINE,Unspecified,QUEENS,,,,,,,,40.67307078120069,-73.7391024602617,"
,  
(40.67307078120069, -73.7391024602617)"
65876059,2025-08-18 00:27:01,,NYPD,New York City Police Department,Illegal Parking,Blocked Hydrant,Street/Sidewalk,11432.0,87-23 178 STREET,178 STREET,EDGERTON BOULEVARD,88 AVENUE,EDGERTON BOULEVARD,88 AVENUE,ADDRESS,JAMAICA,178 STREET,,In Progress,,,2025-08-18T02:29:05.000,12 QUEENS,4099130023.0,QUEENS,1043787.0,198775.0,PHONE,Unspecified,QUEENS,,,,,,,,40.71206788802142,-73.78524357723688,"
,  
(40.71206788802142, -73.78524357723688)"
65881518,2025-08-18 00:26:55,2025-08-18 00:47:59,NYPD,New York City Police Department,Noise - Street/Sidewalk,Loud Talking,Street/Sidewalk,11215.0,333 PROSPECT AVENUE,PROSPECT AVENUE,WEBSTER PLACE,CALDER PLACE,WEBSTER PLACE,CALDER PLACE,ADDRESS,BROOKLYN,PROSPECT AVENUE,,Closed,,The Police Department responded to the complaint and took action to fix the condition.,2025-08-18T00:48:03.000,07 BROOKLYN,3010550048.0,BROOKLYN,987766.0,180536.0,ONLINE,Unspecified,BROOKLYN,,,,,,,,40.66220563463641,-73.98732689913034,"
,  
(40.66220563463641, -73.98732689913034)"
65878945,2025-08-18 00:26:54,,NYPD,New York City Police Department,Noise - Street/Sidewalk,Loud Music/Party,Street/Sidewalk,10456.0,1199 BOSTON ROAD,BOSTON ROAD,JACKSON AVENUE,EAST  168 STREET,JACKSON AVENUE,EAST  168 STREET,ADDRESS,BRONX,BOSTON ROAD,,In Progress,,,,03 BRONX,2026140033.0,BRONX,1011294.0,241530.0,ONLINE,Unspecified,BRONX,,,,,,,,40.82957810691343,-73.90227715170329,"
,  
(40.82957810691343, -73.90227715170329)"
65881307,2025-08-18 00:26:52,2025-08-18 01:16:43,NYPD,New York City Police Department,Noise - Park,Loud Music/Party,Park/Playground,10027.0,18 MT MORRIS PARK WEST,MT MORRIS PARK WEST,WEST  121 STREET,WEST  122 STREET,WEST  121 STREET,WEST  122 STREET,ADDRESS,NEW YORK,MOUNT MORRIS PARK WEST,,Closed,,The Police Department responded to the complaint and took action to fix the condition.,2025-08-18T01:16:48.000,11 MANHATTAN,1017190001.0,MANHATTAN,999341.0,232509.0,ONLINE,Marcus Garvey Park,MANHATTAN,,,,,,,,40.80484651053699,-73.94548930106254,"
,  
(40.80484651053699, -73.94548930106254)"
65876838,2025-08-18 00:26:50,2025-08-18 00:45:57,NYPD,New York City Police Department,Noise - Street/Sidewalk,Loud Talking,Street/Sidewalk,10453.0,1815 GRAND CONCOURSE,GRAND CONCOURSE,EASTBURN AVENUE,EAST  176 STREET,EASTBURN AVENUE,EAST  176 STREET,ADDRESS,BRONX,GRAND CONCOURSE,,Closed,,The Police Department responded to the complaint and with the information available observed no evidence of the violation at that time.,2025-08-18T00:46:02.000,05 BRONX,2028260072.0,BRONX,1009655.0,247989.0,PHONE,Unspecified,BRONX,,,,,,,,40.84731104281934,-73.908175168756,"
,  
(40.84731104281934, -73.908175168756)"
65876976,2025-08-18 00:26:35,,NYPD,New York City Police Department,Illegal Parking,Blocked Hydrant,Street/Sidewalk,11420.0,133-33 128 STREET,128 STREET,133 AVENUE,135 AVENUE,133 AVENUE,135 AVENUE,ADDRESS,SOUTH OZONE PARK,128 STREET,,In Progress,,,,10 QUEENS,4117870019.0,QUEENS,1036613.0,183575.0,PHONE,Unspecified,QUEENS,,,,,,,,40.67039285778056,-73.81123903578758,"
,  
(40.67039285778056, -73.81123903578758)"
65876635,2025-08-18 00:26:32,2025-08-18 00:44:36,NYPD,New York City Police Department,Noise - Commercial,Banging/Pounding,Store/Commercial,11224.0,3040 WEST   22 STREET,WEST   22 STREET,SURF AVENUE,DEAD END,SURF AVENUE,DEAD END,ADDRESS,BROOKLYN,WEST   22 STREET,,Closed,,The Police Department responded to the complaint and took action to fix the condition.,2025-08-18T00:44:42.000,13 BROOKLYN,3070710019.0,BROOKLYN,987418.0,148265.0,MOBILE,Unspecified,BROOKLYN,,,,,,,,40.57362857916003,-73.98859637587935,"
,  
(40.57362857916003, -73.98859637587935)"
65881526,2025-08-18 00:26:20,2025-08-18 01:18:03,NYPD,New York City Police Department,Noise - Street/Sidewalk,Loud Talking,Street/Sidewalk,11368.0,100-05 41 AVENUE,41 AVENUE,100 STREET,102 STREET,100 STREET,102 STREET,ADDRESS,CORONA,41 AVENUE,,Closed,,The Police Department responded to the complaint and took action to fix the condition.,2025-08-18T01:18:09.000,04 QUEENS,4016100162.0,QUEENS,1021777.0,211894.0,PHONE,Unspecified,QUEENS,,,,,,,,40.74819702122622,-73.86456270756402,"
,  
(40.74819702122622, -73.86456270756402)"
65880363,2025-08-18 00:25:57,2025-08-18 01:11:36,NYPD,New York City Police Department,Noise - Park,Loud Music/Party,Park/Playground,10040.0,4565 BROADWAY,BROADWAY,BENNETT AVENUE,WEST  196 STREET,BENNETT AVENUE,WEST  196 STREET,ADDRESS,NEW YORK,BROADWAY,,Closed,,The Police Department responded to the complaint and with the information available observed no evidence of the violation at that time.,2025-08-18T01:11:38.000,12 MANHATTAN,1021790625.0,MANHATTAN,1003291.0,252537.0,ONLINE,Fort Tryon Park,MANHATTAN,,,,,,,,40.85980996245689,-73.93116453197796,"
,  
(40.85980996245689, -73.93116453197796)"
65878926,2025-08-18 00:25:32,,NYPD,New York City Police Department,Noise - Residential,Loud Music/Party,Residential Building/House,10463.0,5480 BROADWAY,BROADWAY,WEST  228 STREET,EXTERIOR STREET,WEST  228 STREET,EXTERIOR STREET,ADDRESS,BRONX,BROADWAY,,In Progress,,,,08 BRONX,1022150116.0,BRONX,1009945.0,258620.0,MOBILE,Unspecified,BRONX,,,,,,,,40.876489075502576,-73.9070862249041,"
,  
(40.876489075502576, -73.9070862249041)"
65879630,2025-08-18 00:25:26,2025-08-18 01:43:41,NYPD,New York City Police Department,Noise - Street/Sidewalk,Loud Music/Party,Street/Sidewalk,11221.0,987 WILLOUGHBY AVENUE,WILLOUGHBY AVENUE,EVERGREEN AVENUE,CENTRAL AVENUE,EVERGREEN AVENUE,CENTRAL AVENUE,ADDRESS,BROOKLYN,WILLOUGHBY AVENUE,,Closed,,The Police Department responded and upon arrival those responsible for the condition were gone.,2025-08-18T01:43:44.000,04 BROOKLYN,3031840062.0,BROOKLYN,1003840.0,193816.0,ONLINE,Unspecified,BROOKLYN,,,,,,,,40.69863523506061,-73.9293510437017,"
,  
(40.698635235060614, -73.9293510437017)"
65881611,2025-08-18 00:25:20,,NYPD,New York City Police Department,Blocked Driveway,Partial Access,Street/Sidewalk,11420.0,114-37 116 STREET,116 STREET,LINDEN BOULEVARD,ROCKAWAY BOULEVARD,LINDEN BOULEVARD,ROCKAWAY BOULEVARD,ADDRESS,SOUTH OZONE PARK,116 STREET,,In Progress,,,,10 QUEENS,4116430045.0,QUEENS,1033420.0,186147.0,PHONE,Unspecified,QUEENS,,,,,,,,40.67747071484583,-73.82273053884393,"
,  
(40.67747071484583, -73.82273053884393)"
65879908,2025-08-18 00:25:17,,DHS,Department of Homeless Services,Homeless Person Assistance,Non-Chronic,Store/Commercial,10107.0,250 WEST 57 STREET,WEST 57 STREET,BROADWAY,8 AVENUE,BROADWAY,8 AVENUE,ADDRESS,NEW YORK,WEST   57 STREET,,Assigned,,The Department of Homeless Services has sent a mobile outreach response team to the location.,2025-08-18T01:42:35.000,05 MANHATTAN,1010280056.0,MANHATTAN,989203.0,218494.0,ONLINE,Unspecified,MANHATTAN,,,,,,,,40.76639057686906,-73.98211943675079,"
,  
(40.76639057686906, -73.98211943675079)"
65876662,2025-08-18 00:24:54,2025-08-18 00:43:55,NYPD,New York City Police Department,Noise - Park,Loud Talking,Park/Playground,10026.0,48 ST NICHOLAS AVENUE,ST NICHOLAS AVENUE,WEST  112 STREET,WEST  113 STREET,WEST  112 STREET,WEST  113 STREET,ADDRESS,NEW YORK,ST NICHOLAS AVENUE,,Closed,,The Police Department responded to the complaint and took action to fix the condition.,2025-08-18T00:43:58.000,10 MANHATTAN,1018220024.0,MANHATTAN,997408.0,230850.0,ONLINE,St. Nicholas Park,MANHATTAN,,,,,,,,40.80029610120122,-73.95247480385893,"
,  
(40.80029610120122, -73.95247480385893)"
65878652,2025-08-18 00:24:38,2025-08-18 00:44:13,NYPD,New York City Police Department,Noise - Residential,Loud Music/Party,Residential Building/House,11413.0,232-04 MENTONE AVENUE,MENTONE AVENUE,141 AVENUE,233 STREET,141 AVENUE,233 STREET,ADDRESS,SPRINGFIELD GARDENS,MENTONE AVENUE,,Closed,,The Police Department responded to the complaint and took action to fix the condition.,2025-08-18T00:44:22.000,13 QUEENS,4131960113.0,QUEENS,1055794.0,182328.0,PHONE,Unspecified,QUEENS,,,,,,,,40.66683590849004,-73.74210791362125,"
,  
(40.666835908490036, -73.74210791362125)"
65880543,2025-08-18 00:24:13,2025-08-18 00:39:27,NYPD,New York City Police Department,Noise - Street/Sidewalk,Loud Music/Party,Street/Sidewalk,10040.0,570 WEST  190 STREET,WEST  190 STREET,AUDUBON AVENUE,ST NICHOLAS AVENUE,AUDUBON AVENUE,ST NICHOLAS AVENUE,ADDRESS,NEW YORK,WEST  190 STREET,,Closed,,The Police Department responded to the complaint and with the information available observed no evidence of the violation at that time.,2025-08-18T00:39:37.000,12 MANHATTAN,1021580067.0,MANHATTAN,1003895.0,250647.0,ONLINE,Unspecified,MANHATTAN,,,,,,,,40.85462115652687,-73.9289865404921,"
,  
(40.85462115652687, -73.9289865404921)"
65880786,2025-08-18 00:23:49,,NYPD,New York City Police Department,Noise - Residential,Loud Music/Party,Residential Building/House,11419.0,129-02 95 AVENUE,95 AVENUE,129 STREET,130 STREET,129 STREET,130 STREET,ADDRESS,SOUTH RICHMOND HILL,95 AVENUE,,In Progress,,,2025-08-18T02:16:49.000,09 QUEENS,4094710001.0,QUEENS,1034371.0,192396.0,ONLINE,Unspecified,QUEENS,,,,,,,,40.69461741980194,-73.81925548331475,"
,  
(40.69461741980194, -73.81925548331475)"
65877042,2025-08-18 00:23:48,,NYPD,New York City Police Department,Noise - Street/Sidewalk,Loud Music/Party,Street/Sidewalk,11419.0,102-30 135 STREET,135 STREET,102 AVENUE,LIBERTY AVENUE,102 AVENUE,LIBERTY AVENUE,ADDRESS,SOUTH RICHMOND HILL,135 STREET,,In Progress,,,2025-08-18T02:11:10.000,09 QUEENS,4095020034.0,QUEENS,1036301.0,191628.0,ONLINE,Unspecified,QUEENS,,,,,,,,40.69249830148893,-73.81230154321955,"
,  
(40.69249830148893, -73.81230154321955)"
65876819,2025-08-18 00:23:29,2025-08-18 01:17:26,NYPD,New York City Police Department,Noise - Street/Sidewalk,Loud Music/Party,Street/Sidewalk,10475.0,BOSTON ROAD,BOSTON ROAD,BOSTON ROAD,CONNER STREET,BOSTON ROAD,CONNER STREET,INTERSECTION,,,,Closed,,The Police Department responded to the complaint and with the information available observed no evidence of the violation at that time.,2025-08-18T01:17:28.000,12 BRONX,,BRONX,1031833.0,262115.0,ONLINE,Unspecified,BRONX,,,,,,,,40.88599088210431,-73.82791398812846,"
,  
(40.88599088210431, -73.82791398812846)"
65878940,2025-08-18 00:23:24,,NYPD,New York City Police Department,Noise - Street/Sidewalk,Loud Music/Party,Street/Sidewalk,10032.0,647 WEST  172 STREET,WEST  172 STREET,BROADWAY,FORT WASHINGTON AVENUE,BROADWAY,FORT WASHINGTON AVENUE,ADDRESS,NEW YORK,WEST  172 STREET,,In Progress,,,,12 MANHATTAN,1021420095.0,MANHATTAN,1000929.0,246864.0,ONLINE,Unspecified,MANHATTAN,,,,,,,,40.84424404365834,-73.93971755210634,"
,  
(40.84424404365834, -73.93971755210634)"
65877039,2025-08-18 00:23:15,,NYPD,New York City Police Department,Noise - Residential,Loud Music/Party,Residential Building/House,10457.0,1515 SELWYN AVENUE,SELWYN AVENUE,EAST  172 STREET,MOUNT EDEN PARKWAY,EAST  172 STREET,MOUNT EDEN PARKWAY,ADDRESS,BRONX,SELWYN AVENUE,,In Progress,,,2025-08-18T02:41:46.000,04 BRONX,2028190051.0,BRONX,1009067.0,245630.0,PHONE,Unspecified,BRONX,,,,,,,,40.84083795474705,-73.910309187823,"
,  
(40.84083795474705, -73.910309187823)"
65875787,2025-08-18 00:23:00,2025-08-18 01:02:45,NYPD,New York City Police Department,Noise - Residential,Loud Music/Party,Residential Building/House,11203.0,EAST   54 STREET,EAST   54 STREET,EAST   54 STREET,FOSTER AVENUE,EAST   54 STREET,FOSTER AVENUE,INTERSECTION,,,,Closed,,The Police Department responded to the complaint and took action to fix the condition.,2025-08-18T01:02:48.000,18 BROOKLYN,,BROOKLYN,1005090.0,171366.0,PHONE,Unspecified,BROOKLYN,,,,,,,,40.637012156494464,-73.92491247350605,"
,  
(40.637012156494464, -73.92491247350605)"
65881663,2025-08-18 00:22:30,,NYPD,New York City Police Department,Illegal Parking,Commercial Overnight Parking,Street/Sidewalk,11420.0,122 STREET,122 STREET,122 STREET,150 AVENUE,122 STREET,150 AVENUE,INTERSECTION,,,,In Progress,,,,10 QUEENS,,QUEENS,1034397.0,182119.0,PHONE,Unspecified,QUEENS,,,,,,,,40.66640930043122,-73.81923819973052,"
,  
(40.66640930043122, -73.81923819973052)"
65880413,2025-08-18 00:22:27,2025-08-18 00:38:10,NYPD,New York City Police Department,Noise - Residential,Banging/Pounding,Residential Building/House,10029.0,50 EAST  102 STREET,EAST  102 STREET,MADISON AVENUE,PARK AVENUE,MADISON AVENUE,PARK AVENUE,ADDRESS,NEW YORK,EAST  102 STREET,,Closed,,The Police Department responded to the complaint and with the information available observed no evidence of the violation at that time.,2025-08-18T00:38:12.000,11 MANHATTAN,1016050024.0,MANHATTAN,997725.0,227472.0,ONLINE,Unspecified,MANHATTAN,,,,,,,,40.79102393091951,-73.9513366142888,"
,  
(40.79102393091951, -73.9513366142888)"
65881691,2025-08-18 00:22:25,,NYPD,New York City Police Department,Noise - Residential,Loud Music/Party,Residential Building/House,11419.0,102-26 135 STREET,135 STREET,102 AVENUE,LIBERTY AVENUE,102 AVENUE,LIBERTY AVENUE,ADDRESS,SOUTH RICHMOND HILL,135 STREET,,In Progress,,,2025-08-18T02:12:05.000,09 QUEENS,4095020131.0,QUEENS,1036296.0,191642.0,ONLINE,Unspecified,QUEENS,,,,,,,,40.69253675757114,-73.81231946524413,"
,  
(40.69253675757114, -73.81231946524413)"
65881815,2025-08-18 00:22:22,,DSNY,Department of Sanitation,Residential Disposal Complaint,Trash or Recycling Not Secure,Sidewalk,11216.0,1140 PACIFIC STREET,PACIFIC STREET,FRANKLIN AVENUE,BEDFORD AVENUE,FRANKLIN AVENUE,BEDFORD AVENUE,ADDRESS,BROOKLYN,PACIFIC STREET,,In Progress,,,,08 BROOKLYN,3012050014.0,BROOKLYN,996919.0,186349.0,ONLINE,Unspecified,BROOKLYN,,,,,,,,40.67815265237767,-73.95432482536107,"
,  
(40.67815265237767, -73.95432482536107)"
65880600,2025-08-18 00:21:59,2025-08-18 00:45:23,NYPD,New York City Police Department,Noise - Vehicle,Car/Truck Music,Street/Sidewalk,10453.0,1815 MORRIS AVENUE,MORRIS AVENUE,HENWOOD PLACE,EAST  176 STREET,HENWOOD PLACE,EAST  176 STREET,ADDRESS,BRONX,MORRIS AVENUE,,Closed,,The Police Department responded to the complaint and with the information available observed no evidence of the violation at that time.,2025-08-18T00:45:32.000,05 BRONX,2028260032.0,BRONX,1009486.0,248042.0,MOBILE,Unspecified,BRONX,Car,,,,,,,40.84745699674944,-73.90878580908507,"
,  
(40.84745699674944, -73.90878580908507)"
65878941,2025-08-18 00:21:57,,NYPD,New York City Police Department,Noise - Street/Sidewalk,Loud Music/Party,Street/Sidewalk,10032.0,647 WEST  172 STREET,WEST  172 STREET,BROADWAY,FORT WASHINGTON AVENUE,BROADWAY,FORT WASHINGTON AVENUE,ADDRESS,NEW YORK,WEST  172 STREET,,In Progress,,,,12 MANHATTAN,1021420095.0,MANHATTAN,1000929.0,246864.0,ONLINE,Unspecified,MANHATTAN,,,,,,,,40.84424404365834,-73.93971755210634,"
,  
(40.84424404365834, -73.93971755210634)"
65879742,2025-08-18 00:21:56,,DPR,Department of Parks and Recreation,Damaged Tree,Branch or Limb Has Fallen Down,Street,11373.0,85-08 54 AVENUE,54 AVENUE,HASPEL STREET,VAN HORN STREET,HASPEL STREET,VAN HORN STREET,ADDRESS,ELMHURST,54 AVENUE,,In Progress,,,,04 QUEENS,4028780012.0,QUEENS,1017511.0,206573.0,ONLINE,Unspecified,QUEENS,,,,,,,,40.73360928856283,-73.87998525878926,"
,  
(40.73360928856283, -73.87998525878926)"
65876483,2025-08-18 00:21:40,2025-08-18 01:36:40,NYPD,New York City Police Department,Illegal Parking,Commercial Overnight Parking,Street/Sidewalk,11358.0,46 AVENUE,46 AVENUE,163 STREET,164 STREET,163 STREET,164 STREET,BLOCKFACE,,,,Closed,,The Police Department responded to the complaint and determined that police action was not necessary.,2025-08-18T01:36:44.000,Unspecified QUEENS,,QUEENS,,,PHONE,Unspecified,QUEENS,,,,,,,,,,
65875106,2025-08-18 00:21:25,,DOHMH,Department of Health and Mental Hygiene,Rodent,Rat Sighting,Other (Explain Below),10023.0,280 WEST   76 STREET,WEST   76 STREET,BROADWAY,WEST END AVENUE,BROADWAY,WEST END AVENUE,ADDRESS,NEW YORK,WEST   76 STREET,,In Progress,,,,07 MANHATTAN,,MANHATTAN,989198.0,224250.0,ONLINE,Unspecified,MANHATTAN,,,,,,,,40.78218929045763,-73.98213324871337,"
,  
(40.78218929045763, -73.98213324871337)"
65877044,2025-08-18 00:20:35,,NYPD,New York City Police Department,Noise - Street/Sidewalk,Loud Music/Party,Street/Sidewalk,10468.0,EAST  193 STREET,EAST  193 STREET,EAST  193 STREET,MORRIS AVENUE,EAST  193 STREET,MORRIS AVENUE,INTERSECTION,,,,In Progress,,,2025-08-18T02:22:46.000,07 BRONX,,BRONX,1012759.0,254893.0,PHONE,Unspecified,BRONX,,,,,,,,40.866250968122735,-73.8969265960367,"
,  
(40.866250968122735, -73.8969265960367)"
65876932,2025-08-18 00:20:30,,NYPD,New York City Police Department,Blocked Driveway,No Access,Street/Sidewalk,11418.0,104-57 89 AVENUE,89 AVENUE,104 STREET,107 STREET,104 STREET,107 STREET,ADDRESS,RICHMOND HILL,89 AVENUE,,In Progress,,,,09 QUEENS,4092900044.0,QUEENS,1028276.0,192155.0,PHONE,Unspecified,QUEENS,,,,,,,,40.693988351552,-73.84123657303354,"
,  
(40.693988351552, -73.84123657303354)"
65875002,2025-08-18 00:20:13,2025-08-18 00:45:17,NYPD,New York City Police Department,Noise - Vehicle,Car/Truck Music,Street/Sidewalk,10453.0,1815 MORRIS AVENUE,MORRIS AVENUE,HENWOOD PLACE,EAST  176 STREET,HENWOOD PLACE,EAST  176 STREET,ADDRESS,BRONX,MORRIS AVENUE,,Closed,,The Police Department responded to the complaint and with the information available observed no evidence of the violation at that time.,2025-08-18T00:45:23.000,05 BRONX,2028260032.0,BRONX,1009486.0,248042.0,MOBILE,Unspecified,BRONX,Car,,,,,,,40.84745699674944,-73.90878580908507,"
,  
(40.84745699674944, -73.90878580908507)"
65880442,2025-08-18 00:19:20,2025-08-18 00:29:54,NYPD,New York City Police Department,Noise - Residential,Loud Music/Party,Residential Building/House,11413.0,122-39 GRAYSON STREET,GRAYSON STREET,122 AVENUE,NASHVILLE BOULEVARD,122 AVENUE,NASHVILLE BOULEVARD,ADDRESS,SPRINGFIELD GARDENS,GRAYSON STREET,,Closed,,The Police Department responded to the complaint and took action to fix the condition.,2025-08-18T00:29:57.000,12 QUEENS,4127040008.0,QUEENS,1051520.0,188263.0,ONLINE,Unspecified,QUEENS,,,,,,,,40.68315959054959,-73.75745493053698,"
,  
(40.68315959054959, -73.75745493053698)"
65876044,2025-08-18 00:19:18,,DOHMH,Department of Health and Mental Hygiene,Food Establishment,Food Spoiled,Restaurant/Bar/Deli/Bakery,11226.0,1881 NOSTRAND AVENUE,NOSTRAND AVENUE,NEWKIRK AVENUE,FOSTER AVENUE,NEWKIRK AVENUE,FOSTER AVENUE,ADDRESS,BROOKLYN,NOSTRAND AVENUE,,In Progress,,,,17 BROOKLYN,3049640050.0,BROOKLYN,998578.0,172345.0,PHONE,Unspecified,BROOKLYN,,,,,,,,40.63971222963433,-73.94837343843426,"
,  
(40.63971222963433, -73.94837343843426)"
65876670,2025-08-18 00:19:13,2025-08-18 01:10:03,NYPD,New York City Police Department,Noise - Residential,Banging/Pounding,Residential Building/House,11208.0,55 HALE AVENUE,HALE AVENUE,FORCE TUBE AVENUE,RIDGEWOOD AVENUE,FORCE TUBE AVENUE,RIDGEWOOD AVENUE,ADDRESS,BROOKLYN,HALE AVENUE,,Closed,,The Police Department responded to the complaint and with the information available observed no evidence of the violation at that time.,2025-08-18T01:10:12.000,05 BROOKLYN,3039150003.0,BROOKLYN,1017293.0,188500.0,ONLINE,Unspecified,BROOKLYN,,,,,,,,40.68400404790752,-73.88086055519855,"
,  
(40.68400404790752, -73.88086055519855)"
65876103,2025-08-18 00:19:12,,NYPD,New York City Police Department,Noise - Street/Sidewalk,Loud Music/Party,Street/Sidewalk,10032.0,647 WEST  172 STREET,WEST  172 STREET,BROADWAY,FORT WASHINGTON AVENUE,BROADWAY,FORT WASHINGTON AVENUE,ADDRESS,NEW YORK,WEST  172 STREET,,In Progress,,,,12 MANHATTAN,1021420095.0,MANHATTAN,1000929.0,246864.0,ONLINE,Unspecified,MANHATTAN,,,,,,,,40.84424404365834,-73.93971755210634,"
,  
(40.84424404365834, -73.93971755210634)"
65877026,2025-08-18 00:19:06,,NYPD,New York City Police Department,Noise - Residential,Loud Music/Party,Residential Building/House,11412.0,115-70 DUNKIRK STREET,DUNKIRK STREET,TIOGA DRIVE,NEWBURG STREET,TIOGA DRIVE,NEWBURG STREET,ADDRESS,SAINT ALBANS,DUNKIRK STREET,,In Progress,,,,12 QUEENS,4103150125.0,QUEENS,1049220.0,191912.0,MOBILE,Unspecified,QUEENS,,,,,,,,40.69319240296928,-73.765712457099,"
,  
(40.69319240296928, -73.765712457099)"
65876058,2025-08-18 00:19:03,,NYPD,New York City Police Department,Illegal Parking,Blocked Hydrant,Street/Sidewalk,11229.0,2051 EAST   18 STREET,EAST   18 STREET,AVENUE T,AVENUE U,AVENUE T,AVENUE U,ADDRESS,BROOKLYN,EAST   18 STREET,,In Progress,,,,15 BROOKLYN,3073230061.0,BROOKLYN,997093.0,157971.0,ONLINE,Unspecified,BROOKLYN,,,,,,,,40.60026087581808,-73.95375152490155,"
,  
(40.60026087581808, -73.95375152490155)"
65878911,2025-08-18 00:18:56,,NYPD,New York City Police Department,Noise - Commercial,Loud Talking,Store/Commercial,11412.0,193-12 LINDEN BOULEVARD,LINDEN BOULEVARD,193 STREET,194 STREET,193 STREET,194 STREET,ADDRESS,SAINT ALBANS,LINDEN BOULEVARD,,In Progress,,,,12 QUEENS,4126100105.0,QUEENS,1051259.0,191757.0,MOBILE,Unspecified,QUEENS,,,,,,,,40.692751761939256,-73.75836122208005,"
,  
(40.692751761939256, -73.75836122208005)"
65878656,2025-08-18 00:18:53,2025-08-18 00:55:20,NYPD,New York City Police Department,Noise - Residential,Loud Talking,Residential Building/House,10025.0,203 WEST   94 STREET,WEST   94 STREET,AMSTERDAM AVENUE,BROADWAY,AMSTERDAM AVENUE,BROADWAY,ADDRESS,NEW YORK,WEST   94 STREET,,Closed,,The Police Department responded to the complaint and with the information available observed no evidence of the violation at that time.,2025-08-18T00:55:27.000,07 MANHATTAN,1012420128.0,MANHATTAN,992123.0,228141.0,ONLINE,Unspecified,MANHATTAN,,,,,,,,40.79286692180825,-73.97156679562453,"
,  
(40.79286692180825, -73.97156679562453)"
65877448,2025-08-18 00:18:51,2025-08-18 01:33:49,NYPD,New York City Police Department,Illegal Parking,Double Parked Blocking Traffic,Street/Sidewalk,11105.0,45 STREET,45 STREET,45 STREET,DITMARS BOULEVARD,45 STREET,DITMARS BOULEVARD,INTERSECTION,,,,Closed,,The Police Department responded to the complaint and with the information available observed no evidence of the violation at that time.,2025-08-18T01:33:54.000,01 QUEENS,,QUEENS,1011065.0,220124.0,PHONE,Unspecified,QUEENS,Car,,,,,,,40.7708252205022,-73.90319012204189,"
,  
(40.7708252205022, -73.90319012204189)"
65880679,2025-08-18 00:18:40,,NYPD,New York City Police Department,Blocked Driveway,No Access,Street/Sidewalk,11218.0,65 MINNA STREET,MINNA STREET,BILLS PLACE,CHESTER AVENUE,BILLS PLACE,CHESTER AVENUE,ADDRESS,BROOKLYN,MINNA STREET,,In Progress,,,2025-08-18T02:24:09.000,12 BROOKLYN,3053050033.0,BROOKLYN,988897.0,174517.0,MOBILE,Unspecified,BROOKLYN,,,,,,,,40.64568427281576,-73.98325446033242,"
,  
(40.645684272815764, -73.98325446033242)"
65880782,2025-08-18 00:18:20,,NYPD,New York City Police Department,Noise - Residential,Loud Music/Party,Residential Building/House,11419.0,102-24 135 STREET,135 STREET,102 AVENUE,LIBERTY AVENUE,102 AVENUE,LIBERTY AVENUE,ADDRESS,SOUTH RICHMOND HILL,135 STREET,,In Progress,,,2025-08-18T02:17:15.000,09 QUEENS,4095020031.0,QUEENS,1036293.0,191649.0,ONLINE,Unspecified,QUEENS,,,,,,,,40.692555988551376,-73.81233022928471,"
,  
(40.692555988551376, -73.81233022928471)"
65879520,2025-08-18 00:18:07,2025-08-18 01:36:58,NYPD,New York City Police Department,Noise - Residential,Loud Music/Party,Residential Building/House,10465.0,819 SWINTON AVENUE,SWINTON AVENUE,PHILIP AVENUE,LAFAYETTE AVENUE,PHILIP AVENUE,LAFAYETTE AVENUE,ADDRESS,BRONX,SWINTON AVENUE,,Closed,,The Police Department responded to the complaint and determined that police action was not necessary.,2025-08-18T01:37:04.000,10 BRONX,2055470027.0,BRONX,1032006.0,240517.0,ONLINE,Unspecified,BRONX,,,,,,,,40.82671001148695,-73.82744219657546,"
,  
(40.826710011486945, -73.82744219657546)"
65878942,2025-08-18 00:17:55,,NYPD,New York City Police Department,Noise - Street/Sidewalk,Loud Music/Party,Street/Sidewalk,10032.0,647 WEST  172 STREET,WEST  172 STREET,BROADWAY,FORT WASHINGTON AVENUE,BROADWAY,FORT WASHINGTON AVENUE,ADDRESS,NEW YORK,WEST  172 STREET,,In Progress,,,,12 MANHATTAN,1021420095.0,MANHATTAN,1000929.0,246864.0,ONLINE,Unspecified,MANHATTAN,,,,,,,,40.84424404365834,-73.93971755210634,"
,  
(40.84424404365834, -73.93971755210634)"
65881419,2025-08-18 00:17:50,2025-08-18 00:42:52,NYPD,New York City Police Department,Noise - Residential,Loud Talking,Residential Building/House,11692.0,628 BEACH   69 STREET,BEACH   69 STREET,HILLMEYER AVENUE,DE COSTA AVENUE,HILLMEYER AVENUE,DE COSTA AVENUE,ADDRESS,ARVERNE,BEACH   69 STREET,,Closed,,The Police Department responded to the complaint and took action to fix the condition.,2025-08-18T00:42:57.000,14 QUEENS,4160290014.0,QUEENS,1040165.0,157100.0,ONLINE,Unspecified,QUEENS,,,,,,,,40.597703077940686,-73.79865400760337,"
,  
(40.597703077940686, -73.79865400760337)"
65877076,2025-08-18 00:17:36,,NYPD,New York City Police Department,Illegal Parking,Parking Permit Improper Use,Street/Sidewalk,11228.0,1368 78 STREET,78 STREET,13 AVENUE,14 AVENUE,13 AVENUE,14 AVENUE,ADDRESS,BROOKLYN,78 STREET,,In Progress,,,,10 BROOKLYN,3062560035.0,BROOKLYN,982078.0,164333.0,MOBILE,Unspecified,BROOKLYN,,,,,,,,40.61773230062101,-74.00782355958553,"
,  
(40.617732300621014, -74.00782355958553)"
65880915,2025-08-18 00:17:07,,DSNY,Department of Sanitation,Missed Collection,Trash,Street,10461.0,2030 WILLIAMSBRIDGE ROAD,WILLIAMSBRIDGE ROAD,NEILL AVENUE,LYDIG AVENUE,NEILL AVENUE,LYDIG AVENUE,ADDRESS,BRONX,WILLIAMSBRIDGE ROAD,,In Progress,,,,11 BRONX,2043070038.0,BRONX,1024433.0,250684.0,ONLINE,Unspecified,BRONX,,,,,,,,40.85465312372671,-73.85474491167986,"
,  
(40.854653123726706, -73.85474491167986)"
65877963,2025-08-18 00:16:45,,NYPD,New York City Police Department,Illegal Parking,Double Parked Blocking Traffic,Street/Sidewalk,11421.0,86-63 77 STREET,77 STREET,JAMAICA AVENUE,88 AVENUE,JAMAICA AVENUE,88 AVENUE,ADDRESS,WOODHAVEN,77 STREET,,In Progress,,,,09 QUEENS,4089080078.0,QUEENS,1021784.0,191197.0,ONLINE,Unspecified,QUEENS,Truck,,,,,,,40.69138878063684,-73.86465285861517,"
,  
(40.69138878063684, -73.86465285861517)"
65880418,2025-08-18 00:16:45,2025-08-18 01:16:17,NYPD,New York City Police Department,Noise - Residential,Loud Music/Party,Residential Building/House,11212.0,10 AMBOY STREET,AMBOY STREET,EAST NEW YORK AVENUE,PITKIN AVENUE,EAST NEW YORK AVENUE,PITKIN AVENUE,ADDRESS,BROOKLYN,AMBOY STREET,,Closed,,The Police Department responded to the complaint and took action to fix the condition.,2025-08-18T01:16:23.000,16 BROOKLYN,3034940010.0,BROOKLYN,1007879.0,183491.0,ONLINE,Unspecified,BROOKLYN,,,,,,,,40.67028561802885,-73.9148210968993,"
,  
(40.67028561802885, -73.9148210968993)"
65877714,2025-08-18 00:16:17,2025-08-18 00:39:35,NYPD,New York City Police Department,Noise - Residential,Loud Talking,Residential Building/House,11374.0,66-01 BURNS STREET,BURNS STREET,DEAD END,THORNTON PLACE,DEAD END,THORNTON PLACE,ADDRESS,REGO PARK,BURNS STREET,,Closed,,The Police Department responded to the complaint and took action to fix the condition.,2025-08-18T00:39:42.000,06 QUEENS,4031550001.0,QUEENS,1023553.0,203004.0,ONLINE,Unspecified,QUEENS,,,,,,,,40.723788482937245,-73.85820495907939,"
,  
(40.723788482937245, -73.85820495907939)"
65879521,2025-08-18 00:15:52,2025-08-18 01:37:21,NYPD,New York City Police Department,Noise - Residential,Loud Music/Party,Residential Building/House,10465.0,2850 PHILIP AVENUE,PHILIP AVENUE,CALHOUN AVENUE,REVERE AVENUE,CALHOUN AVENUE,REVERE AVENUE,ADDRESS,BRONX,PHILIP AVENUE,,Closed,,The Police Department responded to the complaint and determined that police action was not necessary.,2025-08-18T01:37:28.000,10 BRONX,2055440077.0,BRONX,1032601.0,240631.0,ONLINE,Unspecified,BRONX,,,,,,,,40.827019671274805,-73.8252914541254,"
,  
(40.827019671274805, -73.8252914541254)"
65880428,2025-08-18 00:15:48,2025-08-18 00:24:42,NYPD,New York City Police Department,Noise - Residential,Loud Music/Party,Residential Building/House,11422.0,134-53 233 STREET,233 STREET,MERRICK BOULEVARD,135 AVENUE,MERRICK BOULEVARD,135 AVENUE,ADDRESS,ROSEDALE,233 STREET,,Closed,,The Police Department responded to the complaint and took action to fix the condition.,2025-08-18T00:24:47.000,13 QUEENS,,QUEENS,1057077.0,184956.0,ONLINE,Unspecified,QUEENS,,,,,,,,40.67403868778321,-73.73745476463232,"
,  
(40.67403868778321, -73.73745476463232)"
65876653,2025-08-18 00:15:35,2025-08-18 01:34:12,NYPD,New York City Police Department,Noise - Commercial,Loud Music/Party,Store/Commercial,10034.0,99 MARGARET CORBIN DRIVE,MARGARET CORBIN DRIVE,BEND,FORT TRYON PLACE,BEND,FORT TRYON PLACE,ADDRESS,NEW YORK,MARGARET CORBIN DRIVE,,Closed,,The Police Department responded and upon arrival those responsible for the condition were gone.,2025-08-18T01:34:18.000,12 MANHATTAN,1021790701.0,MANHATTAN,1003359.0,254464.0,MOBILE,Unspecified,MANHATTAN,,,,,,,,40.86509884715331,-73.93091320977899,"
,  
(40.86509884715331, -73.93091320977899)"
65881694,2025-08-18 00:15:34,,NYPD,New York City Police Department,Noise - Residential,Loud Talking,Residential Building/House,11385.0,72-16 FOREST AVENUE,FOREST AVENUE,STEPHEN STREET,NORMAN STREET,STEPHEN STREET,NORMAN STREET,ADDRESS,RIDGEWOOD,FOREST AVENUE,,In Progress,,,2025-08-18T01:55:44.000,05 QUEENS,,QUEENS,1012166.0,194308.0,ONLINE,Unspecified,QUEENS,,,,,,,,40.69996331119756,-73.89932231888874,"
,  
(40.69996331119756, -73.89932231888874)"
65878061,2025-08-18 00:14:56,2025-08-18 01:01:16,NYPD,New York City Police Department,Encampment,,Residential Building/House,11216.0,1140 PACIFIC STREET,PACIFIC STREET,FRANKLIN AVENUE,BEDFORD AVENUE,FRANKLIN AVENUE,BEDFORD AVENUE,ADDRESS,BROOKLYN,PACIFIC STREET,,Closed,,The Police Department visited the location and no Encampment was found.,2025-08-18T01:01:22.000,08 BROOKLYN,3012050014.0,BROOKLYN,996919.0,186349.0,ONLINE,Unspecified,BROOKLYN,,,,,,,,40.67815265237767,-73.95432482536107,"
,  
(40.67815265237767, -73.95432482536107)"
65877725,2025-08-18 00:14:31,2025-08-18 00:36:45,NYPD,New York City Police Department,Noise - Street/Sidewalk,Loud Music/Party,Street/Sidewalk,11224.0,2938 WEST   16 STREET,WEST   16 STREET,MERMAID AVENUE,SURF AVENUE,MERMAID AVENUE,SURF AVENUE,ADDRESS,BROOKLYN,WEST   16 STREET,,Closed,,The Police Department responded to the complaint and took action to fix the condition.,2025-08-18T00:36:52.000,13 BROOKLYN,3070627501.0,BROOKLYN,988806.0,149195.0,MOBILE,Unspecified,BROOKLYN,,,,,,,,40.57618064208826,-73.98359946439774,"
,  
(40.57618064208826, -73.98359946439774)"
65877813,2025-08-18 00:14:05,2025-08-18 01:18:44,NYPD,New York City Police Department,Noise - Street/Sidewalk,Loud Talking,Street/Sidewalk,10032.0,AMSTERDAM AVENUE,AMSTERDAM AVENUE,AMSTERDAM AVENUE,WEST  158 STREET,AMSTERDAM AVENUE,WEST  158 STREET,INTERSECTION,,,,Closed,,The Police Department responded to the complaint and with the information available observed no evidence of the violation at that time.,2025-08-18T01:18:49.000,12 MANHATTAN,,MANHATTAN,1000417.0,242945.0,PHONE,Unspecified,MANHATTAN,,,,,,,,40.83348848222364,-73.94157750579586,"
,  
(40.83348848222364, -73.94157750579586)"
65880682,2025-08-18 00:13:06,,NYPD,New York City Police Department,Blocked Driveway,No Access,Street/Sidewalk,10456.0,536 EAST  168 STREET,EAST  168 STREET,3 AVENUE,FULTON AVENUE,3 AVENUE,FULTON AVENUE,ADDRESS,BRONX,EAST  168 STREET,,In Progress,,,,03 BRONX,2026090028.0,BRONX,1010458.0,242001.0,MOBILE,Unspecified,BRONX,,,,,,,,40.83087338642114,-73.90529617532927,"
,  
(40.83087338642114, -73.90529617532927)"
65880585,2025-08-18 00:13:00,2025-08-18 01:04:34,NYPD,New York City Police Department,Noise - Street/Sidewalk,Loud Talking,Street/Sidewalk,11368.0,58-29 PENROD STREET,PENROD STREET,OTIS AVENUE,WESTSIDE AVENUE,OTIS AVENUE,WESTSIDE AVENUE,ADDRESS,CORONA,PENROD STREET,,Closed,,The Police Department responded to the complaint and with the information available observed no evidence of the violation at that time.,2025-08-18T01:04:38.000,04 QUEENS,4019590139.0,QUEENS,1024537.0,208590.0,PHONE,Unspecified,QUEENS,,,,,,,,40.73911623570525,-73.85462150234834,"
,  
(40.739116235705254, -73.85462150234834)"
65880584,2025-08-18 00:12:59,2025-08-18 00:56:31,NYPD,New York City Police Department,Noise - Street/Sidewalk,Loud Talking,Street/Sidewalk,11216.0,127 QUINCY STREET,QUINCY STREET,FRANKLIN AVENUE,BEDFORD AVENUE,FRANKLIN AVENUE,BEDFORD AVENUE,ADDRESS,BROOKLYN,QUINCY STREET,,Closed,,The Police Department responded to the complaint and took action to fix the condition.,2025-08-18T00:56:37.000,03 BROOKLYN,3019710049.0,BROOKLYN,996466.0,189338.0,PHONE,Unspecified,BROOKLYN,,,,,,,,40.686357412910574,-73.95595259403011,"
,  
(40.686357412910574, -73.95595259403011)"
65881324,2025-08-18 00:12:45,2025-08-18 00:47:49,NYPD,New York City Police Department,Noise - Residential,Banging/Pounding,Residential Building/House,11230.0,1877 OCEAN AVENUE,OCEAN AVENUE,AVENUE N,AVENUE O,AVENUE N,AVENUE O,ADDRESS,BROOKLYN,OCEAN AVENUE,,Closed,,The Police Department responded to the complaint and took action to fix the condition.,2025-08-18T00:47:53.000,14 BROOKLYN,3076740039.0,BROOKLYN,996882.0,163622.0,PHONE,Unspecified,BROOKLYN,,,,,,,,40.61577201458218,-73.95450077956109,"
,  
(40.615772014582184, -73.95450077956109)"
65880173,2025-08-18 00:12:34,2025-08-18 01:14:46,NYPD,New York City Police Department,Illegal Parking,Blocked Hydrant,Street/Sidewalk,10467.0,358 EAST  204 STREET,EAST  204 STREET,HULL AVENUE,DECATUR AVENUE,HULL AVENUE,DECATUR AVENUE,ADDRESS,BRONX,EAST  204 STREET,,Closed,,The Police Department responded and upon arrival those responsible for the condition were gone.,2025-08-18T01:14:48.000,07 BRONX,2033320042.0,BRONX,1018104.0,256966.0,MOBILE,Unspecified,BRONX,,,,,,,,40.87192183454376,-73.87759146439588,"
,  
(40.871921834543755, -73.87759146439588)"
65876861,2025-08-18 00:12:31,2025-08-18 00:52:19,NYPD,New York City Police Department,Non-Emergency Police Matter,Other (complaint details),Street/Sidewalk,10014.0,245 WEST    4 STREET,WEST    4 STREET,WEST   10 STREET,CHARLES STREET,WEST   10 STREET,CHARLES STREET,ADDRESS,NEW YORK,WEST    4 STREET,,Closed,,The Police Department responded to the complaint and determined that police action was not necessary.,2025-08-18T00:52:27.000,02 MANHATTAN,1006110007.0,MANHATTAN,983395.0,206944.0,ONLINE,Unspecified,MANHATTAN,,,,,,,,40.73469009019962,-74.00308512179608,"
,  
(40.73469009019962, -74.00308512179608)"
65877822,2025-08-18 00:11:50,2025-08-18 00:17:09,NYPD,New York City Police Department,Noise - Vehicle,Car/Truck Music,Street/Sidewalk,10029.0,1295 5 AVENUE,5 AVENUE,FRAWLEY CIRCLE,EAST  111 STREET,FRAWLEY CIRCLE,EAST  111 STREET,ADDRESS,NEW YORK,5 AVENUE,,Closed,,The Police Department responded to the complaint and determined that police action was not necessary.,2025-08-18T00:17:16.000,11 MANHATTAN,1016160001.0,MANHATTAN,998367.0,229705.0,PHONE,Unspecified,MANHATTAN,Van,,,,,,,40.79715190862778,-73.94901341309001,"
,  
(40.79715190862778, -73.94901341309001)"
65881381,2025-08-18 00:11:37,2025-08-18 00:24:25,NYPD,New York City Police Department,Noise - Residential,Loud Music/Party,Residential Building/House,11422.0,134-53 233 STREET,233 STREET,MERRICK BOULEVARD,135 AVENUE,MERRICK BOULEVARD,135 AVENUE,ADDRESS,ROSEDALE,233 STREET,,Closed,,The Police Department responded to the complaint and took action to fix the condition.,2025-08-18T00:24:31.000,13 QUEENS,,QUEENS,1057077.0,184956.0,PHONE,Unspecified,QUEENS,,,,,,,,40.67403868778321,-73.73745476463232,"
,  
(40.67403868778321, -73.73745476463232)"
65879844,2025-08-18 00:11:31,,NYPD,New York City Police Department,Noise - Residential,Loud Music/Party,Residential Building/House,11419.0,129-22 95 AVENUE,95 AVENUE,129 STREET,130 STREET,129 STREET,130 STREET,ADDRESS,SOUTH RICHMOND HILL,95 AVENUE,,In Progress,,,2025-08-18T02:17:35.000,09 QUEENS,4094710010.0,QUEENS,1034411.0,192411.0,PHONE,Unspecified,QUEENS,,,,,,,,40.694658364609325,-73.8191111254868,"
,  
(40.694658364609325, -73.8191111254868)"
65876857,2025-08-18 00:11:30,2025-08-18 00:49:37,NYPD,New York City Police Department,Non-Emergency Police Matter,Other (complaint details),Residential Building/House,10456.0,1465 WASHINGTON AVENUE,WASHINGTON AVENUE,ST PAULS PLACE,EAST  171 STREET,ST PAULS PLACE,EAST  171 STREET,ADDRESS,BRONX,WASHINGTON AVENUE,,Closed,,The Police Department responded to the complaint and with the information available observed no evidence of the violation at that time.,2025-08-18T00:49:43.000,03 BRONX,2029020036.0,BRONX,1010885.0,244212.0,ONLINE,Unspecified,BRONX,,,,,,,,40.83694066292417,-73.90374441298103,"
,  
(40.83694066292417, -73.90374441298103)"
65875472,2025-08-18 00:11:12,2025-08-18 00:22:41,NYPD,New York City Police Department,Illegal Parking,Blocked Hydrant,Street/Sidewalk,11374.0,63-03 BOOTH STREET,BOOTH STREET,63 AVENUE,63 DRIVE,63 AVENUE,63 DRIVE,ADDRESS,REGO PARK,BOOTH STREET,,Closed,,The Police Department responded to the complaint and took action to fix the condition.,2025-08-18T00:22:46.000,06 QUEENS,4030810156.0,QUEENS,1021637.0,205025.0,ONLINE,Unspecified,QUEENS,,,,,,,,40.729343934861376,-73.86510615143509,"
,  
(40.729343934861376, -73.86510615143509)"
65876104,2025-08-18 00:11:08,,NYPD,New York City Police Department,Noise - Street/Sidewalk,Loud Music/Party,Street/Sidewalk,10456.0,1147 BROOK AVENUE,BROOK AVENUE,EAST  166 STREET,EAST  167 STREET,EAST  166 STREET,EAST  167 STREET,ADDRESS,BRONX,BROOK AVENUE,,In Progress,,,,03 BRONX,,BRONX,1009128.0,241702.0,ONLINE,Unspecified,BRONX,,,,,,,,40.83005656406183,-73.91010329742039,"
,  
(40.83005656406183, -73.91010329742039)"
65879342,2025-08-18 00:11:05,2025-08-18 01:39:41,NYPD,New York City Police Department,Illegal Parking,Double Parked Blocking Vehicle,Street/Sidewalk,10458.0,2701 VALENTINE AVENUE,VALENTINE AVENUE,EAST  194 STREET,EAST  196 STREET,EAST  194 STREET,EAST  196 STREET,ADDRESS,BRONX,VALENTINE AVENUE,,Closed,,The Police Department issued a summons in response to the complaint.,2025-08-18T01:39:44.000,07 BRONX,2033040055.0,BRONX,1014000.0,255071.0,ONLINE,Unspecified,BRONX,Van,,,,,,,40.866735428485065,-73.89243901327862,"
,  
(40.866735428485065, -73.89243901327862)"
65874827,2025-08-18 00:11:01,2025-08-18 00:26:49,NYPD,New York City Police Department,Noise - Residential,Loud Music/Party,Residential Building/House,11358.0,45-05 161 STREET,161 STREET,45 AVENUE,46 AVENUE,45 AVENUE,46 AVENUE,ADDRESS,FLUSHING,161 STREET,,Closed,,The Police Department responded and upon arrival those responsible for the condition were gone.,2025-08-18T00:26:52.000,07 QUEENS,4054400037.0,QUEENS,1038132.0,214768.0,ONLINE,Unspecified,QUEENS,,,,,,,,40.75600087334883,-73.80551362393,"
,  
(40.75600087334883, -73.80551362393)"
65876101,2025-08-18 00:10:59,,NYPD,New York City Police Department,Noise - Street/Sidewalk,Loud Music/Party,Street/Sidewalk,10462.0,2125 CRUGER AVENUE,CRUGER AVENUE,MARAN PLACE,LYDIG AVENUE,MARAN PLACE,LYDIG AVENUE,ADDRESS,BRONX,CRUGER AVENUE,,In Progress,,,2025-08-18T02:22:46.000,11 BRONX,2042870040.0,BRONX,1021121.0,250463.0,MOBILE,Unspecified,BRONX,,,,,,,,40.85406099798549,-73.86671845570947,"
,  
(40.85406099798549, -73.86671845570947)"
65879526,2025-08-18 00:10:34,2025-08-18 00:55:03,NYPD,New York City Police Department,Noise - Residential,Loud Music/Party,Residential Building/House,11364.0,69-44 228 STREET,228 STREET,69 AVENUE,73 AVENUE,69 AVENUE,73 AVENUE,ADDRESS,OAKLAND GARDENS,228 STREET,,Closed,,The Police Department responded to the complaint and took action to fix the condition.,2025-08-18T00:55:08.000,11 QUEENS,4076860030.0,QUEENS,1054198.0,210762.0,ONLINE,Unspecified,QUEENS,,,,,,,,40.74489295848485,-73.74756555978878,"
,  
(40.744892958484854, -73.74756555978878)"
65880372,2025-08-18 00:10:31,2025-08-18 01:01:27,NYPD,New York City Police Department,Noise - Park,Loud Music/Party,Park/Playground,11234.0,HICKMAN PLAYGROUND,HICKMAN PLAYGROUND,EAST   66 STREET,EAST   67 STREET,EAST   66 STREET,EAST   67 STREET,PLACE,BROOKLYN,HICKMAN PLAYGROUND,,Closed,,The Police Department responded to the complaint and with the information available observed no evidence of the violation at that time.,2025-08-18T01:01:32.000,18 BROOKLYN,3083880002.0,BROOKLYN,1008632.0,165235.0,ONLINE,Hickman Playground,BROOKLYN,,,,,,,,40.62017481967567,-73.91217263269192,"
,  
(40.62017481967567, -73.91217263269192)"
65876961,2025-08-18 00:10:11,,DOHMH,Department of Health and Mental Hygiene,Rodent,Rat Sighting,3+ Family Apt. Building,10027.0,318 WEST  121 STREET,WEST  121 STREET,FREDERICK DOUGLASS BOULEVARD,MANHATTAN AVENUE,FREDERICK DOUGLASS BOULEVARD,MANHATTAN AVENUE,ADDRESS,NEW YORK,WEST  121 STREET,,In Progress,,,,10 MANHATTAN,1019470044.0,MANHATTAN,996994.0,233653.0,PHONE,Unspecified,MANHATTAN,,,,,,,,40.80799017148511,-73.95396480383566,"
,  
(40.80799017148511, -73.95396480383566)"
65876858,2025-08-18 00:08:28,2025-08-18 00:10:23,NYPD,New York City Police Department,Non-Emergency Police Matter,Other (complaint details),Residential Building/House,10456.0,1465 WASHINGTON AVENUE,WASHINGTON AVENUE,ST PAULS PLACE,EAST  171 STREET,ST PAULS PLACE,EAST  171 STREET,ADDRESS,BRONX,WASHINGTON AVENUE,,Closed,,The Police Department responded to the complaint and with the information available observed no evidence of the violation at that time.,2025-08-18T00:10:27.000,03 BRONX,2029020036.0,BRONX,1010885.0,244212.0,ONLINE,Unspecified,BRONX,,,,,,,,40.83694066292417,-73.90374441298103,"
,  
(40.83694066292417, -73.90374441298103)"
65874995,2025-08-18 00:08:26,2025-08-18 01:19:30,NYPD,New York City Police Department,Noise - Street/Sidewalk,Loud Talking,Street/Sidewalk,10032.0,1001 ST NICHOLAS AVENUE,ST NICHOLAS AVENUE,WEST  160 STREET,SYLVAN TERRACE,WEST  160 STREET,SYLVAN TERRACE,ADDRESS,NEW YORK,ST NICHOLAS AVENUE,,Closed,,The Police Department responded to the complaint and with the information available observed no evidence of the violation at that time.,2025-08-18T01:19:34.000,12 MANHATTAN,1021090046.0,MANHATTAN,1000876.0,243429.0,PHONE,Unspecified,MANHATTAN,,,,,,,,40.8348160701586,-73.93991762386334,"
,  
(40.834816070158595, -73.93991762386334)"
65878327,2025-08-18 00:08:26,2025-08-18 01:19:14,NYPD,New York City Police Department,Illegal Parking,Blocked Hydrant,Street/Sidewalk,11226.0,335 LINDEN BOULEVARD,LINDEN BOULEVARD,NOSTRAND AVENUE,NEW YORK AVENUE,NOSTRAND AVENUE,NEW YORK AVENUE,ADDRESS,BROOKLYN,LINDEN BOULEVARD,,Closed,,The Police Department responded and upon arrival those responsible for the condition were gone.,2025-08-18T01:19:19.000,17 BROOKLYN,3048530075.0,BROOKLYN,998870.0,177107.0,ONLINE,Unspecified,BROOKLYN,,,,,,,,40.65278241172658,-73.94731098543862,"
,  
(40.65278241172658, -73.94731098543862)"
65875194,2025-08-18 00:08:06,,NYPD,New York City Police Department,Noise - Street/Sidewalk,Loud Music/Party,Street/Sidewalk,10452.0,1150 ANDERSON AVENUE,ANDERSON AVENUE,WEST  166 STREET,WEST  167 STREET,WEST  166 STREET,WEST  167 STREET,ADDRESS,BRONX,ANDERSON AVENUE,,In Progress,,,,04 BRONX,2025050050.0,BRONX,1005159.0,243800.0,ONLINE,Unspecified,BRONX,,,,,,,,40.83582525592861,-73.92443873957221,"
,  
(40.83582525592861, -73.92443873957221)"
65879607,2025-08-18 00:07:47,2025-08-18 00:20:28,NYPD,New York City Police Department,Noise - Street/Sidewalk,Loud Music/Party,Street/Sidewalk,11216.0,HANCOCK STREET,HANCOCK STREET,HANCOCK STREET,TOMPKINS AVENUE,HANCOCK STREET,TOMPKINS AVENUE,INTERSECTION,,,,Closed,,The Police Department responded to the complaint and took action to fix the condition.,2025-08-18T00:20:32.000,03 BROOKLYN,,BROOKLYN,999812.0,188204.0,PHONE,Unspecified,BROOKLYN,,,,,,,,40.683239592031335,-73.94389049599516,"
,  
(40.683239592031335, -73.94389049599516)"
65879129,2025-08-18 00:07:14,,DCWP,Department of Consumer and Worker Protection,Consumer Complaint,Street Fair Vendor,Business,10021.0,5 AVENUE,5 AVENUE,5 AVENUE,EAST   76 STREET,5 AVENUE,EAST   76 STREET,INTERSECTION,,,,In Progress,,,,08 MANHATTAN,,MANHATTAN,993903.0,221648.0,PHONE,Unspecified,MANHATTAN,,,,,,,,40.77504360145945,-73.96514768658726,"
,  
(40.77504360145945, -73.96514768658726)"
65878648,2025-08-18 00:07:10,2025-08-18 00:36:26,NYPD,New York City Police Department,Noise - Residential,Loud Music/Party,Residential Building/House,10003.0,149 EAST   18 STREET,EAST   18 STREET,IRVING PLACE,3 AVENUE,IRVING PLACE,3 AVENUE,ADDRESS,NEW YORK,EAST   18 STREET,,Closed,,The Police Department responded to the complaint but officers were unable to gain entry into the premises.,2025-08-18T00:36:32.000,06 MANHATTAN,1008740033.0,MANHATTAN,988026.0,207504.0,PHONE,Unspecified,MANHATTAN,,,,,,,,40.73622638733159,-73.98637463328181,"
,  
(40.73622638733159, -73.98637463328181)"
65876678,2025-08-18 00:06:55,2025-08-18 00:48:18,NYPD,New York City Police Department,Noise - Residential,Banging/Pounding,Residential Building/House,10457.0,1872 MONROE AVENUE,MONROE AVENUE,MOUNT HOPE PLACE,EAST TREMONT AVENUE,MOUNT HOPE PLACE,EAST TREMONT AVENUE,ADDRESS,BRONX,MONROE AVENUE,,Closed,,The Police Department responded to the complaint and took action to fix the condition.,2025-08-18T00:48:23.000,05 BRONX,2028040001.0,BRONX,1010260.0,248435.0,PHONE,Unspecified,BRONX,,,,,,,,40.848533419181855,-73.90598670450618,"
,  
(40.848533419181855, -73.90598670450618)"
65880214,2025-08-18 00:06:44,2025-08-18 00:54:17,NYPD,New York City Police Department,Illegal Parking,Overnight Commercial Storage,Street/Sidewalk,11364.0,222-05 56 AVENUE,56 AVENUE,223 STREET,226 STREET,223 STREET,226 STREET,ADDRESS,OAKLAND GARDENS,56 AVENUE,,Closed,,The Police Department responded to the complaint and with the information available observed no evidence of the violation at that time.,2025-08-18T00:54:23.000,11 QUEENS,4074900002.0,QUEENS,1051722.0,214048.0,ONLINE,Unspecified,QUEENS,,,,,,,,40.75393140306258,-73.7564681486041,"
,  
(40.75393140306258, -73.7564681486041)"
65880354,2025-08-18 00:06:26,2025-08-18 00:16:31,NYPD,New York City Police Department,Noise - Commercial,Loud Music/Party,Store/Commercial,11203.0,4617 AVENUE D,AVENUE D,EAST   46 STREET,SCHENECTADY AVENUE,EAST   46 STREET,SCHENECTADY AVENUE,ADDRESS,BROOKLYN,AVENUE D,,Closed,,The Police Department responded to the complaint and took action to fix the condition.,2025-08-18T00:16:36.000,17 BROOKLYN,3049630042.0,BROOKLYN,1002850.0,173151.0,MOBILE,Unspecified,BROOKLYN,,,,,,,,40.64191658532289,-73.93297837758371,"
,  
(40.64191658532289, -73.93297837758371)"
65878745,2025-08-18 00:06:15,2025-08-18 00:36:09,NYPD,New York City Police Department,Noise - Street/Sidewalk,Loud Talking,Street/Sidewalk,11210.0,2620 GLENWOOD ROAD,GLENWOOD ROAD,EAST   26 STREET,AMERSFORT PLACE,EAST   26 STREET,AMERSFORT PLACE,ADDRESS,BROOKLYN,GLENWOOD ROAD,,Closed,,The Police Department responded to the complaint and took action to fix the condition.,2025-08-18T00:36:12.000,14 BROOKLYN,3075540043.0,BROOKLYN,997648.0,170100.0,MOBILE,Unspecified,BROOKLYN,,,,,,,,40.633551639440206,-73.9517288656178,"
,  
(40.633551639440206, -73.9517288656178)"
65879846,2025-08-18 00:06:03,,NYPD,New York City Police Department,Noise - Residential,Loud Television,Residential Building/House,10467.0,2856 BRONX PARK EAST,BRONX PARK EAST,BRITTON STREET,ARNOW AVENUE,BRITTON STREET,ARNOW AVENUE,ADDRESS,BRONX,BRONX PARK EAST,,In Progress,,,2025-08-18T02:37:44.000,11 BRONX,2045060040.0,BRONX,1020078.0,255306.0,PHONE,Unspecified,BRONX,,,,,,,,40.86735785461471,-73.87046280541475,"
,  
(40.86735785461471, -73.87046280541475)"
65876093,2025-08-18 00:05:43,,NYPD,New York City Police Department,Noise - Residential,Loud Music/Party,Residential Building/House,11432.0,150-61 87 ROAD,87 ROAD,150 STREET,155 STREET,150 STREET,155 STREET,ADDRESS,JAMAICA,87 ROAD,,In Progress,,,,08 QUEENS,4097070057.0,QUEENS,1037918.0,197105.0,PHONE,Unspecified,QUEENS,,,,,,,,40.70752169208595,-73.80642693630247,"
,  
(40.70752169208595, -73.80642693630247)"
65877526,2025-08-18 00:05:36,2025-08-18 01:18:06,NYPD,New York City Police Department,Blocked Driveway,No Access,Street/Sidewalk,10466.0,728 EAST  223 STREET,EAST  223 STREET,WHITE PLAINS ROAD,BARNES AVENUE,WHITE PLAINS ROAD,BARNES AVENUE,ADDRESS,BRONX,EAST  223 STREET,,Closed,,The Police Department issued a summons in response to the complaint.,2025-08-18T01:18:13.000,12 BRONX,2048360063.0,BRONX,1022928.0,262113.0,MOBILE,Unspecified,BRONX,,,,,,,,40.88602891529374,-73.86011926270821,"
,  
(40.88602891529374, -73.86011926270821)"
65881544,2025-08-18 00:05:25,2025-08-18 00:09:48,NYPD,New York City Police Department,Noise - Street/Sidewalk,Loud Talking,Street/Sidewalk,10456.0,1465 WASHINGTON AVENUE,WASHINGTON AVENUE,ST PAULS PLACE,EAST  171 STREET,ST PAULS PLACE,EAST  171 STREET,ADDRESS,BRONX,WASHINGTON AVENUE,,Closed,,The Police Department responded to the complaint and with the information available observed no evidence of the violation at that time.,2025-08-18T00:09:56.000,03 BRONX,2029020036.0,BRONX,1010885.0,244212.0,ONLINE,Unspecified,BRONX,,,,,,,,40.83694066292417,-73.90374441298103,"
,  
(40.83694066292417, -73.90374441298103)"
65880803,2025-08-18 00:04:54,,NYPD,New York City Police Department,Noise - Street/Sidewalk,Loud Music/Party,Street/Sidewalk,10468.0,25 EAST  193 STREET,EAST  193 STREET,JEROME AVENUE,MORRIS AVENUE,JEROME AVENUE,MORRIS AVENUE,ADDRESS,BRONX,EAST  193 STREET,,In Progress,,,2025-08-18T02:22:31.000,07 BRONX,2031910048.0,BRONX,1012642.0,254966.0,MOBILE,Unspecified,BRONX,,,,,,,,40.86645170789772,-73.89734929622942,"
,  
(40.86645170789772, -73.89734929622942)"
65875000,2025-08-18 00:04:50,2025-08-18 00:12:25,NYPD,New York City Police Department,Noise - Vehicle,Car/Truck Music,Street/Sidewalk,10310.0,36 ARCADIA PLACE,ARCADIA PLACE,DEAD END,RAYMOND PLACE,DEAD END,RAYMOND PLACE,ADDRESS,STATEN ISLAND,ARCADIA PLACE,,Closed,,The Police Department responded to the complaint and took action to fix the condition.,2025-08-18T00:12:31.000,01 STATEN ISLAND,,STATEN ISLAND,950003.0,168091.0,ONLINE,Unspecified,STATEN ISLAND,Car,,,,,,,40.62798129337497,-74.12337692385813,"
,  
(40.62798129337497, -74.12337692385813)"
65878480,2025-08-18 00:04:40,2025-08-18 01:14:29,NYPD,New York City Police Department,Blocked Driveway,No Access,Street/Sidewalk,10467.0,3307 ROCHAMBEAU AVENUE,ROCHAMBEAU AVENUE,EAST  208 STREET,EAST  210 STREET,EAST  208 STREET,EAST  210 STREET,ADDRESS,BRONX,ROCHAMBEAU AVENUE,,Closed,,The Police Department responded to the complaint and determined that police action was not necessary.,2025-08-18T01:14:38.000,07 BRONX,2033370056.0,BRONX,1017318.0,259309.0,ONLINE,Unspecified,BRONX,,,,,,,,40.87835562124056,-73.88042189731708,"
,  
(40.87835562124056, -73.88042189731708)"
65881404,2025-08-18 00:03:55,2025-08-18 00:47:07,NYPD,New York City Police Department,Noise - Residential,Loud Music/Party,Residential Building/House,10472.0,1226 BOYNTON AVENUE,BOYNTON AVENUE,WESTCHESTER AVENUE,EAST  172 STREET,WESTCHESTER AVENUE,EAST  172 STREET,ADDRESS,BRONX,BOYNTON AVENUE,,Closed,,The Police Department responded to the complaint and took action to fix the condition.,2025-08-18T00:47:13.000,09 BRONX,2037740018.0,BRONX,1017894.0,241523.0,ONLINE,Unspecified,BRONX,,,,,,,,40.82953621887479,-73.87842827201001,"
,  
(40.82953621887479, -73.87842827201001)"
65878927,2025-08-18 00:03:48,,NYPD,New York City Police Department,Noise - Residential,Loud Music/Party,Residential Building/House,10452.0,1041 NELSON AVENUE,NELSON AVENUE,WEST  164 STREET,WEST  165 STREET,WEST  164 STREET,WEST  165 STREET,ADDRESS,BRONX,NELSON AVENUE,,In Progress,,,,04 BRONX,2025120015.0,BRONX,1004134.0,243003.0,MOBILE,Unspecified,BRONX,,,,,,,,40.83364008903812,-73.92814526096437,"
,  
(40.83364008903812, -73.92814526096437)"
65880766,2025-08-18 00:03:39,,NYPD,New York City Police Department,Noise - Commercial,Loud Music/Party,Club/Bar/Restaurant,11418.0,120-23 ATLANTIC AVENUE,ATLANTIC AVENUE,120 STREET,121 STREET,120 STREET,121 STREET,ADDRESS,RICHMOND HILL,ATLANTIC AVENUE,,In Progress,,,,09 QUEENS,4093520028.0,QUEENS,1032317.0,192310.0,PHONE,Unspecified,QUEENS,,,,,,,,40.69439276453773,-73.82666313690977,"
,  
(40.69439276453773, -73.82666313690977)"
65878438,2025-08-18 00:03:25,2025-08-18 01:36:59,NYPD,New York City Police Department,Noise - Commercial,Car/Truck Horn,Store/Commercial,11385.0,53-31 METROPOLITAN AVENUE,METROPOLITAN AVENUE,GRANDVIEW AVENUE,ARNOLD AVENUE,GRANDVIEW AVENUE,ARNOLD AVENUE,ADDRESS,RIDGEWOOD,METROPOLITAN AVENUE,,Closed,,The Police Department responded to the complaint and with the information available observed no evidence of the violation at that time.,2025-08-18T01:37:04.000,05 QUEENS,4026340047.0,QUEENS,1008664.0,199152.0,MOBILE,Unspecified,QUEENS,,,,,,,,40.71326929572688,-73.91193453752213,"
,  
(40.713269295726874, -73.91193453752213)"
65875198,2025-08-18 00:03:23,,NYPD,New York City Police Department,Noise - Vehicle,Car/Truck Music,Street/Sidewalk,10468.0,2875 SEDGWICK AVENUE,SEDGWICK AVENUE,WEST  229 STREET,RESERVOIR AVENUE,WEST  229 STREET,RESERVOIR AVENUE,ADDRESS,BRONX,SEDGWICK AVENUE,,In Progress,,,2025-08-18T01:59:00.000,08 BRONX,2032530255.0,BRONX,1011492.0,257894.0,MOBILE,Unspecified,BRONX,Car,,,,,,,40.87449179127863,-73.90149519017201,"
,  
(40.87449179127863, -73.90149519017201)"
65874704,2025-08-18 00:03:19,2025-08-18 01:17:43,NYPD,New York City Police Department,Blocked Driveway,No Access,Street/Sidewalk,10466.0,730 EAST  223 STREET,EAST  223 STREET,WHITE PLAINS ROAD,BARNES AVENUE,WHITE PLAINS ROAD,BARNES AVENUE,ADDRESS,BRONX,EAST  223 STREET,,Closed,,The Police Department issued a summons in response to the complaint.,2025-08-18T01:17:49.000,12 BRONX,2048360065.0,BRONX,1022939.0,262108.0,PHONE,Unspecified,BRONX,,,,,,,,40.8860151436607,-73.86007950966192,"
,  
(40.8860151436607, -73.86007950966192)"
65881545,2025-08-18 00:02:58,2025-08-18 00:09:48,NYPD,New York City Police Department,Noise - Street/Sidewalk,Loud Talking,Street/Sidewalk,10456.0,1465 WASHINGTON AVENUE,WASHINGTON AVENUE,ST PAULS PLACE,EAST  171 STREET,ST PAULS PLACE,EAST  171 STREET,ADDRESS,BRONX,WASHINGTON AVENUE,,Closed,,The Police Department responded to the complaint and with the information available observed no evidence of the violation at that time.,2025-08-18T00:09:56.000,03 BRONX,2029020036.0,BRONX,1010885.0,244212.0,ONLINE,Unspecified,BRONX,,,,,,,,40.83694066292417,-73.90374441298103,"
,  
(40.83694066292417, -73.90374441298103)"
65875711,2025-08-18 00:02:57,2025-08-18 00:16:05,NYPD,New York City Police Department,Noise - Park,Loud Music/Party,Park/Playground,11368.0,FLUSHING MEADOWS CORONA PARK,FLUSHING MEADOWS CORONA PARK,52 AVENUE,53 AVENUE,52 AVENUE,53 AVENUE,PLACE,CORONA,FLUSHING MEADOWS CORONA PARK,,Closed,,The Police Department responded to the complaint and with the information available observed no evidence of the violation at that time.,2025-08-18T00:16:11.000,81 QUEENS,4020180001.0,QUEENS,1027989.0,209784.0,ONLINE,Flushing Meadows Corona Park,QUEENS,,,,,,,,40.74237706499928,-73.84215697754966,"
,  
(40.742377064999275, -73.84215697754966)"
65879791,2025-08-18 00:02:55,,NYPD,New York City Police Department,Illegal Parking,Blocked Hydrant,Street/Sidewalk,11385.0,1729 HARMAN STREET,HARMAN STREET,CYPRESS AVENUE,SENECA AVENUE,CYPRESS AVENUE,SENECA AVENUE,ADDRESS,RIDGEWOOD,HARMAN STREET,,In Progress,,,,05 QUEENS,4034320052.0,QUEENS,1008195.0,196193.0,PHONE,Unspecified,QUEENS,,,,,,,,40.705148827559306,-73.91363682266224,"
,  
(40.705148827559306, -73.91363682266224)"
65879651,2025-08-18 00:02:52,2025-08-18 01:19:01,NYPD,New York City Police Department,Noise - Street/Sidewalk,Loud Talking,Street/Sidewalk,10032.0,1975 AMSTERDAM AVENUE,AMSTERDAM AVENUE,WEST  157 STREET,WEST  158 STREET,WEST  157 STREET,WEST  158 STREET,ADDRESS,NEW YORK,AMSTERDAM AVENUE,,Closed,,The Police Department responded to the complaint and with the information available observed no evidence of the violation at that time.,2025-08-18T01:19:04.000,12 MANHATTAN,1021080059.0,MANHATTAN,1000387.0,242884.0,PHONE,Unspecified,MANHATTAN,,,,,,,,40.83332110969911,-73.94168606314906,"
,  
(40.83332110969911, -73.94168606314906)"
65874660,2025-08-18 00:02:51,2025-08-18 00:34:31,NYPD,New York City Police Department,Illegal Parking,Posted Parking Sign Violation,Street/Sidewalk,11201.0,140 ST EDWARDS STREET,ST EDWARDS STREET,MYRTLE AVENUE,WILLOUGHBY STREET,MYRTLE AVENUE,WILLOUGHBY STREET,ADDRESS,BROOKLYN,ST EDWARDS STREET,,Closed,,The Police Department issued a summons in response to the complaint.,2025-08-18T00:34:36.000,02 BROOKLYN,3020680117.0,BROOKLYN,990437.0,191623.0,PHONE,Unspecified,BROOKLYN,,,,,,,,40.6926354798486,-73.97768934573283,"
,  
(40.6926354798486, -73.97768934573283)"
65877427,2025-08-18 00:02:30,2025-08-18 01:14:50,NYPD,New York City Police Department,Illegal Parking,Commercial Overnight Parking,Street/Sidewalk,11201.0,110 CADMAN PLAZA EAST,CADMAN PLAZA EAST,BROOKLYN BRIDGE EN RAMP SANDS ST,RED CROSS PLACE,BROOKLYN BRIDGE EN RAMP SANDS ST,RED CROSS PLACE,ADDRESS,BROOKLYN,CADMAN PLAZA EAST,,Closed,,The Police Department responded to the complaint and took action to fix the condition.,2025-08-18T01:14:53.000,02 BROOKLYN,,BROOKLYN,987087.0,194404.0,ONLINE,Unspecified,BROOKLYN,,,,,,,,40.700270386304894,-73.98976845412388,"
,  
(40.700270386304894, -73.98976845412388)"
65877832,2025-08-18 00:02:04,2025-08-18 00:11:35,NYPD,New York City Police Department,Non-Emergency Police Matter,Other (complaint details),Street/Sidewalk,11374.0,98-15 67 AVENUE,67 AVENUE,AUSTIN STREET,WETHEROLE STREET,AUSTIN STREET,WETHEROLE STREET,ADDRESS,REGO PARK,67 AVENUE,,Closed,,The Police Department responded to the complaint and determined that police action was not necessary.,2025-08-18T00:11:41.000,06 QUEENS,4031560140.0,QUEENS,1024350.0,203300.0,ONLINE,Unspecified,QUEENS,,,,,,,,40.72459735310933,-73.85532783106605,"
,  
(40.72459735310933, -73.85532783106605)"
65881432,2025-08-18 00:01:53,2025-08-18 00:22:07,NYPD,New York City Police Department,Noise - Street/Sidewalk,Loud Music/Party,Street/Sidewalk,10031.0,461 WEST  140 STREET,WEST  140 STREET,CONVENT AVENUE,AMSTERDAM AVENUE,CONVENT AVENUE,AMSTERDAM AVENUE,ADDRESS,NEW YORK,WEST  140 STREET,,Closed,,The Police Department responded to the complaint and with the information available observed no evidence of the violation at that time.,2025-08-18T00:22:12.000,09 MANHATTAN,1020570135.0,MANHATTAN,998365.0,238646.0,ONLINE,Unspecified,MANHATTAN,,,,,,,,40.82169247407802,-73.94900183626442,"
,  
(40.82169247407802, -73.94900183626442)"
65877983,2025-08-18 00:01:49,,NYPD,New York City Police Department,Noise - Commercial,Loud Music/Party,Club/Bar/Restaurant,10032.0,2228 AMSTERDAM AVENUE,AMSTERDAM AVENUE,WEST  170 STREET,EDGECOMBE AVENUE,WEST  170 STREET,EDGECOMBE AVENUE,ADDRESS,NEW YORK,AMSTERDAM AVENUE,,In Progress,,,2025-08-18T01:52:54.000,12 MANHATTAN,1021270046.0,MANHATTAN,1002021.0,245847.0,ONLINE,Unspecified,MANHATTAN,,,,,,,,40.84145054672216,-73.9357734631567,"
,  
(40.84145054672216, -73.9357734631567)"
65878358,2025-08-18 00:01:18,2025-08-18 00:50:37,NYPD,New York City Police Department,Illegal Parking,Blocked Hydrant,Street/Sidewalk,10019.0,310 WEST   49 STREET,WEST   49 STREET,8 AVENUE,9 AVENUE,8 AVENUE,9 AVENUE,ADDRESS,NEW YORK,WEST   49 STREET,,Closed,,The Police Department responded and upon arrival those responsible for the condition were gone.,2025-08-18T00:50:42.000,04 MANHATTAN,1010390041.0,MANHATTAN,987775.0,216876.0,MOBILE,Unspecified,MANHATTAN,,,,,,,,40.761950269060215,-73.98727543239644,"
,  
(40.761950269060215, -73.98727543239644)"
65881162,2025-08-18 00:01:17,2025-08-18 00:44:01,NYPD,New York City Police Department,Illegal Parking,Overnight Commercial Storage,Street/Sidewalk,11201.0,103 WASHINGTON STREET,WASHINGTON STREET,BROOKLYN QUEENS EP EB ET   28 B,PROSPECT STREET,BROOKLYN QUEENS EP EB ET   28 B,PROSPECT STREET,ADDRESS,BROOKLYN,WASHINGTON STREET,,Closed,,The Police Department responded to the complaint and took action to fix the condition.,2025-08-18T00:44:07.000,02 BROOKLYN,,BROOKLYN,987107.0,194711.0,ONLINE,Unspecified,BROOKLYN,,,,,,,,40.70111302305257,-73.98969619455666,"
,  
(40.70111302305257, -73.98969619455666)"
65879733,2025-08-18 00:01:10,,NYPD,New York City Police Department,Blocked Driveway,Partial Access,Street/Sidewalk,11420.0,115-35 133 STREET,133 STREET,LINCOLN STREET,116 AVENUE,LINCOLN STREET,116 AVENUE,ADDRESS,SOUTH OZONE PARK,133 STREET,,In Progress,,,,10 QUEENS,4116760050.0,QUEENS,1037615.0,186865.0,PHONE,Unspecified,QUEENS,,,,,,,,40.679417162251376,-73.807600934433,"
,  
(40.679417162251376, -73.807600934433)"
65880779,2025-08-18 00:00:43,,NYPD,New York City Police Department,Noise - Residential,Loud Music/Party,Residential Building/House,11208.0,73 CRYSTAL STREET,CRYSTAL STREET,LIBERTY AVENUE,GLENMORE AVENUE,LIBERTY AVENUE,GLENMORE AVENUE,ADDRESS,BROOKLYN,CRYSTAL STREET,,In Progress,,,,05 BROOKLYN,3041920012.0,BROOKLYN,1018968.0,185965.0,PHONE,Unspecified,BROOKLYN,,,,,,,,40.67703964393095,-73.87483426346593,"
,  
(40.67703964393095, -73.87483426346593)"
65880906,2025-08-18 00:00:40,,DSNY,Department of Sanitation,Illegal Dumping,Removal Request,Street,11691.0,222 BEACH   40 STREET,BEACH   40 STREET,DEAD END,ROCKAWAY BEACH BOULEVARD,DEAD END,ROCKAWAY BEACH BOULEVARD,ADDRESS,FAR ROCKAWAY,BEACH   40 STREET,,In Progress,,The Department of Sanitation investigated this complaint and found no condition at the location.,2025-08-18T00:00:51.000,14 QUEENS,4158480050.0,QUEENS,1047595.0,155704.0,MOBILE,Unspecified,QUEENS,,,,,,,,40.59382136167409,-73.77191230180858,"
,  
(40.59382136167409, -73.77191230180858)"
65874661,2025-08-18 00:00:32,2025-08-18 01:19:13,NYPD,New York City Police Department,Illegal Parking,Posted Parking Sign Violation,Street/Sidewalk,11217.0,500 STATE STREET,STATE STREET,NEVINS STREET,3 AVENUE,NEVINS STREET,3 AVENUE,ADDRESS,BROOKLYN,STATE STREET,,Closed,,The Police Department issued a summons in response to the complaint.,2025-08-18T01:19:19.000,02 BROOKLYN,3001790024.0,BROOKLYN,989584.0,189257.0,MOBILE,Unspecified,BROOKLYN,,,,,,,,40.686141909355335,-73.98076718270167,"
,  
(40.686141909355335, -73.98076718270167)"
65878548,2025-08-18 00:00:25,2025-08-18 01:10:26,NYPD,New York City Police Department,Noise - Commercial,Loud Music/Party,Club/Bar/Restaurant,11354.0,137-72 NORTHERN BOULEVARD,NORTHERN BOULEVARD,LEAVITT STREET,UNION STREET,LEAVITT STREET,UNION STREET,ADDRESS,FLUSHING,NORTHERN BOULEVARD,,Closed,,The Police Department responded to the complaint and with the information available observed no evidence of the violation at that time.,2025-08-18T01:10:32.000,07 QUEENS,4049770050.0,QUEENS,1031725.0,217601.0,PHONE,Unspecified,QUEENS,,,,,,,,40.7638134402157,-73.82861953775803,"
,  
(40.7638134402157, -73.82861953775803)"
65875594,2025-08-18 00:00:13,2025-08-18 00:33:48,NYPD,New York City Police Department,Illegal Parking,Posted Parking Sign Violation,Street/Sidewalk,11201.0,140 ST EDWARDS STREET,ST EDWARDS STREET,MYRTLE AVENUE,WILLOUGHBY STREET,MYRTLE AVENUE,WILLOUGHBY STREET,ADDRESS,BROOKLYN,ST EDWARDS STREET,,Closed,,The Police Department issued a summons in response to the complaint.,2025-08-18T00:33:52.000,02 BROOKLYN,3020680117.0,BROOKLYN,990437.0,191623.0,PHONE,Unspecified,BROOKLYN,,,,,,,,40.6926354798486,-73.97768934573283,"
,  
(40.6926354798486, -73.97768934573283)"
65879720,2025-08-18 00:00:08,,NYPD,New York City Police Department,Abandoned Vehicle,With License Plate,Street/Sidewalk,11208.0,939 CLEVELAND STREET,CLEVELAND STREET,LINDEN BOULEVARD,STANLEY AVENUE,LINDEN BOULEVARD,STANLEY AVENUE,ADDRESS,BROOKLYN,CLEVELAND STREET,,In Progress,,,2025-08-18T01:53:30.000,05 BROOKLYN,3043600040.0,BROOKLYN,1017817.0,180407.0,MOBILE,Unspecified,BROOKLYN,Car,,,,,,,40.66178862891739,-73.87901153261099,"
,  
(40.66178862891739, -73.87901153261099)"
