complaint_type,borough,agency,incident_zip,target
47,1,10,118,1
35,2,4,28,0
99,2,5,32,1
67,1,10,110,1
47,1,10,126,1
54,2,1,2,1
2,3,10,161,1
66,2,10,1,1
94,1,5,123,1
69,2,10,16,1
42,1,9,95,1
71,1,7,126,1
91,4,5,51,1
47,0,10,76,1
9,3,10,133,1
23,1,7,124,1
66,3,10,132,1
66,0,10,76,1
109,1,1,99,1
8,2,10,2,1
83,0,9,76,1
9,3,10,147,1
66,3,10,168,1
9,3,10,144,1
62,2,10,23,1
66,0,10,65,1
66,1,10,99,1
75,0,9,76,1
62,1,10,103,1
61,2,1,31,1
67,1,10,102,1
47,1,10,109,1
42,2,9,10,1
58,1,7,94,1
109,1,1,118,0
9,1,10,130,1
75,1,9,104,1
47,1,10,129,1
66,3,10,92,1
46,3,10,157,1
2,3,10,153,1
42,2,9,23,1
47,3,10,163,1
42,2,9,7,1
66,3,10,175,1
2,4,10,59,1
66,3,10,147,1
24,1,10,123,1
62,0,10,66,1
75,0,9,76,1
47,1,10,130,1
66,1,10,121,1
67,3,10,87,1
66,3,10,177,1
47,3,10,85,1
66,3,10,133,1
62,1,10,118,1
66,1,10,120,1
42,3,9,88,1
66,0,10,77,1
61,3,1,176,1
62,3,10,161,1
33,2,2,2,1
9,3,10,144,1
23,1,7,127,1
60,1,6,118,0
42,3,9,154,1
66,4,10,59,1
2,1,10,111,1
66,3,10,160,1
47,1,10,115,1
5,1,10,128,1
67,2,10,31,1
68,1,10,118,1
103,2,4,22,1
75,0,9,67,0
66,1,10,104,1
62,2,10,26,1
62,3,10,91,1
67,1,10,108,1
47,0,10,71,1
42,0,9,69,1
3,2,1,5,1
45,1,7,100,1
54,3,1,134,1
58,3,7,132,1
9,3,10,132,1
47,1,10,99,1
47,1,10,128,1
76,3,10,89,1
42,1,9,104,1
42,0,9,67,1
66,3,10,148,1
9,3,10,151,1
66,0,10,62,1
54,1,1,107,1
9,3,10,134,1
17,1,9,105,0
42,3,9,181,1
66,1,10,95,1
42,0,9,67,1
42,0,9,60,1
60,1,6,115,0
66,3,10,180,1
62,3,10,148,1
29,2,9,28,0
66,3,10,154,1
42,0,9,62,1
9,3,10,146,1
37,0,11,64,0
109,2,1,31,1
66,2,10,1,1
66,3,10,87,1
90,2,5,1,1
80,1,7,100,1
9,3,10,151,1
58,2,7,32,0
101,0,9,76,1
47,3,10,155,1
47,1,10,130,1
47,2,10,14,1
22,3,7,157,1
47,1,10,114,1
66,2,10,26,1
47,3,10,134,1
47,0,10,81,1
101,2,9,30,1
9,3,10,144,1
66,0,10,77,1
57,2,6,30,1
40,1,7,96,0
66,4,10,53,1
62,1,10,95,1
9,3,10,164,1
99,1,5,104,1
90,4,5,58,1
42,0,9,61,1
47,3,10,158,1
9,0,10,62,1
62,0,10,83,1
47,3,10,152,1
54,3,1,135,1
66,0,10,72,1
61,2,1,9,1
47,3,10,136,1
9,2,10,24,1
42,0,9,61,1
66,4,10,53,1
42,0,9,71,1
99,2,5,10,1
101,4,9,51,0
74,1,9,95,1
28,1,9,127,1
9,3,10,89,1
17,2,9,31,0
42,3,9,179,1
66,2,10,21,1
47,1,10,119,1
23,3,7,176,1
39,1,3,115,0
38,1,9,127,1
101,1,9,102,0
28,0,9,61,1
30,3,3,177,0
9,3,10,144,1
62,1,10,118,1
42,1,9,96,1
47,1,10,101,1
47,0,10,76,1
66,1,10,97,1
66,1,10,104,1
67,3,10,144,1
12,3,3,167,0
47,3,10,136,1
47,1,10,99,1
67,2,10,30,1
42,0,9,77,1
47,0,10,66,1
63,2,8,20,0
47,3,10,163,1
47,3,10,160,1
47,1,10,121,1
59,2,4,22,0
59,2,4,22,0
81,1,4,97,1
42,1,9,115,1
63,2,8,20,0
28,2,9,36,0
42,2,9,37,1
47,0,10,80,1
47,3,10,91,1
42,0,9,65,1
67,0,10,61,1
66,2,10,1,1
17,1,9,108,1
42,4,9,51,1
81,0,4,76,1
67,1,10,109,1
47,1,10,101,1
54,2,1,18,1
23,1,7,97,1
69,2,10,1,1
9,0,10,77,1
22,0,7,76,1
66,2,10,1,1
99,2,5,43,1
42,0,9,61,1
32,1,3,119,0
66,3,10,151,1
63,2,8,13,0
47,3,10,142,1
8,2,10,2,1
45,1,7,94,1
47,1,10,101,1
47,4,10,53,1
66,3,10,146,1
66,0,10,81,1
47,0,10,70,1
34,0,9,77,1
58,3,7,156,1
107,1,9,99,0
47,3,10,152,1
9,1,10,107,1
42,1,9,117,1
8,2,10,2,1
2,3,10,137,1
66,3,10,152,1
62,2,10,10,1
66,1,10,99,1
5,3,10,134,1
46,1,10,120,1
61,1,1,96,1
42,1,9,124,1
62,3,10,89,1
66,1,10,99,1
2,1,10,112,1
63,2,8,13,0
69,3,10,149,1
66,2,10,29,1
47,3,10,144,1
109,1,1,119,1
46,4,10,49,1
9,3,10,141,1
99,4,5,59,1
47,0,10,72,1
67,2,10,13,1
66,2,10,28,1
86,4,5,55,0
101,3,9,157,1
63,2,8,20,0
47,3,10,142,1
91,3,5,85,1
81,1,4,107,0
42,3,9,89,1
107,3,9,173,0
32,2,3,18,0
62,3,10,148,1
63,2,8,20,0
9,3,10,152,1
47,3,10,154,1
47,1,10,118,1
42,3,9,89,1
47,3,10,152,1
47,3,10,154,1
17,0,9,65,0
47,3,10,151,1
79,2,3,29,1
12,2,3,30,0
47,0,10,78,1
101,2,9,26,0
42,0,9,77,1
66,2,10,3,1
67,2,10,23,1
107,0,9,67,1
109,1,1,125,1
42,1,9,99,1
47,1,10,97,1
47,3,10,148,1
81,0,4,82,1
9,0,10,65,1
22,4,7,58,1
9,1,10,99,1
16,3,5,92,0
81,1,4,123,1
9,3,10,149,1
62,1,10,108,1
47,2,10,25,1
31,0,3,77,0
42,2,9,29,1
28,0,9,67,0
67,1,10,94,1
28,1,9,98,1
47,2,10,26,1
42,1,9,125,1
58,4,7,54,1
9,3,10,165,1
105,2,7,22,1
67,3,10,144,1
66,1,10,122,1
66,1,10,112,1
99,1,5,111,1
62,1,10,103,1
47,1,10,96,1
42,2,9,29,1
47,1,10,112,1
42,2,9,38,1
31,3,3,151,0
42,0,9,77,1
28,0,9,76,1
66,3,10,178,1
2,1,10,130,1
107,1,9,113,0
66,3,10,87,1
46,3,10,153,1
42,2,9,29,1
47,1,10,125,1
47,1,10,126,1
46,1,10,121,1
66,3,10,153,1
66,1,10,105,1
40,0,7,77,0
66,0,10,65,1
8,2,10,2,1
42,2,9,22,1
107,2,9,25,0
9,3,10,148,1
47,2,10,32,1
9,3,10,148,1
37,2,11,13,0
42,1,9,128,1
66,3,10,164,1
74,1,9,120,1
66,1,10,117,1
47,1,10,101,1
18,1,6,121,1
9,3,10,133,1
42,3,9,153,1
62,4,10,54,1
68,3,10,144,1
42,1,9,120,1
39,1,3,121,1
42,3,9,92,1
66,0,10,66,1
47,0,10,60,1
15,3,0,154,1
2,4,10,51,1
2,1,10,114,1
42,2,9,29,1
9,1,10,119,1
80,0,7,77,1
107,0,9,84,0
9,0,10,65,1
47,0,10,77,1
89,1,3,114,0
42,1,9,105,1
46,4,10,53,1
47,1,10,120,1
54,2,1,9,1
62,1,10,113,1
9,0,10,84,1
42,1,9,111,1
67,2,10,13,1
61,2,1,21,1
42,3,9,176,1
42,2,9,30,1
45,0,7,65,0
47,3,10,162,1
40,2,7,24,1
61,3,1,154,1
66,3,10,151,1
9,3,10,153,1
63,2,8,20,0
42,0,9,70,1
47,0,10,75,1
47,1,10,129,1
66,1,10,118,1
109,0,1,66,1
63,2,8,20,0
17,3,9,166,1
20,1,7,121,1
47,1,10,96,1
66,3,10,154,1
47,1,10,118,1
47,3,10,160,1
66,1,10,100,1
47,1,10,130,1
42,1,9,116,1
66,1,10,128,1
67,1,10,124,1
69,3,10,165,1
101,1,9,117,0
8,2,10,2,1
66,1,10,126,1
47,1,10,94,1
62,2,10,28,1
9,3,10,144,1
66,3,10,148,1
47,3,10,144,1
61,3,1,136,1
48,4,7,59,1
26,1,10,101,1
47,3,10,88,1
66,1,10,118,1
42,0,9,76,1
66,1,10,118,1
47,1,10,127,1
66,1,10,120,1
42,0,9,65,1
47,1,10,121,1
66,0,10,69,1
8,2,10,2,1
2,1,10,130,1
47,1,10,119,1
66,1,10,100,1
42,1,9,120,1
47,1,10,97,1
42,3,9,173,1
37,2,11,8,0
58,3,7,155,1
62,0,10,68,1
47,1,10,103,1
75,2,9,29,0
9,3,10,133,1
42,0,9,72,1
42,1,9,125,1
107,2,9,30,0
46,1,10,105,1
42,0,9,81,1
54,2,1,28,1
47,0,10,75,1
2,3,10,89,1
102,1,4,100,1
33,1,10,103,1
2,1,10,130,1
42,0,9,69,1
47,3,10,151,1
42,0,9,71,1
47,0,10,70,1
9,1,10,131,1
87,1,4,114,0
58,3,7,167,1
63,2,8,20,0
62,3,10,138,1
42,0,9,66,1
47,0,10,76,1
42,2,9,28,1
33,2,2,9,1
66,3,10,136,1
9,3,10,144,1
101,2,9,29,0
42,1,9,124,1
9,1,10,125,1
66,3,10,175,1
8,2,10,2,1
74,1,9,109,0
15,1,0,110,0
42,3,9,143,1
47,1,10,129,1
66,3,10,134,1
62,1,10,108,1
22,1,7,118,1
67,2,10,22,1
42,1,9,96,1
69,2,10,26,1
31,2,3,29,0
60,2,6,22,0
9,0,10,70,1
9,1,10,104,1
66,1,10,109,1
38,0,9,81,1
42,1,9,117,1
88,2,4,33,0
28,3,9,88,1
9,3,10,151,1
105,1,7,101,1
109,1,1,121,1
66,2,10,23,1
107,0,9,65,0
47,2,10,22,1
47,1,10,100,1
42,0,9,61,1
59,2,4,22,0
62,3,10,149,1
9,0,10,71,1
37,1,11,103,0
68,2,10,30,1
42,3,9,89,1
47,3,10,134,1
66,0,10,65,1
66,2,10,26,1
47,3,10,154,1
9,3,10,154,1
2,0,10,74,1
66,3,10,134,1
66,1,10,94,1
66,1,10,120,1
75,4,9,51,1
42,1,9,95,1
67,2,10,31,1
63,2,8,20,0
23,3,7,150,1
38,1,9,118,0
9,3,10,159,1
107,0,9,65,1
22,1,7,102,1
2,3,10,154,1
47,1,10,106,1
66,2,10,29,1
45,3,7,88,1
66,1,10,103,1
47,3,10,141,1
47,2,10,21,1
20,3,7,145,1
67,3,10,151,1
101,1,9,104,1
9,3,10,133,1
107,1,9,104,1
66,1,10,106,1
37,2,11,2,0
47,1,10,110,1
60,3,6,146,0
42,0,9,62,1
66,4,10,56,1
9,1,10,100,1
9,3,10,156,1
47,1,10,129,1
47,0,10,70,1
69,2,10,16,1
15,2,0,31,1
47,0,10,61,1
66,3,10,177,1
42,2,9,32,1
101,3,9,179,1
47,1,10,107,1
91,4,5,53,1
50,2,4,15,1
42,2,9,72,1
66,2,10,37,1
2,0,10,65,1
47,1,10,113,1
66,1,10,118,1
71,1,7,125,0
17,0,9,63,0
108,3,1,146,1
66,1,10,100,1
9,0,10,76,1
9,3,10,132,1
107,0,9,62,0
15,1,0,108,1
60,1,6,115,0
58,3,7,150,1
42,0,9,83,1
47,1,10,94,1
47,1,10,96,1
67,2,10,31,1
2,3,10,171,1
62,2,10,1,1
62,1,10,101,1
47,1,10,101,1
22,3,7,163,1
66,0,10,68,1
82,1,6,100,0
101,3,9,176,0
15,2,0,29,0
67,2,10,26,1
62,1,10,103,1
47,2,10,24,1
66,2,10,27,1
42,0,9,65,1
9,3,10,163,1
63,2,8,13,0
45,1,7,102,1
66,3,10,141,1
47,3,10,151,1
9,1,10,113,1
67,1,10,101,1
86,1,5,111,0
42,0,9,66,1
12,3,3,91,0
42,0,9,75,1
39,3,3,180,0
58,0,7,78,1
66,0,10,63,1
79,1,3,131,1
42,2,9,34,1
9,1,10,120,1
46,4,10,58,1
17,0,9,62,1
42,1,9,108,1
66,2,10,10,1
54,3,1,90,1
62,0,10,79,1
42,0,9,77,1
47,3,10,91,1
66,3,10,154,1
9,3,10,164,1
22,1,7,112,1
74,3,9,170,1
68,1,10,103,1
39,1,3,111,1
42,3,9,176,1
66,2,10,31,1
66,3,10,92,1
67,3,10,133,1
16,1,5,110,0
47,1,10,112,1
101,3,9,90,0
66,0,10,77,1
67,1,10,94,1
39,3,3,140,0
47,0,10,71,1
47,1,10,106,1
42,2,9,28,1
42,1,9,118,1
42,0,9,68,1
42,2,9,36,1
42,0,9,61,1
58,3,7,143,0
47,3,10,151,1
66,1,10,118,1
3,3,1,142,1
67,3,10,160,1
47,3,10,154,1
66,3,10,174,1
42,1,9,105,1
81,2,4,32,1
66,1,10,107,1
67,0,10,78,1
47,2,10,33,1
66,3,10,163,1
66,1,10,99,1
62,1,10,101,1
22,1,7,103,1
62,1,10,97,1
66,1,10,102,1
66,3,10,154,1
42,0,9,66,1
47,3,10,147,1
42,1,9,127,1
74,1,9,109,0
42,3,9,89,1
9,0,10,74,1
66,1,10,104,1
66,0,10,67,1
96,2,11,20,0
42,2,9,16,1
9,3,10,135,1
74,0,9,76,1
66,3,10,154,1
26,3,10,142,1
26,0,10,60,1
42,0,9,68,1
101,1,9,118,0
47,3,10,153,1
38,1,9,123,0
67,2,10,26,1
40,1,7,123,1
42,2,9,25,1
17,2,9,28,0
99,4,5,58,1
81,3,4,160,1
47,2,10,20,1
75,1,9,108,1
71,2,7,7,1
47,1,10,126,1
42,1,9,97,1
42,1,9,110,1
67,1,10,108,1
66,0,10,76,1
66,1,10,109,1
33,2,2,21,1
67,4,10,50,1
109,1,1,99,1
2,3,10,141,1
66,1,10,98,1
107,2,9,2,0
42,0,9,81,1
47,1,10,102,1
66,0,10,66,1
81,1,4,123,0
28,0,9,69,1
62,1,10,113,1
62,3,10,92,1
66,1,10,126,1
62,3,10,154,1
42,0,9,67,1
95,2,7,8,0
42,0,9,60,1
47,0,10,61,1
109,1,1,102,0
9,3,10,153,1
42,3,9,92,1
107,0,9,76,0
66,1,10,106,1
66,0,10,66,1
0,0,9,66,1
47,1,10,96,1
47,3,10,164,1
28,2,9,24,0
47,1,10,96,1
107,2,9,25,0
90,1,5,113,1
66,0,10,62,1
47,1,10,128,1
42,2,9,27,1
15,3,0,175,0
47,0,10,72,1
47,0,10,79,1
2,1,10,130,1
86,3,5,92,0
67,2,10,20,1
47,0,10,64,1
101,0,9,76,0
9,0,10,76,1
68,2,10,7,1
47,3,10,149,1
47,1,10,125,1
47,1,10,125,1
90,1,5,109,1
42,2,9,29,1
67,1,10,117,1
47,1,10,112,1
62,1,10,103,1
42,2,9,22,1
62,1,10,97,1
61,2,1,15,1
75,0,9,66,0
67,2,10,31,1
90,1,5,106,1
42,0,9,81,1
109,3,1,168,1
22,1,7,96,1
62,4,10,55,1
42,0,9,60,1
5,3,10,151,1
47,0,10,67,1
67,2,10,31,1
32,2,3,11,1
105,3,7,144,1
47,1,10,102,1
42,0,9,63,1
47,2,10,31,1
66,2,10,28,1
8,2,10,2,1
68,0,10,69,1
58,0,7,74,1
42,0,9,66,1
8,2,10,2,1
42,0,9,79,1
66,1,10,99,1
45,3,7,90,1
47,1,10,114,1
9,3,10,148,1
42,2,9,23,1
2,3,10,166,1
37,2,11,13,0
42,0,9,69,1
66,2,10,1,1
66,0,10,62,1
66,4,10,56,1
66,1,10,100,1
57,3,6,178,0
63,2,8,20,0
47,1,10,94,1
47,3,10,154,1
26,3,10,133,1
42,2,9,31,1
47,1,10,130,1
2,3,10,141,1
91,4,5,58,1
66,1,10,104,1
47,1,10,112,1
101,1,9,114,0
42,0,9,72,1
66,0,10,77,1
90,3,5,162,0
47,2,10,15,1
31,1,3,123,0
69,2,10,27,1
75,2,9,24,0
47,3,10,144,1
9,1,10,106,1
40,1,7,123,1
47,1,10,118,1
47,4,10,59,1
101,0,9,76,1
40,1,7,123,0
42,0,9,72,1
66,0,10,65,1
47,0,10,76,1
9,3,10,165,1
58,1,7,106,1
81,3,4,174,1
62,3,10,148,1
47,3,10,165,1
75,0,9,65,1
2,1,10,106,1
68,2,10,36,1
26,3,10,142,1
42,1,9,117,1
61,2,1,32,1
42,1,9,118,1
101,1,9,117,0
0,1,9,111,1
101,2,9,22,0
8,2,10,2,1
8,2,10,2,1
101,0,9,79,0
66,2,10,8,1
55,1,7,122,1
69,2,10,30,1
47,3,10,159,1
101,0,9,78,1
47,1,10,94,1
46,3,10,132,1
42,0,9,65,1
96,3,11,172,0
8,2,10,2,1
62,1,10,109,1
101,1,9,109,0
66,1,10,101,1
66,0,10,68,1
9,1,10,95,1
42,3,9,88,1
66,0,10,66,1
66,0,10,77,1
47,3,10,88,1
47,2,10,22,1
62,1,10,96,1
66,0,10,82,1
66,3,10,173,1
9,1,10,130,1
32,0,3,70,0
9,1,10,100,1
66,2,10,34,1
9,0,10,75,1
47,1,10,109,1
47,1,10,94,1
47,2,10,22,1
8,2,10,2,1
66,1,10,99,1
47,3,10,141,1
42,1,9,129,1
101,1,9,109,0
68,1,10,118,1
42,1,9,105,1
66,2,10,2,1
62,3,10,154,1
47,2,10,12,1
37,1,11,131,0
67,0,10,60,1
66,0,10,67,1
9,3,10,179,1
47,3,10,145,1
9,0,10,78,1
47,1,10,112,1
67,1,10,101,1
81,1,4,115,1
66,0,10,77,1
66,3,10,147,1
107,0,9,65,0
67,2,10,1,1
47,2,10,15,1
40,1,7,123,1
62,4,10,54,1
9,1,10,106,1
42,0,9,71,1
47,3,10,163,1
42,3,9,176,1
61,1,1,109,0
47,1,10,99,1
80,1,7,113,1
101,0,9,81,1
9,3,10,148,1
107,2,9,29,0
42,3,9,147,1
34,1,9,108,1
47,2,10,26,1
99,0,5,83,1
2,4,10,56,1
66,1,10,113,1
66,2,10,33,1
61,2,1,29,1
46,1,10,110,1
2,4,10,56,1
4,2,6,30,1
62,3,10,88,1
47,1,10,94,1
46,3,10,132,1
47,3,10,153,1
15,2,0,9,0
45,1,7,99,1
75,0,9,65,0
62,3,10,148,1
47,1,10,125,1
60,0,6,64,0
40,1,7,109,0
63,2,8,20,0
68,2,10,22,1
33,2,2,34,1
47,3,10,152,1
101,3,9,90,1
66,0,10,75,1
38,0,9,61,0
38,2,9,26,0
40,1,7,126,0
66,3,10,92,1
66,4,10,53,1
47,0,10,65,1
37,2,11,24,0
47,3,10,140,1
62,2,10,3,1
42,0,9,76,1
47,3,10,150,1
47,1,10,95,1
42,1,9,117,1
47,3,10,144,1
109,4,1,51,1
62,3,10,151,1
42,3,9,151,1
69,3,10,149,1
47,3,10,176,1
42,0,9,70,1
42,3,9,90,1
9,1,10,120,1
47,1,10,98,1
73,3,6,160,1
9,0,10,65,1
66,2,10,36,1
66,0,10,71,1
47,3,10,181,1
66,3,10,91,1
42,2,9,43,1
47,3,10,159,1
66,3,10,154,1
74,1,9,95,1
47,2,10,36,1
47,1,10,125,1
28,2,9,31,0
101,3,9,88,0
8,2,10,2,1
74,1,9,99,0
67,1,10,97,1
42,0,9,65,1
9,1,10,120,1
66,1,10,95,1
81,1,4,95,1
63,2,8,20,0
42,0,9,61,1
85,1,1,108,1
66,1,10,97,1
66,1,10,105,1
60,2,6,22,0
2,1,10,98,1
66,0,10,67,1
81,3,4,162,1
47,3,10,132,1
42,3,9,160,1
42,0,9,70,1
66,3,10,176,1
66,1,10,106,1
47,3,10,146,1
66,0,10,65,1
42,2,9,27,1
42,0,9,63,1
66,0,10,72,1
62,3,10,148,1
62,3,10,154,1
2,1,10,130,1
47,1,10,129,1
66,1,10,124,1
47,1,10,121,1
23,1,7,112,1
47,2,10,30,1
47,2,10,2,1
66,0,10,64,1
39,1,3,129,1
42,1,9,129,1
47,1,10,114,1
42,0,9,81,1
31,2,3,0,0
17,1,9,99,0
42,1,9,118,1
85,1,1,101,1
47,3,10,148,1
8,2,10,2,1
66,2,10,7,1
40,2,7,40,0
47,1,10,97,1
8,2,10,2,1
66,0,10,78,1
66,2,10,27,1
66,2,10,7,1
45,0,7,70,1
66,1,10,96,1
9,0,10,71,1
28,1,9,104,0
66,0,10,75,1
107,0,9,68,1
2,1,10,120,1
42,0,9,75,1
58,3,7,149,1
26,3,10,142,1
66,3,10,163,1
46,0,10,81,1
9,1,10,103,1
62,4,10,50,1
8,2,10,2,1
66,1,10,108,1
47,0,10,75,1
87,1,4,118,0
38,2,9,36,0
26,3,10,147,1
90,1,5,106,1
60,2,6,0,0
42,0,9,72,1
66,3,10,154,1
42,0,9,81,1
42,0,9,81,1
61,1,1,103,1
66,1,10,100,1
66,2,10,36,1
35,1,4,128,0
96,3,11,172,0
66,1,10,101,1
68,2,10,22,1
66,0,10,63,1
58,1,7,105,1
47,1,10,97,1
4,3,6,176,1
62,3,10,148,1
47,2,10,24,1
9,0,10,75,1
47,1,10,131,1
47,0,10,76,1
42,0,9,62,1
42,3,9,170,1
66,2,10,29,1
47,3,10,154,1
9,3,10,164,1
90,1,5,106,1
66,2,10,36,1
18,1,6,99,0
90,2,5,10,1
47,0,10,72,1
47,3,10,153,1
76,1,10,97,1
67,3,10,89,1
101,0,9,76,1
47,1,10,102,1
47,1,10,100,1
9,1,10,117,1
47,1,10,94,1
9,3,10,133,1
66,2,10,28,1
9,3,10,144,1
109,3,1,163,1
42,1,9,105,1
2,3,10,140,1
66,2,10,30,1
66,1,10,130,1
63,2,8,20,0
9,0,10,68,1
66,3,10,177,1
28,0,9,78,1
71,2,7,23,1
47,1,10,115,1
62,3,10,91,1
66,2,10,22,1
45,1,7,107,1
9,1,10,112,1
42,3,9,92,1
40,1,7,120,0
69,1,10,116,1
66,3,10,163,1
40,1,7,126,0
42,2,9,29,1
42,2,9,33,1
42,1,9,95,1
13,2,5,7,0
66,3,10,136,1
42,0,9,60,1
74,2,9,16,1
9,1,10,119,1
86,3,5,138,0
46,1,10,111,1
42,2,9,23,1
47,1,10,119,1
47,2,10,4,1
38,2,9,24,0
66,2,10,29,1
62,0,10,69,1
47,0,10,81,1
60,1,6,107,0
67,1,10,128,1
66,2,10,28,1
66,0,10,71,1
90,0,5,75,1
47,1,10,130,1
66,1,10,97,1
9,0,10,62,1
66,0,10,62,1
66,0,10,75,1
10,1,3,125,1
22,1,7,110,1
62,2,10,1,1
47,1,10,114,1
9,1,10,120,1
62,1,10,121,1
47,3,10,148,1
47,3,10,92,1
47,3,10,161,1
4,1,6,120,1
105,2,7,0,1
18,3,6,161,0
69,2,10,16,1
67,0,10,69,1
3,1,1,99,0
66,1,10,95,1
66,1,10,105,1
37,3,11,93,0
33,1,10,103,1
66,4,10,50,1
66,1,10,112,1
28,1,9,125,1
47,0,10,72,1
33,2,2,12,1
39,2,3,26,1
47,3,10,181,1
47,4,10,49,1
47,1,10,109,1
47,0,10,76,1
66,0,10,65,1
47,3,10,141,1
66,2,10,27,1
47,1,10,126,1
47,1,10,117,1
47,1,10,94,1
42,1,9,111,1
15,1,0,110,0
9,3,10,163,1
39,0,3,77,1
66,1,10,108,1
42,3,9,147,1
47,1,10,101,1
17,1,9,115,1
67,3,10,89,1
47,3,10,154,1
63,2,8,20,0
2,1,10,130,1
9,3,10,90,1
47,0,10,61,1
101,1,9,129,0
68,3,10,145,1
47,1,10,126,1
40,1,7,96,1
47,3,10,88,1
66,0,10,69,1
9,3,10,153,1
2,1,10,106,1
42,0,9,71,1
42,1,9,114,1
9,3,10,89,1
54,2,1,43,1
107,1,9,113,0
23,0,7,67,1
56,2,11,7,0
74,0,9,72,0
66,2,10,34,1
47,1,10,102,1
40,1,7,110,1
9,3,10,144,1
31,1,3,118,0
63,2,8,20,0
42,1,9,105,1
18,3,6,151,0
66,3,10,178,1
66,3,10,151,1
66,4,10,53,1
66,3,10,144,1
101,3,9,154,0
106,2,6,25,1
66,0,10,76,1
68,3,10,158,1
59,1,4,94,0
10,0,3,81,1
47,1,10,106,1
67,1,10,99,1
39,1,3,103,1
101,4,9,55,0
90,1,5,125,1
47,2,10,28,1
42,3,9,178,1
94,1,5,100,0
8,2,10,2,1
47,3,10,156,1
22,1,7,103,1
8,2,10,2,1
101,2,9,72,1
69,2,10,16,1
42,0,9,76,1
81,1,4,118,1
75,3,9,161,1
2,1,10,96,1
90,1,5,110,1
42,2,9,29,1
71,3,7,147,1
101,2,9,26,0
17,0,9,69,1
62,2,10,20,1
66,3,10,150,1
9,3,10,167,1
9,1,10,113,1
9,3,10,148,1
58,1,7,124,0
2,1,10,130,1
85,3,1,151,1
101,3,9,173,0
40,1,7,123,0
9,0,10,65,1
47,2,10,20,1
47,0,10,72,1
35,1,4,118,0
8,2,10,2,1
74,1,9,108,1
38,2,9,30,0
42,2,9,38,1
42,0,9,72,1
9,1,10,126,1
17,2,9,24,0
66,3,10,92,1
99,4,5,58,1
9,3,10,163,1
47,3,10,147,1
47,3,10,160,1
47,2,10,31,1
47,0,10,60,1
47,1,10,106,1
47,0,10,65,1
9,3,10,173,1
66,3,10,177,1
101,2,9,27,0
47,3,10,159,1
62,1,10,100,1
66,2,10,28,1
47,1,10,94,1
52,1,1,123,1
0,0,9,81,0
9,0,10,71,1
42,2,9,23,1
67,1,10,99,1
47,3,10,169,1
62,0,10,81,1
66,0,10,71,1
28,3,9,174,1
101,2,9,29,0
62,0,10,67,1
8,2,10,2,1
47,2,10,31,1
2,1,10,130,1
47,3,10,176,1
81,1,4,108,1
33,2,2,33,1
25,1,4,112,1
8,2,10,2,1
42,1,9,95,1
62,3,10,174,1
47,2,10,7,1
42,2,9,27,1
0,0,9,62,1
37,3,11,145,0
47,2,10,30,1
23,3,7,153,1
9,3,10,162,1
47,3,10,154,1
66,4,10,59,1
99,4,5,58,1
66,3,10,151,1
42,0,9,77,1
62,1,10,128,1
47,0,10,81,1
99,3,5,151,1
42,2,9,29,1
47,1,10,110,1
2,3,10,153,1
47,1,10,97,1
63,2,8,20,0
0,1,9,108,1
66,1,10,99,1
8,2,10,2,1
42,0,9,71,1
34,0,9,84,0
42,2,9,1,1
66,3,10,141,1
17,0,9,67,1
2,1,10,125,1
47,2,10,36,1
66,2,10,28,1
63,3,8,158,0
47,0,10,67,1
33,2,10,21,1
90,1,5,116,0
12,3,3,164,0
48,4,7,58,1
47,3,10,144,1
42,3,9,176,1
58,1,7,123,1
47,1,10,96,1
22,1,7,99,1
47,0,10,69,1
2,1,10,130,1
66,1,10,129,1
47,1,10,109,1
42,4,9,51,1
66,3,10,144,1
47,3,10,152,1
66,1,10,121,1
42,3,9,152,1
109,3,1,164,0
66,1,10,113,1
47,1,10,97,1
9,0,10,71,1
48,4,7,58,1
17,3,9,166,1
42,1,9,118,1
2,0,10,78,1
47,2,10,29,1
47,3,10,165,1
110,1,6,121,1
22,1,7,115,1
66,2,10,26,1
109,3,1,147,1
67,2,10,13,1
9,3,10,176,1
42,3,9,147,1
62,1,10,103,1
71,1,7,115,1
90,1,5,97,1
18,2,6,0,1
46,1,10,115,1
47,4,10,58,1
47,1,10,124,1
67,3,10,148,1
75,2,9,32,0
47,3,10,150,1
22,0,7,78,1
47,1,10,97,1
47,2,10,8,1
90,2,5,1,1
42,0,9,69,1
67,3,10,89,1
66,2,10,27,1
66,2,10,26,1
42,1,9,129,1
63,2,8,20,0
85,4,1,48,1
47,3,10,91,1
45,3,7,171,1
42,2,9,31,1
66,1,10,94,1
66,2,10,8,1
47,0,10,76,1
62,1,10,121,1
90,0,5,74,1
75,0,9,62,0
42,1,9,99,1
47,2,10,22,1
39,1,3,95,1
66,0,10,66,1
9,0,10,71,1
47,1,10,100,1
23,4,7,58,1
47,3,10,87,1
42,2,9,31,1
49,2,6,1,0
66,2,10,26,1
62,2,10,7,1
67,1,10,115,1
66,4,10,59,1
75,2,9,31,0
107,3,9,166,1
66,2,10,10,1
9,3,10,158,1
72,2,5,20,1
74,1,9,118,1
24,3,10,168,1
35,1,4,118,0
9,2,10,24,1
90,1,5,115,1
42,0,9,76,1
47,2,10,37,1
75,0,9,71,0
47,3,10,152,1
66,4,10,59,1
42,2,9,24,1
47,0,10,66,1
66,2,10,29,1
42,2,9,30,1
47,3,10,165,1
107,2,9,30,1
47,1,10,112,1
75,0,9,62,1
47,1,10,106,1
68,2,10,29,1
56,2,11,33,0
58,1,7,127,1
75,1,9,125,1
66,1,10,100,1
101,3,9,178,0
71,1,7,123,1
17,2,9,36,0
42,1,9,96,1
62,4,10,54,1
47,3,10,148,1
2,1,10,125,1
66,3,10,177,1
31,1,3,99,0
42,0,9,77,1
42,1,9,96,1
58,1,7,112,1
28,3,9,171,1
47,1,10,107,1
42,0,9,61,1
65,2,10,6,1
42,1,9,125,1
90,4,5,48,1
9,3,10,162,1
42,0,9,80,1
107,2,9,32,0
101,3,9,166,1
42,1,9,129,1
33,2,10,27,1
9,4,10,52,1
42,1,9,108,1
42,0,9,82,1
42,0,9,66,1
34,2,9,21,0
2,1,10,130,1
45,3,7,174,1
2,1,10,106,1
8,2,10,2,1
47,3,10,147,1
47,2,10,16,1
109,2,1,20,1
31,0,3,72,0
58,1,7,115,1
47,1,10,115,1
31,2,3,0,0
3,3,1,142,1
9,1,10,104,1
20,1,7,118,1
68,2,10,31,1
42,2,9,21,1
42,1,9,129,1
9,0,10,71,1
42,2,9,19,1
58,1,7,125,1
15,2,0,13,0
66,3,10,145,1
8,2,10,2,1
66,0,10,80,1
61,2,1,8,1
9,3,10,161,1
68,1,10,118,1
68,1,10,118,1
109,2,1,11,1
18,3,6,170,0
61,1,1,111,1
0,2,9,24,0
99,1,5,110,1
99,0,5,81,1
9,1,10,96,1
47,1,10,94,1
63,2,8,20,0
101,1,9,108,0
93,1,5,99,0
82,1,6,114,0
42,1,9,118,1
99,1,5,121,1
9,1,10,106,1
66,2,10,7,1
66,1,10,101,1
66,2,10,16,1
9,1,10,125,1
63,2,8,20,0
17,2,9,8,0
47,0,10,60,1
47,0,10,75,1
67,2,10,23,1
31,0,3,67,1
61,1,1,126,1
66,3,10,151,1
66,0,10,62,1
47,0,10,72,1
22,4,7,59,1
47,2,10,30,1
61,0,1,70,1
96,2,11,1,0
42,0,9,76,1
22,0,7,74,1
40,3,7,153,0
63,2,8,20,0
24,3,10,144,1
45,1,7,104,1
62,1,10,103,1
66,1,10,113,1
105,1,7,94,1
2,3,10,133,1
47,3,10,168,1
9,1,10,124,1
68,1,10,105,1
40,1,7,110,1
9,0,10,78,1
74,3,9,179,1
104,2,10,46,1
76,1,10,107,1
47,1,10,107,1
47,3,10,154,1
66,3,10,137,1
67,2,10,31,1
47,0,10,71,1
101,1,9,101,0
47,2,10,20,1
47,1,10,119,1
42,2,9,23,1
66,1,10,100,1
42,1,9,96,1
47,1,10,97,1
42,0,9,62,1
63,2,8,20,0
42,3,9,138,1
42,0,9,77,1
42,0,9,67,1
22,1,7,123,1
75,2,9,32,0
67,3,10,133,1
67,2,10,28,1
69,3,10,135,1
31,1,3,117,0
42,0,9,61,1
47,3,10,169,1
47,1,10,96,1
109,1,1,120,1
85,0,1,71,1
67,3,10,153,1
66,3,10,173,1
69,2,10,27,1
9,1,10,130,1
34,1,9,98,0
47,3,10,180,1
9,3,10,88,1
31,0,3,66,0
62,3,10,154,1
45,3,7,132,0
12,3,3,171,0
66,3,10,164,1
66,3,10,175,1
66,3,10,87,1
5,0,10,71,1
31,2,3,34,0
23,3,7,138,1
3,3,1,142,1
66,1,10,115,1
8,2,10,2,1
42,2,9,31,1
42,2,9,29,1
47,2,10,6,1
0,1,9,102,0
9,1,10,113,1
47,1,10,115,1
42,0,9,76,1
31,3,3,148,0
34,1,9,102,0
60,1,6,109,0
47,1,10,119,1
47,2,10,30,1
42,1,9,117,1
83,0,9,61,1
9,3,10,147,1
42,1,9,121,1
47,1,10,125,1
54,2,1,13,1
66,1,10,100,1
66,1,10,101,1
47,0,10,70,1
9,4,10,49,1
47,0,10,63,1
47,1,10,119,1
47,2,10,32,1
42,0,9,81,1
47,4,10,56,1
17,0,9,69,0
47,1,10,114,1
75,1,9,118,1
2,1,10,130,1
106,3,6,181,1
35,2,4,33,0
85,3,1,134,1
47,3,10,165,1
75,1,9,124,1
66,1,10,99,1
45,1,7,119,1
47,1,10,123,1
23,1,7,103,1
47,1,10,125,1
66,1,10,97,1
9,3,10,89,1
66,1,10,116,1
40,1,7,96,0
9,1,10,100,1
47,1,10,105,1
47,3,10,144,1
22,0,7,65,1
42,1,9,117,1
66,0,10,70,1
66,2,10,10,1
58,4,7,58,1
66,0,10,66,1
9,1,10,128,1
47,3,10,144,1
63,2,8,20,0
9,3,10,173,1
9,1,10,116,1
75,4,9,51,1
23,1,7,114,1
63,2,8,13,0
98,1,10,94,1
47,1,10,126,1
47,1,10,126,1
22,1,7,103,1
46,3,10,135,1
22,4,7,53,1
66,1,10,95,1
99,3,5,141,1
42,2,9,72,1
66,1,10,99,1
26,3,10,173,1
66,0,10,67,1
62,3,10,148,1
66,2,10,30,1
47,2,10,29,1
17,1,9,103,0
42,2,9,26,1
66,3,10,148,1
47,3,10,146,1
66,1,10,109,1
9,3,10,179,1
47,0,10,73,1
63,2,8,20,0
62,1,10,101,1
66,1,10,103,1
66,3,10,148,1
62,1,10,98,1
16,2,5,27,0
66,3,10,145,1
90,3,5,178,1
40,2,7,24,1
17,1,9,105,0
107,1,9,109,0
38,0,9,63,0
42,0,9,61,1
81,2,4,14,1
47,0,10,76,1
42,1,9,103,1
8,2,10,2,1
3,2,1,22,1
42,1,9,105,1
42,0,9,65,1
42,3,9,173,1
83,0,9,78,0
45,1,7,120,1
28,2,9,30,1
47,0,10,82,1
66,2,10,31,1
101,1,9,104,0
2,1,10,130,1
66,3,10,177,1
9,3,10,147,1
9,0,10,67,1
47,2,10,22,1
9,0,10,76,1
39,3,3,163,0
62,4,10,54,1
66,1,10,101,1
47,1,10,106,1
109,3,1,151,1
47,2,10,2,1
67,2,10,31,1
39,0,3,79,0
47,3,10,152,1
9,0,10,68,1
66,1,10,102,1
66,3,10,176,1
47,1,10,126,1
47,3,10,144,1
47,1,10,101,1
47,1,10,112,1
90,1,5,98,1
42,0,9,76,1
66,0,10,76,1
42,0,9,68,1
9,1,10,130,1
42,0,9,77,1
47,4,10,51,1
101,2,9,30,1
66,0,10,60,1
9,0,10,84,1
47,1,10,94,1
47,0,10,76,1
9,1,10,113,1
47,0,10,75,1
66,0,10,65,1
66,1,10,117,1
47,1,10,96,1
66,3,10,150,1
40,1,7,110,1
47,2,10,26,1
54,3,1,132,1
42,3,9,147,1
42,3,9,148,1
47,3,10,92,1
47,1,10,120,1
42,0,9,62,1
66,0,10,75,1
99,2,5,4,1
90,3,5,161,1
47,3,10,151,1
42,0,9,74,1
47,3,10,92,1
66,1,10,100,1
42,2,9,19,1
35,3,4,136,0
67,2,10,31,1
66,1,10,117,1
9,0,10,69,1
62,3,10,89,1
75,1,9,102,0
58,3,7,174,1
61,1,1,118,1
63,2,8,20,0
74,1,9,120,0
47,3,10,152,1
47,3,10,151,1
62,1,10,114,1
47,1,10,115,1
9,0,10,76,1
42,3,9,91,1
47,1,10,127,1
63,2,8,13,0
42,2,9,29,1
47,1,10,101,1
42,3,9,92,1
47,2,10,28,1
47,3,10,163,1
9,1,10,94,1
61,1,1,112,0
66,2,10,24,1
42,2,9,31,1
12,3,3,163,0
2,1,10,125,1
66,1,10,118,1
42,3,9,154,1
47,1,10,102,1
22,1,7,101,1
40,1,7,96,0
9,3,10,163,1
31,0,3,65,0
101,2,9,36,0
71,1,7,106,1
9,1,10,109,1
66,2,10,28,1
9,1,10,114,1
47,1,10,116,1
47,4,10,55,1
47,3,10,152,1
47,3,10,154,1
66,0,10,71,1
47,2,10,31,1
23,2,7,34,1
9,4,10,50,1
9,1,10,104,1
42,0,9,67,1
94,3,5,141,1
26,3,10,142,1
48,4,7,58,1
75,0,9,76,1
62,0,10,68,1
0,1,9,99,1
5,3,10,178,1
42,3,9,175,1
42,2,9,30,1
92,3,5,136,1
66,0,10,71,1
67,1,10,113,1
66,3,10,154,1
67,2,10,22,1
66,2,10,1,1
66,1,10,116,1
47,1,10,112,1
74,0,9,63,0
9,1,10,115,1
47,1,10,115,1
9,1,10,120,1
28,0,9,62,1
80,1,7,95,1
66,3,10,177,1
63,2,8,20,0
42,1,9,124,1
9,0,10,79,1
66,1,10,118,1
47,0,10,75,1
66,0,10,65,1
2,1,10,130,1
101,0,9,61,1
66,2,10,28,1
63,2,8,20,0
9,3,10,154,1
47,0,10,78,1
17,1,9,98,1
9,1,10,95,1
47,3,10,165,1
42,0,9,71,1
47,1,10,99,1
109,1,1,125,1
42,1,9,100,1
42,2,9,34,1
45,4,7,55,1
47,3,10,161,1
47,2,10,0,1
47,3,10,92,1
71,3,7,164,1
2,3,10,154,1
47,2,10,20,1
75,1,9,104,0
107,2,9,7,0
47,3,10,136,1
42,3,9,87,1
63,2,8,46,0
42,2,9,21,1
47,0,10,74,1
66,1,10,128,1
90,4,5,58,1
42,3,9,181,1
42,3,9,167,1
47,2,10,0,1
64,1,10,100,1
91,3,5,173,0
2,3,10,159,1
66,3,10,177,1
47,0,10,71,1
69,1,10,128,1
26,3,10,142,1
87,0,4,77,0
74,2,9,31,0
107,1,9,103,0
91,1,5,121,1
42,0,9,71,1
109,0,1,82,1
3,3,1,178,0
9,1,10,121,1
17,1,9,98,1
69,2,10,16,1
66,0,10,77,1
33,2,10,9,1
47,0,10,77,1
42,1,9,100,1
85,3,1,179,1
9,2,10,0,1
66,4,10,50,1
24,0,10,69,1
47,1,10,104,1
9,3,10,141,1
42,0,9,71,1
22,0,7,74,1
66,1,10,101,1
62,0,10,73,1
47,1,10,126,1
69,2,10,2,1
68,3,10,159,1
109,2,1,7,1
42,3,9,150,1
47,0,10,74,1
62,2,10,30,1
47,2,10,22,1
63,2,8,13,0
68,3,10,160,1
47,3,10,158,1
47,1,10,115,1
22,1,7,121,1
81,1,4,128,1
47,0,10,74,1
47,2,10,28,1
67,1,10,128,1
9,0,10,62,1
75,2,9,26,0
58,3,7,143,0
42,1,9,118,1
42,3,9,152,1
66,0,10,75,1
67,1,10,112,1
42,2,9,37,1
87,2,4,32,0
66,1,10,105,1
47,1,10,99,1
8,2,10,2,1
75,2,9,24,0
61,1,1,116,0
9,1,10,96,1
67,1,10,110,1
69,3,10,150,1
42,0,9,61,1
47,2,10,27,1
22,1,7,101,1
66,2,10,24,1
35,2,4,16,0
67,3,10,164,1
34,2,9,24,0
23,0,7,62,1
42,2,9,37,1
63,2,8,20,0
35,2,4,10,0
42,3,9,173,1
66,3,10,178,1
9,3,10,132,1
66,3,10,174,1
67,1,10,109,1
47,2,10,27,1
47,1,10,104,1
47,2,10,24,1
23,1,7,128,1
66,0,10,78,1
42,3,9,151,1
66,1,10,128,1
66,3,10,147,1
46,3,10,145,1
67,3,10,89,1
47,1,10,100,1
9,3,10,151,1
67,4,10,54,1
47,2,10,20,1
47,0,10,72,1
58,1,7,103,1
66,0,10,81,1
62,3,10,148,1
68,2,10,9,1
66,0,10,64,1
33,2,10,21,1
0,2,9,31,0
107,0,9,61,1
22,1,7,97,1
42,3,9,133,1
9,3,10,132,1
63,2,8,20,0
42,2,9,8,1
90,1,5,111,0
24,1,10,100,1
4,0,6,76,1
10,2,3,31,1
66,2,10,28,1
67,1,10,95,1
101,1,9,115,1
46,3,10,175,1
2,3,10,144,1
9,1,10,102,1
9,0,10,70,1
62,1,10,114,1
66,2,10,22,1
42,1,9,106,1
28,0,9,67,1
64,3,10,176,1
47,0,10,72,1
47,3,10,147,1
9,0,10,67,1
9,3,10,156,1
15,4,0,59,0
9,3,10,144,1
42,1,9,124,1
47,3,10,151,1
61,1,1,117,1
9,1,10,103,1
2,0,10,77,1
9,3,10,132,1
47,0,10,67,1
66,1,10,128,1
63,3,8,158,0
47,1,10,119,1
101,0,9,76,1
56,3,11,172,0
66,1,10,118,1
66,2,10,22,1
42,3,9,178,1
15,3,0,132,0
81,1,4,106,1
66,0,10,65,1
69,3,10,177,1
47,1,10,109,1
2,4,10,56,1
101,2,9,31,0
8,2,10,2,1
9,3,10,154,1
81,0,4,69,1
8,2,10,2,1
66,4,10,53,1
39,2,3,26,1
101,4,9,51,1
91,3,5,158,1
62,1,10,115,1
67,2,10,30,1
35,1,4,97,0
62,3,10,152,1
90,1,5,105,1
66,1,10,106,1
66,0,10,66,1
42,0,9,62,1
9,0,10,71,1
47,1,10,100,1
45,3,7,87,1
39,1,3,122,1
68,1,10,101,1
2,1,10,130,1
2,0,10,83,1
47,1,10,100,1
99,1,5,107,1
42,0,9,64,1
2,1,10,127,1
47,2,10,33,1
68,0,10,70,1
47,1,10,109,1
63,2,8,13,0
9,0,10,76,1
47,0,10,64,1
9,0,10,61,1
66,0,10,67,1
47,3,10,154,1
42,1,9,118,1
26,3,10,142,1
22,3,7,152,1
9,1,10,126,1
42,1,9,117,1
23,1,7,110,1
2,3,10,161,1
8,2,10,2,1
66,0,10,78,1
42,1,9,118,1
5,1,10,130,1
105,2,7,22,1
12,3,3,150,0
47,1,10,121,1
66,1,10,115,1
47,1,10,126,1
9,1,10,96,1
45,1,7,112,1
66,1,10,117,1
47,3,10,165,1
2,1,10,130,1
66,0,10,66,1
66,3,10,174,1
47,1,10,102,1
79,1,3,113,1
42,2,9,28,1
42,0,9,75,1
42,1,9,96,1
70,2,4,20,0
47,1,10,100,1
66,1,10,99,1
66,3,10,132,1
42,2,9,31,1
47,1,10,126,1
93,0,5,73,1
9,2,10,11,1
9,1,10,130,1
75,0,9,67,0
67,2,10,27,1
9,3,10,141,1
62,2,10,40,1
47,2,10,13,1
35,1,4,109,0
42,0,9,77,1
66,3,10,181,1
2,4,10,56,1
66,0,10,76,1
42,1,9,110,1
22,2,7,16,1
81,1,4,109,1
22,1,7,105,1
23,1,7,98,1
66,0,10,70,1
101,2,9,29,0
68,1,10,110,1
47,1,10,110,1
62,2,10,23,1
66,0,10,60,1
67,2,10,31,1
66,2,10,24,1
45,0,7,66,1
62,2,10,16,1
58,1,7,112,1
66,1,10,94,1
66,3,10,148,1
47,1,10,117,1
42,0,9,66,1
68,2,10,28,1
66,3,10,176,1
66,3,10,177,1
47,1,10,96,1
101,1,9,102,0
9,0,10,75,1
75,1,9,104,1
23,3,7,92,1
42,1,9,105,1
42,0,9,61,1
9,3,10,166,1
107,2,9,11,0
58,3,7,144,1
26,3,10,173,1
47,4,10,55,1
42,2,9,24,1
47,2,10,26,1
42,1,9,127,1
109,2,1,35,1
58,4,7,59,1
42,2,9,37,1
9,3,10,151,1
61,3,1,153,0
42,0,9,65,1
66,1,10,117,1
85,3,1,174,1
9,3,10,151,1
47,1,10,112,1
66,3,10,140,1
67,2,10,31,1
47,1,10,125,1
66,1,10,118,1
47,1,10,103,1
101,1,9,103,0
66,1,10,128,1
66,0,10,69,1
45,1,7,95,1
46,1,10,96,1
107,1,9,95,1
47,0,10,60,1
47,1,10,128,1
66,1,10,100,1
67,2,10,31,1
42,4,9,51,1
66,1,10,99,1
47,1,10,109,1
58,3,7,156,1
34,1,9,101,0
42,0,9,62,1
42,3,9,90,1
62,1,10,125,1
62,1,10,128,1
42,0,9,77,1
47,1,10,110,1
42,2,9,32,1
63,2,8,13,0
90,3,5,164,1
8,2,10,2,1
63,2,8,20,0
66,3,10,144,1
47,0,10,64,1
107,3,9,173,0
22,0,7,82,1
9,0,10,71,1
33,2,10,22,1
66,1,10,124,1
81,1,4,107,0
66,2,10,27,1
23,2,7,31,1
47,1,10,109,1
47,0,10,75,1
9,3,10,144,1
66,1,10,125,1
103,3,4,88,1
42,0,9,68,1
42,2,9,31,1
22,0,7,72,1
37,1,11,114,0
42,2,9,30,1
42,3,9,176,1
40,1,7,110,1
62,1,10,103,1
62,4,10,48,1
5,2,10,10,1
47,3,10,145,1
47,1,10,115,1
9,3,10,144,1
47,0,10,74,1
46,3,10,163,1
66,3,10,88,1
63,2,8,20,0
107,3,9,143,0
66,3,10,165,1
67,1,10,110,1
45,1,7,120,1
66,0,10,74,1
66,1,10,124,1
47,1,10,99,1
42,2,9,1,1
47,1,10,101,1
47,3,10,87,1
42,1,9,117,1
47,1,10,110,1
66,2,10,0,1
47,2,10,9,1
42,0,9,66,1
101,1,9,129,0
42,0,9,61,1
49,1,6,123,1
42,0,9,72,1
61,1,1,96,1
58,4,7,58,1
63,2,8,20,0
66,2,10,30,1
47,3,10,134,1
63,2,8,20,0
67,3,10,144,1
9,3,10,148,1
109,0,1,76,0
42,1,9,118,1
9,3,10,89,1
45,0,7,76,0
42,3,9,165,1
66,3,10,167,1
66,3,10,174,1
107,2,9,32,0
9,3,10,167,1
47,1,10,108,1
109,1,1,110,1
63,2,8,13,0
58,1,7,104,1
47,3,10,147,1
67,3,10,132,1
47,3,10,137,1
47,3,10,181,1
42,2,9,34,1
67,2,10,33,1
28,0,9,76,0
66,3,10,174,1
47,3,10,90,1
17,2,9,16,1
2,4,10,56,1
9,3,10,148,1
41,1,11,94,0
105,2,7,3,1
47,3,10,153,1
47,1,10,119,1
47,1,10,115,1
47,1,10,97,1
63,2,8,20,0
47,1,10,114,1
90,1,5,114,1
96,2,11,5,0
9,3,10,171,1
62,2,10,3,1
42,1,9,126,1
75,3,9,173,0
9,3,10,163,1
47,3,10,165,1
9,3,10,156,1
35,1,4,98,0
91,0,5,80,1
67,3,10,148,1
42,0,9,82,1
66,1,10,129,1
42,3,9,181,1
47,2,10,16,1
45,1,7,108,0
68,2,10,22,1
47,1,10,94,1
67,1,10,103,1
62,1,10,103,1
66,2,10,28,1
42,0,9,77,1
9,3,10,144,1
62,1,10,128,1
62,1,10,131,1
40,1,7,103,0
62,4,10,48,1
66,0,10,69,1
42,1,9,105,1
47,0,10,71,1
74,3,9,144,1
47,0,10,65,1
9,3,10,176,1
58,4,7,53,1
107,1,9,120,1
62,3,10,134,1
34,1,9,128,1
42,0,9,68,1
42,0,9,66,1
28,3,9,178,1
101,0,9,79,0
66,3,10,174,1
26,3,10,142,1
66,1,10,128,1
66,2,10,28,1
22,1,7,97,1
66,0,10,81,1
107,4,9,51,1
42,0,9,67,1
45,4,7,56,1
46,3,10,148,1
47,2,10,20,1
81,1,4,119,1
42,3,9,149,1
2,3,10,176,1
63,2,8,20,0
57,2,6,25,1
69,0,10,75,1
42,1,9,117,1
47,3,10,152,1
42,0,9,75,1
47,1,10,120,1
42,0,9,81,1
67,0,10,79,1
26,1,10,101,1
47,3,10,145,1
89,2,3,13,0
67,3,10,165,1
42,0,9,77,1
47,1,10,100,1
8,2,10,2,1
109,3,1,146,0
62,1,10,103,1
66,1,10,105,1
37,2,11,12,0
42,0,9,76,1
66,1,10,120,1
66,1,10,118,1
42,1,9,110,1
66,3,10,177,1
40,1,7,126,0
62,1,10,109,1
42,1,9,115,1
66,1,10,128,1
23,3,7,145,1
81,0,4,65,1
47,3,10,161,1
47,2,10,2,1
47,3,10,153,1
47,3,10,144,1
47,0,10,76,1
47,0,10,72,1
90,2,5,12,1
42,0,9,61,1
67,2,10,31,1
109,1,1,129,1
63,2,8,20,0
63,2,8,20,0
9,3,10,148,1
82,0,6,74,0
46,1,10,121,1
47,1,10,100,1
66,3,10,164,1
9,3,10,144,1
66,3,10,177,1
5,1,10,128,1
42,2,9,21,1
9,3,10,144,1
58,1,7,125,1
47,3,10,153,1
2,1,10,105,1
66,1,10,127,1
82,3,6,175,0
42,1,9,118,1
73,1,6,102,0
47,3,10,152,1
47,0,10,82,1
9,1,10,100,1
50,1,4,99,1
54,1,1,121,1
33,2,10,13,1
62,1,10,103,1
80,3,7,173,1
34,2,9,24,0
61,3,1,147,1
107,0,9,83,1
42,0,9,76,1
46,1,10,112,1
47,3,10,168,1
9,1,10,120,1
5,3,10,147,1
42,0,9,72,1
42,1,9,120,1
109,3,1,147,1
62,3,10,148,1
46,1,10,101,1
62,3,10,148,1
42,0,9,71,1
9,1,10,116,1
81,1,4,112,1
81,1,4,98,1
66,3,10,151,1
9,3,10,165,1
9,3,10,167,1
75,2,9,30,0
95,4,7,59,1
47,4,10,56,1
66,1,10,104,1
42,1,9,118,1
47,0,10,76,1
47,3,10,144,1
47,3,10,139,1
2,1,10,130,1
47,1,10,106,1
62,3,10,148,1
2,1,10,123,1
66,2,10,36,1
66,0,10,67,1
47,1,10,119,1
66,3,10,144,1
42,2,9,72,1
69,0,10,75,1
47,2,10,2,1
32,1,3,103,1
66,1,10,99,1
8,2,10,2,1
85,3,1,167,1
67,0,10,79,1
58,2,7,34,0
2,1,10,130,1
9,0,10,81,1
47,1,10,111,1
66,3,10,137,1
9,0,10,68,1
66,0,10,77,1
66,0,10,77,1
22,3,7,161,1
42,2,9,23,1
9,3,10,145,1
23,4,7,56,1
101,1,9,104,1
101,2,9,11,0
66,2,10,28,1
9,3,10,173,1
47,1,10,115,1
47,0,10,80,1
47,3,10,153,1
42,2,9,8,1
58,3,7,143,0
68,2,10,22,1
42,1,9,98,1
69,2,10,16,1
47,3,10,152,1
81,3,4,132,1
66,0,10,70,1
47,1,10,115,1
66,0,10,65,1
47,1,10,114,1
42,2,9,31,1
66,2,10,9,1
66,3,10,141,1
17,1,9,99,1
17,1,9,99,1
42,1,9,118,1
47,4,10,51,1
2,4,10,51,1
66,2,10,28,1
47,0,10,79,1
66,0,10,77,1
46,1,10,121,1
90,0,5,78,1
101,0,9,77,0
73,2,6,13,0
2,3,10,153,1
47,3,10,87,1
39,1,3,101,0
42,3,9,90,1
42,2,9,29,1
9,3,10,145,1
37,3,11,92,0
47,3,10,148,1
5,3,10,144,1
42,0,9,71,1
26,0,10,76,1
47,1,10,128,1
107,1,9,118,0
54,2,1,2,1
9,1,10,111,1
47,3,10,144,1
47,4,10,55,1
37,4,11,59,0
5,3,10,92,1
101,3,9,179,0
42,0,9,76,1
66,3,10,154,1
75,0,9,66,1
66,1,10,124,1
58,3,7,152,1
42,0,9,66,1
67,2,10,31,1
67,3,10,161,1
66,1,10,95,1
66,3,10,87,1
46,3,10,132,1
47,1,10,120,1
47,3,10,134,1
91,3,5,151,1
9,3,10,160,1
75,1,9,118,0
62,1,10,128,1
9,3,10,163,1
67,1,10,118,1
66,3,10,144,1
47,3,10,151,1
80,1,7,105,1
35,1,4,100,0
9,3,10,149,1
9,1,10,130,1
8,2,10,2,1
47,2,10,37,1
62,1,10,117,1
66,1,10,104,1
31,2,3,7,0
22,0,7,68,1
42,0,9,61,1
42,0,9,60,1
66,3,10,158,1
17,2,9,31,0
62,3,10,91,1
67,1,10,101,1
47,3,10,139,1
58,1,7,99,1
23,1,7,126,1
66,1,10,128,1
8,2,10,2,1
66,2,10,23,1
47,4,10,51,1
47,3,10,144,1
42,1,9,95,1
54,1,1,107,1
42,0,9,66,1
9,3,10,91,1
42,2,9,21,1
42,1,9,110,1
75,1,9,127,0
47,3,10,181,1
61,2,1,32,1
42,1,9,99,1
47,3,10,151,1
15,2,0,2,1
47,3,10,146,1
67,3,10,87,1
18,3,6,150,1
69,2,10,24,1
42,0,9,66,1
66,1,10,113,1
67,2,10,26,1
46,1,10,100,1
107,1,9,103,0
9,3,10,144,1
62,1,10,105,1
47,3,10,135,1
40,1,7,96,0
42,2,9,37,1
42,0,9,65,1
28,0,9,76,1
9,0,10,70,1
66,3,10,165,1
47,3,10,90,1
9,3,10,133,1
66,2,10,28,1
42,0,9,80,1
67,2,10,23,1
66,2,10,34,1
9,0,10,79,1
66,1,10,121,1
47,3,10,89,1
67,2,10,28,1
47,3,10,154,1
47,3,10,87,1
66,2,10,37,1
58,1,7,104,1
63,2,8,20,0
9,1,10,127,1
66,1,10,128,1
66,0,10,63,1
42,1,9,109,1
8,2,10,2,1
42,3,9,147,1
9,3,10,167,1
42,3,9,148,1
42,1,9,124,1
47,1,10,106,1
63,2,8,20,0
66,3,10,163,1
9,3,10,144,1
47,3,10,147,1
61,2,1,8,1
47,3,10,165,1
66,0,10,63,1
58,2,7,21,1
42,0,9,67,1
9,3,10,149,1
54,1,1,125,1
47,1,10,130,1
66,3,10,90,1
68,0,10,69,1
66,4,10,53,1
14,2,7,10,1
9,1,10,106,1
42,2,9,72,1
38,2,9,10,0
42,1,9,100,1
58,3,7,152,1
47,3,10,145,1
66,0,10,66,1
63,2,8,20,0
68,0,10,70,1
47,3,10,133,1
9,1,10,94,1
47,2,10,35,1
9,3,10,156,1
40,1,7,123,1
66,3,10,92,1
67,2,10,29,1
66,0,10,77,1
37,1,11,97,0
42,1,9,104,1
47,3,10,165,1
9,1,10,104,1
47,1,10,109,1
66,0,10,79,1
9,1,10,118,1
47,3,10,165,1
42,1,9,118,1
66,1,10,106,1
62,3,10,148,1
47,0,10,81,1
47,1,10,119,1
91,2,5,23,1
17,0,9,67,0
45,2,7,27,1
66,3,10,151,1
66,3,10,144,1
23,1,7,128,1
47,1,10,130,1
42,2,9,15,1
47,3,10,156,1
26,3,10,142,1
39,1,3,112,1
99,0,5,83,1
28,0,9,69,0
47,3,10,133,1
101,2,9,37,0
47,0,10,72,1
38,3,9,173,0
42,0,9,71,1
47,2,10,31,1
66,1,10,123,1
9,1,10,104,1
66,3,10,136,1
63,2,8,20,0
47,1,10,117,1
46,3,10,151,1
45,3,7,86,1
81,1,4,118,1
107,3,9,178,1
37,3,11,148,0
40,1,7,106,0
94,3,5,134,0
23,0,7,77,1
61,1,1,117,1
57,3,6,176,0
47,3,10,167,1
66,1,10,104,1
42,2,9,31,1
75,1,9,113,0
66,1,10,111,1
81,3,4,154,1
9,3,10,152,1
9,3,10,165,1
66,1,10,118,1
42,0,9,67,1
42,3,9,87,1
66,1,10,99,1
81,1,4,98,1
47,3,10,148,1
109,1,1,114,1
66,2,10,11,1
66,3,10,165,1
42,1,9,110,1
42,4,9,51,1
42,0,9,76,1
101,2,9,43,0
47,3,10,147,1
101,4,9,51,0
47,3,10,148,1
62,1,10,101,1
9,0,10,70,1
66,0,10,77,1
47,0,10,71,1
63,2,8,20,0
9,0,10,76,1
9,1,10,115,1
38,0,9,78,1
42,2,9,22,1
66,3,10,165,1
67,2,10,13,1
47,0,10,72,1
47,2,10,0,1
58,1,7,104,1
66,3,10,153,1
42,0,9,81,1
47,2,10,25,1
42,0,9,76,1
47,3,10,143,1
2,1,10,112,1
47,1,10,106,1
60,2,6,21,0
66,1,10,96,1
42,2,9,34,1
94,3,5,156,0
74,2,9,30,1
42,0,9,66,1
35,2,4,35,0
46,3,10,132,1
66,1,10,99,1
81,1,4,117,1
68,1,10,118,1
9,1,10,127,1
9,3,10,148,1
47,1,10,94,1
47,1,10,122,1
67,2,10,30,1
66,3,10,91,1
81,0,4,70,1
9,1,10,115,1
47,0,10,67,1
62,3,10,154,1
9,1,10,121,1
9,1,10,117,1
42,1,9,118,1
101,1,9,106,0
47,3,10,163,1
83,1,9,113,0
47,3,10,144,1
9,2,10,20,1
17,2,9,27,0
47,1,10,101,1
46,1,10,96,1
66,1,10,99,1
9,3,10,148,1
40,1,7,110,1
80,0,7,75,1
66,2,10,3,1
66,0,10,60,1
42,0,9,81,1
9,3,10,163,1
47,3,10,148,1
62,0,10,69,1
67,0,10,65,1
101,2,9,43,0
9,1,10,127,1
56,2,11,22,1
32,0,3,80,0
101,3,9,166,1
42,2,9,29,1
9,3,10,179,1
91,1,5,112,1
42,2,9,18,1
47,1,10,108,1
2,3,10,164,1
9,0,10,61,1
9,4,10,57,1
47,3,10,161,1
47,1,10,130,1
9,3,10,92,1
66,0,10,82,1
101,1,9,128,0
105,2,7,11,1
42,1,9,117,1
26,3,10,87,1
47,1,10,102,1
15,1,0,117,0
47,1,10,98,1
42,1,9,127,1
26,3,10,173,1
40,1,7,96,0
9,1,10,102,1
63,2,8,20,0
68,2,10,31,1
101,1,9,102,0
101,1,9,121,1
69,1,10,128,1
67,1,10,128,1
9,1,10,121,1
107,0,9,60,1
47,3,10,147,1
47,0,10,72,1
66,0,10,65,1
66,0,10,75,1
63,2,8,20,0
47,1,10,109,1
66,3,10,163,1
66,1,10,126,1
66,0,10,66,1
45,3,7,144,1
47,2,10,31,1
61,1,1,100,1
66,0,10,82,1
42,0,9,81,1
99,1,5,103,1
17,1,9,108,1
66,4,10,53,1
45,3,7,181,1
67,2,10,33,1
42,2,9,29,1
47,1,10,115,1
101,0,9,71,0
15,1,0,118,1
22,1,7,103,1
74,2,9,24,0
79,0,3,80,1
67,0,10,76,1
42,2,9,72,1
67,2,10,31,1
42,1,9,121,1
101,2,9,1,1
109,4,1,59,1
47,0,10,64,1
81,2,4,30,1
91,2,5,32,1
45,3,7,151,1
66,3,10,173,1
66,0,10,77,1
17,3,9,175,0
74,0,9,62,1
58,3,7,164,0
90,3,5,141,1
66,1,10,108,1
66,2,10,8,1
47,2,10,2,1
109,1,1,103,1
75,0,9,62,0
66,0,10,71,1
18,1,6,121,1
62,3,10,89,1
2,4,10,56,1
47,3,10,138,1
0,1,9,108,1
62,0,10,79,1
47,1,10,120,1
109,0,1,69,1
66,3,10,92,1
22,0,7,70,1
23,0,7,70,1
47,0,10,80,1
91,1,5,101,1
66,0,10,65,1
45,3,7,174,1
63,3,8,158,0
42,0,9,76,1
66,2,10,13,1
42,2,9,1,1
66,0,10,67,1
75,1,9,98,1
66,1,10,95,1
4,3,6,88,1
9,1,10,120,1
42,1,9,112,1
46,3,10,144,1
62,1,10,103,1
47,3,10,154,1
66,4,10,56,1
44,3,2,133,1
46,3,10,154,1
47,3,10,148,1
66,0,10,71,1
47,1,10,125,1
47,3,10,147,1
28,2,9,30,1
105,1,7,119,1
47,0,10,78,1
42,2,9,14,1
8,2,10,2,1
101,2,9,7,0
68,1,10,115,1
47,1,10,120,1
42,1,9,120,1
66,0,10,75,1
42,0,9,61,1
47,3,10,165,1
22,2,7,37,1
9,1,10,102,1
66,1,10,128,1
42,2,9,30,1
17,1,9,120,1
42,1,9,98,1
109,1,1,100,0
66,3,10,90,1
42,0,9,68,1
47,1,10,119,1
23,1,7,106,1
47,2,10,20,1
40,1,7,96,1
101,0,9,78,1
47,1,10,130,1
4,1,6,114,1
42,0,9,76,1
2,1,10,115,1
17,0,9,63,0
58,3,7,155,1
47,3,10,152,1
40,1,7,96,0
47,1,10,110,1
23,3,7,150,1
42,2,9,21,1
9,1,10,107,1
9,3,10,144,1
62,1,10,107,1
66,0,10,81,1
47,0,10,68,1
47,1,10,131,1
67,2,10,9,1
42,2,9,72,1
9,2,10,2,1
9,0,10,76,1
66,3,10,152,1
42,0,9,70,1
28,0,9,62,0
9,3,10,132,1
9,3,10,154,1
58,1,7,122,1
42,3,9,154,1
9,3,10,144,1
47,1,10,115,1
69,4,10,48,1
47,3,10,85,1
63,2,8,20,0
42,1,9,107,1
42,2,9,21,1
22,1,7,102,1
42,2,9,31,1
42,2,9,23,1
13,2,5,14,1
47,4,10,58,1
47,0,10,76,1
9,3,10,162,1
42,0,9,70,1
42,0,9,65,1
42,0,9,75,1
66,2,10,24,1
47,2,10,23,1
2,1,10,108,1
47,0,10,81,1
42,0,9,75,1
74,2,9,24,0
42,2,9,2,1
81,3,4,136,1
66,2,10,35,1
17,1,9,113,0
66,2,10,8,1
42,0,9,62,1
67,2,10,30,1
42,0,9,76,1
90,1,5,116,0
31,0,3,66,0
66,2,10,28,1
47,1,10,104,1
15,1,0,116,1
42,1,9,110,1
62,2,10,2,1
74,0,9,61,1
9,1,10,125,1
67,1,10,118,1
61,2,1,21,0
46,1,10,115,1
9,3,10,161,1
47,3,10,154,1
42,1,9,125,1
47,1,10,130,1
105,2,7,11,1
47,1,10,100,1
42,2,9,28,1
66,3,10,87,1
86,1,5,119,1
92,1,5,131,1
47,3,10,92,1
109,1,1,128,1
75,0,9,67,1
47,0,10,67,1
66,2,10,26,1
42,0,9,67,1
66,3,10,147,1
42,0,9,66,1
61,1,1,124,1
66,3,10,173,1
42,0,9,79,1
47,1,10,112,1
1,1,7,109,0
42,0,9,63,1
66,2,10,2,1
101,3,9,179,0
45,3,7,156,1
66,1,10,100,1
107,4,9,51,1
47,2,10,31,1
61,0,1,70,1
66,0,10,82,1
66,3,10,174,1
9,3,10,148,1
85,3,1,164,1
42,0,9,71,1
66,3,10,160,1
66,2,10,28,1
42,1,9,116,1
67,3,10,175,1
61,2,1,9,1
42,0,9,65,1
66,3,10,177,1
47,1,10,96,1
107,1,9,125,1
42,0,9,66,1
42,0,9,71,1
66,0,10,64,1
68,1,10,123,1
9,3,10,145,1
42,3,9,147,1
47,3,10,151,1
40,1,7,94,1
42,2,9,19,1
107,2,9,23,0
47,3,10,91,1
24,3,10,89,1
63,2,8,20,0
62,3,10,133,1
42,0,9,71,1
47,1,10,94,1
66,1,10,121,1
66,1,10,95,1
65,0,10,73,1
46,1,10,94,1
66,2,10,28,1
42,4,9,51,1
62,1,10,128,1
65,2,10,19,1
67,0,10,68,1
54,2,1,24,1
9,1,10,112,1
85,3,1,141,1
47,3,10,163,1
67,2,10,2,1
66,0,10,72,1
66,2,10,27,1
9,1,10,100,1
71,3,7,88,1
81,0,4,68,1
58,1,7,128,1
42,1,9,113,1
47,0,10,62,1
42,3,9,90,1
66,0,10,77,1
109,3,1,133,0
2,3,10,132,1
2,0,10,78,1
28,1,9,104,0
58,3,7,170,0
62,0,10,62,1
17,2,9,26,0
107,2,9,29,0
67,2,10,29,1
66,3,10,144,1
67,2,10,37,1
8,2,10,2,1
52,0,1,70,1
47,1,10,126,1
47,0,10,64,1
8,2,10,2,1
47,4,10,53,1
101,0,9,70,0
85,3,1,170,1
47,2,10,0,1
66,1,10,129,1
47,1,10,125,1
67,0,10,71,1
66,1,10,105,1
9,3,10,147,1
8,2,10,2,1
3,2,1,29,1
2,1,10,105,1
38,2,9,11,0
66,3,10,159,1
66,1,10,128,1
66,0,10,77,1
66,0,10,66,1
82,1,6,121,0
9,1,10,111,1
47,1,10,130,1
42,0,9,81,1
42,2,9,21,1
66,3,10,147,1
66,1,10,108,1
67,1,10,109,1
66,2,10,2,1
66,0,10,61,1
42,0,9,67,1
42,0,9,78,1
47,1,10,112,1
9,0,10,75,1
38,0,9,76,0
23,1,7,106,1
47,3,10,91,1
101,0,9,67,0
28,2,9,32,0
15,4,0,49,1
47,0,10,67,1
47,0,10,76,1
62,2,10,3,1
66,1,10,121,1
66,2,10,26,1
74,0,9,67,0
75,1,9,104,0
47,1,10,96,1
67,0,10,69,1
80,1,7,95,1
47,3,10,148,1
54,2,1,12,1
60,3,6,154,0
47,1,10,125,1
42,1,9,100,1
81,1,4,129,1
42,2,9,32,1
66,1,10,110,1
47,3,10,181,1
42,2,9,1,1
58,3,7,145,1
47,1,10,109,1
47,3,10,140,1
33,1,10,106,1
42,1,9,105,1
42,0,9,78,1
47,1,10,127,1
47,1,10,100,1
46,1,10,96,1
88,1,4,118,0
47,1,10,114,1
66,2,10,26,1
62,2,10,1,1
54,2,1,22,1
63,2,8,13,0
47,3,10,88,1
109,3,1,92,0
47,1,10,121,1
101,3,9,173,0
85,4,1,48,1
66,1,10,118,1
47,0,10,78,1
90,3,5,140,1
61,3,1,150,0
42,0,9,65,1
69,0,10,75,1
24,3,10,165,1
67,3,10,164,1
47,1,10,130,1
42,0,9,76,1
42,1,9,127,1
42,1,9,110,1
75,0,9,84,0
9,1,10,118,1
42,2,9,21,1
62,1,10,113,1
67,2,10,7,1
66,2,10,31,1
66,1,10,100,1
47,1,10,119,1
75,1,9,113,1
66,1,10,125,1
47,3,10,151,1
47,1,10,127,1
5,3,10,136,1
61,3,1,159,0
47,1,10,129,1
9,2,10,13,1
62,1,10,107,1
17,1,9,108,1
9,3,10,143,1
75,2,9,31,0
109,1,1,116,1
66,0,10,70,1
105,2,7,35,1
63,1,8,122,0
12,1,3,128,0
66,3,10,177,1
23,4,7,58,1
47,1,10,114,1
9,1,10,102,1
99,1,5,121,1
66,0,10,61,1
66,0,10,77,1
47,1,10,125,1
9,3,10,147,1
109,3,1,150,1
67,3,10,159,1
69,3,10,149,1
2,1,10,130,1
66,0,10,70,1
34,0,9,71,1
9,3,10,148,1
67,2,10,40,1
68,1,10,118,1
28,3,9,166,1
42,2,9,7,1
2,2,10,12,1
47,2,10,24,1
42,0,9,67,1
42,0,9,76,1
66,0,10,61,1
38,3,9,153,0
42,0,9,65,1
62,1,10,100,1
74,0,9,62,1
42,1,9,96,1
9,1,10,111,1
2,1,10,112,1
22,1,7,126,1
47,1,10,115,1
38,2,9,26,0
47,1,10,94,1
47,1,10,126,1
58,4,7,59,1
5,3,10,132,1
99,0,5,62,1
45,1,7,106,1
68,2,10,29,1
42,1,9,117,1
99,3,5,87,1
66,3,10,162,1
9,3,10,151,1
60,2,6,7,0
75,0,9,63,1
9,1,10,99,1
47,2,10,0,1
9,3,10,170,1
109,3,1,151,1
42,0,9,79,1
42,0,9,83,1
8,2,10,2,1
40,1,7,96,1
109,1,1,110,1
81,2,4,25,1
66,1,10,129,1
66,3,10,176,1
9,3,10,162,1
45,1,7,104,1
88,3,4,178,0
66,0,10,77,1
16,1,5,115,0
9,3,10,164,1
66,2,10,23,1
67,1,10,123,1
66,4,10,51,1
42,0,9,67,1
88,0,4,60,0
47,3,10,144,1
40,1,7,123,0
66,0,10,66,1
2,2,10,21,1
68,0,10,62,1
81,2,4,33,1
47,3,10,139,1
47,1,10,99,1
54,2,1,22,1
17,2,9,28,0
42,3,9,141,1
42,2,9,30,1
47,4,10,59,1
17,2,9,36,0
85,3,1,174,1
67,2,10,27,1
59,2,4,22,0
66,1,10,109,1
42,0,9,63,1
62,1,10,103,1
35,3,4,133,0
42,2,9,31,1
66,3,10,161,1
47,1,10,112,1
39,3,3,133,0
91,0,5,84,1
63,2,8,20,0
66,0,10,65,1
8,2,10,2,1
66,1,10,104,1
67,0,10,82,1
9,3,10,133,1
66,0,10,69,1
47,3,10,152,1
42,0,9,78,1
9,3,10,144,1
42,0,9,65,1
47,2,10,28,1
47,2,10,24,1
47,3,10,144,1
87,2,4,21,0
63,2,8,46,0
63,3,8,158,0
42,0,9,72,1
42,3,9,167,1
42,2,9,22,1
42,0,9,61,1
67,0,10,71,1
47,1,10,96,1
9,0,10,70,1
42,2,9,1,1
66,1,10,101,1
47,3,10,149,1
23,1,7,118,1
62,1,10,101,1
9,3,10,161,1
66,2,10,30,1
47,1,10,122,1
42,0,9,62,1
23,1,7,94,1
66,3,10,145,1
47,3,10,177,1
107,0,9,65,0
47,3,10,170,1
66,3,10,174,1
67,1,10,128,1
47,2,10,28,1
47,3,10,154,1
42,3,9,173,1
42,3,9,143,1
47,0,10,75,1
42,2,9,43,1
62,2,10,1,1
67,2,10,31,1
66,3,10,148,1
47,0,10,60,1
9,3,10,144,1
31,2,3,24,0
47,1,10,99,1
47,3,10,153,1
57,1,6,103,0
26,3,10,142,1
62,1,10,95,1
86,1,5,109,0
35,2,4,4,0
66,1,10,100,1
66,2,10,1,1
67,2,10,19,1
47,1,10,106,1
101,2,9,29,1
66,0,10,69,1
66,0,10,62,1
42,2,9,29,1
42,0,9,61,1
101,2,9,19,0
68,3,10,178,1
75,2,9,22,0
47,1,10,126,1
42,1,9,117,1
58,4,7,56,1
47,3,10,153,1
58,2,7,21,1
47,1,10,115,1
33,0,10,83,1
22,3,7,146,1
66,1,10,96,1
47,3,10,163,1
9,3,10,144,1
47,1,10,121,1
1,1,7,118,1
47,1,10,94,1
35,3,4,133,0
66,3,10,176,1
47,1,10,120,1
63,3,8,158,0
101,1,9,113,0
47,1,10,109,1
28,1,9,99,1
101,2,9,43,0
68,3,10,147,1
38,1,9,94,0
58,1,7,124,0
66,2,10,26,1
47,1,10,120,1
40,1,7,94,0
42,1,9,105,1
28,1,9,120,0
42,2,9,27,1
67,1,10,100,1
66,1,10,99,1
68,3,10,176,1
47,2,10,40,1
101,3,9,92,0
33,2,2,25,1
42,1,9,129,1
66,0,10,71,1
47,4,10,53,1
67,0,10,75,1
47,3,10,154,1
68,2,10,29,1
39,1,3,113,0
47,3,10,151,1
66,3,10,148,1
46,4,10,57,1
66,1,10,100,1
66,2,10,24,1
66,1,10,112,1
22,0,7,61,1
47,1,10,96,1
67,2,10,28,1
61,3,1,161,0
66,2,10,27,1
48,4,7,58,1
47,1,10,98,1
47,4,10,59,1
47,3,10,147,1
66,0,10,75,1
47,3,10,153,1
76,3,10,89,1
42,0,9,75,1
42,1,9,95,1
47,1,10,121,1
66,3,10,174,1
42,1,9,110,1
47,1,10,100,1
47,2,10,16,1
68,1,10,98,1
101,0,9,71,0
66,3,10,174,1
47,1,10,111,1
47,3,10,140,1
47,1,10,115,1
66,1,10,97,1
61,3,1,152,0
66,3,10,174,1
62,2,10,1,1
66,1,10,95,1
47,0,10,76,1
61,3,1,144,1
39,2,3,34,1
9,3,10,144,1
42,2,9,29,1
42,2,9,30,1
67,3,10,158,1
66,2,10,18,1
101,0,9,78,1
15,1,0,112,1
38,0,9,63,1
47,1,10,128,1
23,1,7,113,1
67,1,10,109,1
96,3,11,147,0
40,1,7,96,0
102,3,4,139,1
67,1,10,113,1
47,2,10,7,1
61,0,1,70,1
42,0,9,76,1
47,1,10,119,1
33,2,10,2,1
66,0,10,65,1
101,0,9,60,0
2,3,10,164,1
47,2,10,14,1
47,3,10,132,1
8,2,10,2,1
66,0,10,70,1
42,0,9,64,1
105,2,7,3,1
47,1,10,100,1
63,2,8,13,0
12,1,3,100,0
90,1,5,129,0
67,0,10,75,1
66,3,10,174,1
22,3,7,144,1
39,1,3,98,1
67,2,10,1,1
42,0,9,76,1
66,1,10,131,1
63,2,8,13,0
9,4,10,49,1
42,2,9,14,1
6,2,1,30,1
62,1,10,128,1
42,2,9,27,1
47,3,10,139,1
75,0,9,61,0
22,0,7,71,1
28,0,9,63,0
62,1,10,103,1
67,2,10,31,1
62,1,10,99,1
42,2,9,21,1
66,2,10,31,1
8,2,10,2,1
40,1,7,96,0
66,1,10,118,1
66,2,10,20,1
28,0,9,64,1
42,0,9,76,1
47,1,10,102,1
47,3,10,152,1
20,0,7,76,1
101,4,9,51,1
42,0,9,64,1
39,1,3,96,1
17,1,9,129,0
47,1,10,115,1
17,0,9,62,0
42,0,9,65,1
46,4,10,50,1
67,1,10,109,1
65,0,10,73,1
66,3,10,153,1
66,0,10,65,1
9,3,10,146,1
56,2,11,0,0
66,0,10,66,1
9,1,10,126,1
47,3,10,132,1
42,3,9,90,1
47,1,10,106,1
18,1,6,121,1
47,3,10,137,1
20,3,7,175,1
47,1,10,111,1
66,3,10,179,1
47,3,10,149,1
26,3,10,141,1
66,0,10,72,1
47,3,10,140,1
9,1,10,96,1
9,0,10,67,1
62,2,10,24,1
9,1,10,130,1
47,2,10,30,1
47,3,10,87,1
42,0,9,76,1
47,4,10,58,1
47,4,10,58,1
42,1,9,109,1
9,4,10,48,1
42,2,9,28,1
66,2,10,28,1
70,1,4,111,0
63,2,8,20,0
42,2,9,29,1
9,4,10,51,1
62,2,10,2,1
66,1,10,121,1
47,1,10,106,1
47,0,10,61,1
42,1,9,104,1
47,1,10,103,1
47,2,10,40,1
35,1,4,103,0
99,1,5,109,1
17,3,9,144,0
40,1,7,123,0
54,1,1,107,1
47,3,10,154,1
66,2,10,23,1
42,2,9,29,1
47,3,10,151,1
66,1,10,98,1
47,3,10,148,1
47,1,10,106,1
42,0,9,71,1
62,0,10,81,1
47,4,10,58,1
66,1,10,128,1
47,1,10,94,1
34,2,9,6,0
66,3,10,165,1
73,1,6,128,0
60,2,6,24,0
42,1,9,129,1
8,2,10,2,1
47,4,10,56,1
66,3,10,174,1
42,4,9,49,1
67,1,10,121,1
47,3,10,145,1
4,2,6,22,1
43,3,1,154,1
42,1,9,114,1
71,1,7,112,1
66,0,10,60,1
66,3,10,147,1
58,1,7,96,1
27,1,7,107,1
47,3,10,176,1
42,2,9,28,1
81,1,4,108,1
26,3,10,142,1
66,1,10,112,1
9,1,10,113,1
34,4,9,51,1
61,2,1,2,1
23,3,7,177,1
42,0,9,76,1
42,2,9,27,1
89,2,3,9,0
67,2,10,29,1
40,1,7,110,1
47,4,10,51,1
34,2,9,26,0
62,0,10,61,1
101,1,9,99,0
67,2,10,37,1
23,0,7,66,1
62,2,10,1,1
2,1,10,125,1
47,0,10,76,1
107,1,9,104,0
47,1,10,100,1
42,0,9,77,1
67,2,10,26,1
42,0,9,71,1
66,4,10,59,1
42,0,9,65,1
47,1,10,112,1
40,1,7,96,0
90,3,5,162,1
9,1,10,126,1
17,1,9,94,0
9,1,10,121,1
9,3,10,140,1
42,0,9,62,1
35,3,4,92,0
42,3,9,92,1
42,0,9,69,1
47,1,10,115,1
9,3,10,145,1
42,0,9,72,1
67,4,10,54,1
42,0,9,72,1
63,2,8,20,0
66,2,10,28,1
81,1,4,97,1
40,1,7,123,0
9,1,10,120,1
67,1,10,129,1
47,0,10,72,1
83,3,9,154,1
42,2,9,28,1
42,2,9,30,1
62,3,10,154,1
66,3,10,144,1
9,1,10,121,1
42,0,9,80,1
47,1,10,121,1
47,3,10,165,1
67,2,10,31,1
67,2,10,10,1
42,4,9,51,1
58,3,7,178,0
42,3,9,143,1
86,1,5,120,0
42,2,9,9,1
63,2,8,13,0
81,0,4,80,1
47,1,10,112,1
109,3,1,132,1
66,3,10,177,1
20,3,7,150,1
66,3,10,154,1
107,2,9,37,0
62,1,10,95,1
9,3,10,149,1
58,1,7,114,1
9,3,10,132,1
47,3,10,157,1
101,2,9,30,1
47,3,10,165,1
23,1,7,98,1
46,1,10,115,1
47,3,10,91,1
85,1,1,115,1
62,0,10,61,1
8,2,10,2,1
67,0,10,72,1
22,0,7,75,1
37,1,11,109,0
47,3,10,159,1
66,2,10,36,1
66,3,10,177,1
63,2,8,22,0
42,1,9,121,1
9,1,10,131,1
47,1,10,124,1
74,3,9,179,1
61,0,1,72,1
9,2,10,9,1
35,2,4,16,0
101,1,9,128,1
17,0,9,67,0
67,3,10,133,1
47,1,10,115,1
42,4,9,51,1
61,2,1,25,0
47,1,10,130,1
62,2,10,1,1
47,2,10,25,1
4,1,6,123,1
62,3,10,148,1
42,0,9,77,1
9,1,10,127,1
12,3,3,161,1
71,3,7,145,1
62,1,10,103,1
58,1,7,124,1
47,3,10,153,1
67,0,10,69,1
86,1,5,126,0
42,2,9,30,1
66,3,10,177,1
9,0,10,76,1
42,0,9,64,1
9,3,10,160,1
42,0,9,65,1
47,2,10,21,1
74,2,9,22,1
66,2,10,29,1
63,2,8,20,0
42,3,9,133,1
47,1,10,128,1
47,3,10,135,1
105,2,7,6,1
47,1,10,99,1
42,2,9,32,1
9,3,10,147,1
59,2,4,22,0
69,2,10,16,1
9,3,10,154,1
68,3,10,176,1
39,2,3,22,1
8,2,10,2,1
40,2,7,40,0
61,1,1,110,1
75,2,9,26,0
42,0,9,67,1
42,3,9,148,1
47,3,10,154,1
9,1,10,124,1
47,1,10,112,1
42,3,9,148,1
71,3,7,134,1
20,4,7,50,1
66,3,10,157,1
9,1,10,100,1
9,0,10,64,1
9,3,10,87,1
65,3,10,150,1
47,1,10,130,1
66,0,10,77,1
66,2,10,36,1
66,1,10,104,1
9,1,10,120,1
75,2,9,22,1
9,1,10,126,1
80,2,7,43,1
2,0,10,79,1
47,3,10,163,1
66,0,10,82,1
8,1,10,118,1
47,3,10,174,1
67,2,10,16,1
39,1,3,121,1
66,2,10,36,1
47,1,10,113,1
17,2,9,32,0
23,0,7,60,1
47,3,10,147,1
61,3,1,149,0
68,1,10,128,1
47,3,10,154,1
93,2,5,39,0
101,3,9,89,1
68,2,10,24,1
66,0,10,66,1
42,2,9,36,1
40,1,7,96,1
45,1,7,107,1
42,0,9,76,1
47,3,10,170,1
61,3,1,154,0
66,3,10,92,1
107,1,9,113,0
47,2,10,21,1
42,2,9,30,1
22,0,7,71,1
66,2,10,29,1
101,4,9,51,1
47,0,10,75,1
66,0,10,72,1
66,2,10,2,1
16,0,5,80,0
47,1,10,96,1
9,1,10,96,1
66,1,10,118,1
42,1,9,118,1
103,3,4,150,1
66,1,10,96,1
42,4,9,51,1
47,3,10,132,1
47,0,10,72,1
67,0,10,72,1
66,1,10,100,1
42,1,9,104,1
40,1,7,110,1
66,3,10,149,1
75,0,9,66,0
66,3,10,91,1
17,0,9,66,0
66,0,10,76,1
61,3,1,154,1
9,1,10,126,1
47,3,10,140,1
9,1,10,115,1
66,1,10,94,1
47,3,10,154,1
47,2,10,2,1
65,0,10,73,1
66,0,10,63,1
57,1,6,114,1
62,1,10,120,1
66,3,10,151,1
68,1,10,120,1
66,0,10,62,1
63,2,8,20,0
8,2,10,2,1
66,2,10,32,1
9,1,10,111,1
62,3,10,148,1
42,0,9,79,1
47,2,10,2,1
47,1,10,113,1
69,3,10,149,1
67,2,10,35,1
47,3,10,147,1
35,1,4,94,0
42,2,9,29,1
47,2,10,40,1
42,0,9,62,1
47,2,10,22,1
40,1,7,96,0
46,3,10,146,1
66,0,10,75,1
47,1,10,94,1
23,2,7,22,1
47,2,10,34,1
75,3,9,173,0
47,3,10,85,1
33,2,10,1,1
62,1,10,113,1
66,0,10,65,1
63,2,8,20,0
86,1,5,101,1
42,0,9,68,1
47,0,10,81,1
42,1,9,99,1
42,2,9,32,1
47,0,10,75,1
66,3,10,163,1
47,0,10,67,1
54,1,1,97,1
67,2,10,13,1
47,2,10,1,1
2,1,10,130,1
46,0,10,77,1
66,1,10,99,1
63,2,8,13,0
62,1,10,114,1
9,0,10,77,1
20,3,7,145,1
9,0,10,77,1
47,1,10,130,1
42,1,9,118,1
37,1,11,131,0
42,1,9,99,1
67,2,10,10,1
66,4,10,56,1
66,1,10,128,1
59,2,4,22,0
63,2,8,20,0
13,0,5,61,1
33,2,10,34,1
63,2,8,20,0
42,0,9,82,1
47,3,10,132,1
9,1,10,112,1
15,0,0,64,1
9,0,10,78,1
39,1,3,120,0
109,0,1,81,0
67,2,10,10,1
47,2,10,43,1
67,0,10,68,1
47,2,10,37,1
66,1,10,94,1
101,3,9,179,1
47,2,10,16,1
3,4,1,55,1
22,0,7,78,1
22,0,7,76,1
12,3,3,138,0
63,3,8,158,0
107,1,9,124,0
42,0,9,71,1
67,2,10,31,1
47,0,10,74,1
55,1,7,129,1
66,2,10,30,1
47,1,10,129,1
55,2,7,31,1
0,1,9,99,0
9,3,10,165,1
62,2,10,1,1
42,0,9,77,1
47,0,10,81,1
47,1,10,126,1
66,0,10,71,1
42,0,9,77,1
9,1,10,95,1
47,3,10,147,1
0,0,9,77,1
9,1,10,105,1
67,1,10,120,1
67,1,10,109,1
42,0,9,82,1
22,4,7,56,1
66,3,10,163,1
47,3,10,152,1
90,1,5,117,1
47,3,10,147,1
42,3,9,147,1
62,1,10,103,1
83,0,9,77,0
42,3,9,143,1
66,1,10,125,1
42,1,9,110,1
42,1,9,118,1
42,0,9,60,1
28,0,9,78,1
47,4,10,57,1
63,2,8,20,0
47,1,10,126,1
83,3,9,144,1
9,1,10,121,1
66,2,10,36,1
101,0,9,67,0
47,3,10,154,1
58,4,7,59,1
47,0,10,75,1
8,2,10,2,1
109,1,1,114,1
33,2,2,13,1
15,2,0,13,0
8,2,10,2,1
47,2,10,33,1
45,1,7,114,1
66,4,10,53,1
42,3,9,176,1
66,2,10,24,1
96,2,11,13,0
75,0,9,65,1
15,2,0,31,0
58,2,7,25,1
9,0,10,82,1
42,0,9,65,1
47,3,10,176,1
47,0,10,61,1
67,2,10,21,1
71,3,7,134,1
42,1,9,109,1
47,0,10,82,1
47,2,10,21,1
67,4,10,54,1
47,1,10,94,1
81,4,4,54,1
47,1,10,106,1
22,1,7,106,1
62,1,10,128,1
47,3,10,170,1
59,1,4,128,0
8,2,10,2,1
47,3,10,140,1
66,1,10,118,1
66,0,10,66,1
66,1,10,99,1
47,3,10,161,1
47,0,10,67,1
66,3,10,174,1
90,1,5,118,1
66,1,10,99,1
42,2,9,29,1
47,1,10,127,1
47,1,10,102,1
47,0,10,71,1
66,1,10,99,1
9,3,10,160,1
63,2,8,20,0
2,3,10,134,1
9,1,10,127,1
47,3,10,148,1
24,0,10,78,1
63,2,8,13,0
66,2,10,2,1
62,3,10,154,1
58,1,7,118,1
75,0,9,77,0
9,1,10,111,1
42,2,9,22,1
40,1,7,96,0
39,1,3,121,0
47,3,10,154,1
66,3,10,146,1
62,2,10,23,1
47,3,10,167,1
62,1,10,122,1
66,0,10,80,1
9,1,10,98,1
66,3,10,173,1
75,2,9,34,0
47,0,10,62,1
71,3,7,154,1
66,1,10,102,1
66,2,10,26,1
66,2,10,32,1
90,2,5,20,1
69,1,10,115,1
42,1,9,118,1
42,1,9,96,1
63,2,8,20,0
66,4,10,49,1
42,1,9,100,1
87,3,4,140,0
22,3,7,177,1
65,0,10,73,1
61,2,1,32,1
47,1,10,131,1
62,2,10,37,1
66,2,10,1,1
42,0,9,67,1
109,3,1,146,1
42,0,9,76,1
67,2,10,30,1
63,2,8,20,0
109,0,1,68,1
47,4,10,56,1
42,2,9,28,1
69,1,10,124,1
47,3,10,163,1
42,3,9,153,1
2,1,10,130,1
66,1,10,108,1
47,1,10,126,1
47,1,10,112,1
45,1,7,119,1
42,0,9,71,1
66,3,10,92,1
9,3,10,160,1
8,2,10,2,1
66,2,10,37,1
47,1,10,96,1
67,1,10,125,1
63,2,8,30,0
66,2,10,20,1
67,0,10,72,1
66,1,10,119,1
42,2,9,27,1
2,0,10,70,1
90,1,5,114,1
91,0,5,66,1
71,2,7,33,1
46,2,10,18,1
66,2,10,21,1
66,1,10,124,1
62,2,10,39,1
66,2,10,28,1
42,1,9,100,1
47,1,10,95,1
9,3,10,175,1
42,1,9,100,1
9,1,10,130,1
66,3,10,176,1
47,3,10,147,1
47,1,10,119,1
46,4,10,51,1
63,2,8,20,0
67,0,10,66,1
47,1,10,112,1
42,1,9,124,1
29,0,9,72,1
66,3,10,177,1
42,1,9,100,1
62,2,10,20,1
74,0,9,62,1
47,0,10,74,1
74,1,9,118,1
66,1,10,124,1
9,3,10,148,1
47,4,10,49,1
47,2,10,22,1
47,3,10,152,1
9,0,10,76,1
104,3,10,144,1
62,1,10,100,1
66,3,10,176,1
66,2,10,20,1
40,1,7,96,0
47,2,10,2,1
22,3,7,181,1
66,0,10,74,1
66,1,10,100,1
63,2,8,20,0
17,0,9,61,1
107,2,9,29,0
66,3,10,177,1
47,1,10,101,1
42,0,9,62,1
33,3,10,144,1
9,3,10,136,1
42,2,9,21,1
63,2,8,20,0
63,2,8,20,0
9,3,10,136,1
9,1,10,115,1
75,2,9,22,0
9,3,10,141,1
74,3,9,179,1
42,0,9,77,1
91,3,5,135,0
47,2,10,20,1
79,1,3,129,1
9,0,10,82,1
81,2,4,25,1
85,1,1,113,1
101,0,9,67,0
47,1,10,114,1
47,3,10,175,1
42,2,9,28,1
66,3,10,149,1
47,1,10,94,1
9,1,10,109,1
42,1,9,118,1
47,1,10,96,1
71,3,7,138,1
47,1,10,115,1
42,2,9,23,1
66,0,10,70,1
66,0,10,72,1
9,1,10,104,1
66,3,10,175,1
74,2,9,36,0
101,4,9,51,1
47,0,10,71,1
8,2,10,2,1
42,2,9,35,1
67,2,10,22,1
2,1,10,130,1
66,2,10,24,1
35,2,4,10,0
42,3,9,141,1
9,3,10,148,1
66,0,10,65,1
79,1,3,114,1
42,0,9,67,1
9,2,10,7,1
9,3,10,144,1
47,1,10,101,1
37,2,11,8,0
42,2,9,37,1
105,3,7,154,1
42,0,9,60,1
101,1,9,99,0
42,1,9,110,1
42,2,9,20,1
42,2,9,30,1
10,2,3,30,1
47,1,10,126,1
38,0,9,60,1
42,1,9,121,1
96,2,11,1,0
42,3,9,167,1
47,2,10,0,1
35,3,4,173,0
47,0,10,81,1
2,1,10,130,1
54,0,1,78,1
66,2,10,27,1
66,2,10,29,1
47,1,10,121,1
47,1,10,106,1
47,1,10,114,1
62,3,10,154,1
42,0,9,65,1
42,4,9,51,1
7,1,3,109,0
83,0,9,77,0
63,2,8,33,0
47,0,10,79,1
23,0,7,61,1
47,1,10,115,1
47,1,10,116,1
9,3,10,162,1
42,0,9,79,1
47,1,10,96,1
66,1,10,99,1
46,3,10,150,1
42,1,9,129,1
75,1,9,113,0
20,4,7,50,1
67,2,10,2,1
66,2,10,32,1
105,3,7,147,1
47,4,10,52,1
66,1,10,118,1
92,1,5,100,1
99,4,5,59,1
40,1,7,96,0
103,3,4,132,1
33,2,10,9,1
101,0,9,72,1
47,1,10,109,1
39,3,3,164,1
56,3,11,172,1
9,2,10,32,1
9,4,10,58,1
28,2,9,29,0
47,2,10,28,1
66,1,10,124,1
66,1,10,101,1
9,3,10,161,1
9,3,10,136,1
23,0,7,71,1
47,1,10,125,1
66,1,10,100,1
9,1,10,126,1
42,3,9,147,1
90,3,5,151,1
42,1,9,106,1
66,0,10,67,1
66,0,10,69,1
47,3,10,154,1
47,1,10,128,1
2,1,10,130,1
47,3,10,165,1
9,3,10,156,1
6,3,4,157,0
8,2,10,2,1
47,1,10,116,1
47,0,10,76,1
9,3,10,174,1
61,3,1,153,0
68,3,10,133,1
42,1,9,108,1
75,0,9,62,1
58,1,7,107,1
66,1,10,94,1
67,2,10,27,1
86,2,5,12,0
39,1,3,102,0
9,3,10,164,1
9,1,10,121,1
42,0,9,75,1
66,1,10,121,1
9,3,10,147,1
9,1,10,130,1
42,1,9,112,1
33,2,10,12,1
9,2,10,32,1
45,1,7,107,1
42,0,9,76,1
47,4,10,52,1
99,2,5,43,1
66,0,10,68,1
42,2,9,28,1
66,3,10,151,1
63,2,8,20,0
2,1,10,130,1
101,0,9,77,1
26,3,10,142,1
47,3,10,154,1
66,3,10,148,1
47,3,10,180,1
68,2,10,31,1
62,4,10,51,1
75,2,9,9,1
90,1,5,94,1
62,1,10,115,1
109,3,1,162,0
58,0,7,81,1
42,2,9,28,1
42,1,9,104,1
42,1,9,110,1
9,0,10,76,1
61,3,1,147,1
68,2,10,33,1
9,1,10,100,1
45,2,7,27,0
66,2,10,31,1
47,0,10,63,1
62,1,10,103,1
47,2,10,22,1
99,1,5,96,1
66,2,10,28,1
17,0,9,67,0
47,1,10,101,1
31,2,3,29,0
23,4,7,58,1
28,1,9,118,0
47,2,10,9,1
66,2,10,34,1
68,2,10,30,1
109,3,1,141,1
62,3,10,92,1
47,1,10,121,1
67,4,10,58,1
47,1,10,94,1
47,1,10,115,1
9,3,10,132,1
66,1,10,117,1
66,3,10,149,1
2,4,10,58,1
62,1,10,118,1
47,3,10,151,1
47,2,10,30,1
28,3,9,171,1
47,3,10,145,1
42,0,9,76,1
81,3,4,175,1
23,1,7,123,1
42,1,9,101,1
45,1,7,124,0
66,1,10,113,1
47,3,10,153,1
42,0,9,71,1
47,0,10,76,1
47,1,10,130,1
47,1,10,112,1
9,3,10,147,1
66,3,10,144,1
66,1,10,99,1
66,2,10,29,1
22,1,7,102,1
40,0,7,77,0
66,2,10,28,1
66,0,10,74,1
22,4,7,57,1
67,2,10,22,1
67,3,10,147,1
47,3,10,152,1
42,0,9,62,1
66,1,10,121,1
47,1,10,109,1
47,3,10,144,1
47,3,10,91,1
47,1,10,120,1
47,1,10,97,1
47,2,10,37,1
42,3,9,90,1
47,2,10,21,1
67,4,10,56,1
54,1,1,114,1
76,0,10,68,1
8,2,10,2,1
42,0,9,61,1
42,0,9,65,1
66,1,10,128,1
47,0,10,61,1
2,1,10,120,1
42,3,9,149,1
34,2,9,24,0
42,2,9,36,1
2,1,10,94,1
47,1,10,97,1
63,2,8,46,0
42,2,9,24,1
66,3,10,133,1
66,0,10,77,1
23,1,7,124,1
9,1,10,130,1
85,1,1,96,1
47,2,10,28,1
62,3,10,92,1
66,2,10,28,1
42,1,9,129,1
47,1,10,101,1
76,1,10,126,1
9,1,10,118,1
42,0,9,61,1
47,1,10,112,1
9,2,10,2,1
47,3,10,132,1
66,1,10,110,1
2,1,10,94,1
64,2,10,22,1
47,4,10,58,1
42,0,9,71,1
42,3,9,144,1
40,2,7,1,1
66,3,10,148,1
47,4,10,52,1
99,2,5,2,1
23,0,7,68,1
46,1,10,110,1
9,0,10,84,1
47,2,10,37,1
32,1,3,94,1
17,0,9,69,0
9,0,10,78,1
2,4,10,56,1
8,2,10,2,1
42,0,9,60,1
23,1,7,115,1
42,0,9,70,1
47,3,10,168,1
42,0,9,64,1
2,3,10,161,1
68,2,10,30,1
42,3,9,133,1
9,4,10,51,1
57,1,6,122,0
66,3,10,165,1
42,2,9,29,1
47,3,10,154,1
66,0,10,61,1
42,0,9,67,1
39,2,3,22,0
66,0,10,81,1
45,0,7,76,1
100,3,7,174,1
67,2,10,32,1
47,1,10,109,1
28,3,9,87,1
28,2,9,31,0
42,1,9,107,1
47,0,10,78,1
63,3,8,158,0
8,2,10,2,1
47,0,10,75,1
56,3,11,172,0
46,3,10,152,1
67,2,10,10,1
67,2,10,9,1
17,2,9,2,0
66,1,10,118,1
90,2,5,12,1
42,2,9,1,1
66,3,10,163,1
9,3,10,144,1
67,2,10,33,1
47,2,10,23,1
99,2,5,25,1
66,1,10,113,1
22,1,7,118,1
9,1,10,106,1
66,3,10,144,1
66,1,10,99,1
47,0,10,80,1
66,1,10,108,1
18,3,6,146,1
59,0,4,78,0
38,1,9,105,1
58,3,7,153,1
51,1,4,117,1
66,0,10,76,1
47,1,10,104,1
58,3,7,157,0
42,2,9,34,1
8,2,10,2,1
101,0,9,61,1
66,1,10,98,1
47,1,10,109,1
42,2,9,30,1
75,3,9,151,1
66,0,10,68,1
78,4,3,58,0
81,4,4,52,1
109,1,1,109,0
47,3,10,146,1
58,4,7,59,1
42,3,9,147,1
66,2,10,26,1
75,0,9,68,0
12,3,3,136,1
47,3,10,152,1
47,3,10,165,1
62,0,10,63,1
47,0,10,79,1
66,0,10,67,1
26,3,10,154,1
42,0,9,60,1
68,3,10,176,1
42,4,9,49,1
66,0,10,72,1
66,0,10,73,1
63,2,8,13,0
47,0,10,76,1
47,2,10,22,1
37,2,11,16,0
81,1,4,115,1
9,3,10,141,1
17,2,9,1,0
42,3,9,89,1
42,0,9,78,1
74,2,9,10,0
105,3,7,147,1
101,1,9,117,0
63,1,8,122,0
47,1,10,112,1
42,0,9,60,1
66,3,10,89,1
66,0,10,70,1
59,2,4,22,0
47,1,10,125,1
12,3,3,163,0
46,1,10,101,1
109,1,1,95,1
15,3,0,90,1
31,0,3,66,0
47,1,10,127,1
22,0,7,77,1
66,0,10,65,1
9,4,10,58,1
107,2,9,31,0
9,2,10,13,1
42,2,9,1,1
63,3,8,158,0
9,3,10,133,1
47,3,10,169,1
26,3,10,133,1
22,0,7,65,1
8,2,10,2,1
90,1,5,116,1
47,2,10,37,1
40,1,7,126,0
46,1,10,96,1
66,1,10,108,1
47,3,10,175,1
67,2,10,9,1
47,1,10,110,1
46,1,10,112,1
47,3,10,140,1
63,2,8,20,0
61,0,1,70,0
58,1,7,111,1
66,2,10,26,1
59,1,4,94,0
42,0,9,65,1
47,0,10,79,1
80,1,7,107,1
66,0,10,78,1
66,2,10,29,1
90,4,5,58,1
60,1,6,105,0
71,1,7,112,1
66,1,10,104,1
42,0,9,72,1
66,0,10,65,1
47,1,10,130,1
50,1,4,128,1
2,0,10,78,1
101,2,9,27,0
9,1,10,106,1
42,0,9,77,1
67,2,10,16,1
47,2,10,21,1
42,2,9,28,1
40,1,7,123,0
47,1,10,102,1
66,0,10,77,1
66,1,10,102,1
47,0,10,76,1
22,0,7,75,1
61,0,1,70,1
47,3,10,171,1
66,3,10,92,1
9,3,10,152,1
47,3,10,154,1
45,4,7,52,1
22,1,7,103,1
66,0,10,66,1
45,0,7,60,1
17,1,9,96,0
10,1,3,117,1
42,2,9,72,1
67,2,10,31,1
75,1,9,105,0
66,2,10,20,1
42,2,9,15,1
66,0,10,74,1
9,1,10,123,1
42,0,9,76,1
9,1,10,96,1
3,2,1,30,1
67,2,10,27,1
33,2,10,9,1
47,1,10,106,1
67,2,10,29,1
47,3,10,148,1
66,1,10,115,1
9,1,10,99,1
66,3,10,144,1
2,4,10,56,1
9,1,10,128,1
66,3,10,88,1
47,1,10,103,1
68,1,10,128,1
47,1,10,119,1
66,0,10,65,1
90,1,5,125,1
68,0,10,70,1
9,0,10,75,1
66,1,10,108,1
9,3,10,166,1
42,0,9,66,1
47,1,10,118,1
9,1,10,121,1
107,2,9,26,0
39,0,3,71,1
66,1,10,122,1
66,0,10,66,1
47,3,10,148,1
42,3,9,147,1
22,1,7,120,1
22,1,7,115,1
20,2,7,19,0
12,3,3,161,0
61,1,1,114,1
24,3,10,163,1
67,3,10,144,1
47,2,10,28,1
67,3,10,150,1
42,2,9,34,1
2,1,10,130,1
58,2,7,22,0
42,0,9,76,1
23,0,7,78,1
58,1,7,111,1
42,0,9,80,1
39,2,3,2,1
74,2,9,29,0
68,2,10,7,1
40,1,7,106,0
26,3,10,173,1
47,3,10,178,1
45,1,7,118,1
66,1,10,101,1
67,2,10,13,1
47,0,10,78,1
47,3,10,154,1
47,2,10,26,1
2,3,10,164,1
74,1,9,129,1
47,3,10,89,1
9,0,10,82,1
42,0,9,77,1
42,1,9,104,1
2,3,10,134,1
42,0,9,77,1
75,2,9,24,0
75,0,9,67,1
63,2,8,20,0
22,0,7,65,1
71,3,7,148,1
47,2,10,2,1
47,0,10,76,1
47,3,10,87,1
23,4,7,56,1
47,3,10,148,1
31,1,3,117,0
69,1,10,112,1
96,2,11,10,0
47,1,10,106,1
47,3,10,152,1
66,3,10,176,1
47,3,10,165,1
63,2,8,46,0
42,2,9,27,1
9,3,10,88,1
34,1,9,98,1
81,1,4,106,1
85,3,1,166,1
47,3,10,145,1
2,3,10,161,1
67,0,10,77,1
66,0,10,77,1
42,1,9,118,1
42,3,9,149,1
56,2,11,9,0
86,3,5,148,0
9,1,10,115,1
9,4,10,49,1
62,1,10,115,1
42,1,9,119,1
12,3,3,163,0
66,0,10,75,1
66,3,10,89,1
61,3,1,133,1
47,1,10,121,1
22,1,7,124,1
58,1,7,123,1
62,1,10,117,1
42,3,9,158,1
47,3,10,150,1
22,1,7,101,1
42,2,9,25,1
90,2,5,13,1
66,3,10,150,1
9,3,10,134,1
47,2,10,15,1
23,2,7,24,1
66,3,10,168,1
25,2,4,14,1
47,3,10,181,1
66,2,10,23,1
66,0,10,62,1
28,0,9,76,0
62,0,10,66,1
61,1,1,131,1
14,2,7,33,1
67,1,10,97,1
63,3,8,158,0
31,3,3,148,0
12,0,3,67,0
33,2,10,13,1
47,1,10,117,1
66,1,10,120,1
72,2,5,32,1
66,1,10,129,1
62,3,10,148,1
28,1,9,103,0
107,0,9,67,0
63,2,8,46,0
66,2,10,25,1
66,0,10,77,1
8,2,10,2,1
66,2,10,28,1
74,1,9,102,0
8,2,10,2,1
47,0,10,72,1
62,3,10,89,1
40,1,7,96,0
28,0,9,72,0
47,3,10,140,1
67,1,10,127,1
74,1,9,113,0
72,2,5,40,1
66,2,10,24,1
101,4,9,51,0
85,4,1,58,1
66,1,10,112,1
66,3,10,174,1
66,0,10,70,1
81,3,4,165,1
63,2,8,20,0
47,1,10,129,1
47,0,10,75,1
66,1,10,108,1
66,2,10,28,1
42,3,9,92,1
26,3,10,142,1
9,0,10,77,1
42,0,9,61,1
66,1,10,98,1
45,1,7,115,1
47,3,10,163,1
68,2,10,29,1
66,4,10,51,1
45,0,7,82,0
42,0,9,71,1
68,2,10,37,1
66,3,10,173,1
66,3,10,136,1
101,1,9,120,0
47,1,10,97,1
54,3,1,91,1
75,2,9,24,0
47,3,10,161,1
47,3,10,165,1
62,1,10,108,1
42,1,9,96,1
47,1,10,106,1
69,3,10,150,1
42,3,9,148,1
47,1,10,127,1
47,1,10,101,1
9,1,10,106,1
47,3,10,147,1
67,1,10,105,1
66,0,10,72,1
9,1,10,110,1
47,2,10,21,1
47,1,10,94,1
42,1,9,128,1
47,1,10,109,1
22,3,7,92,1
67,2,10,14,1
47,0,10,61,1
42,0,9,77,1
66,3,10,158,1
42,2,9,19,1
66,1,10,121,1
66,0,10,72,1
50,1,4,99,1
9,1,10,113,1
42,0,9,66,1
37,2,11,16,0
69,2,10,16,1
61,2,1,26,1
45,3,7,156,1
75,2,9,32,1
9,3,10,159,1
74,1,9,104,1
101,2,9,31,0
47,1,10,121,1
47,1,10,121,1
109,3,1,153,1
91,3,5,147,1
66,3,10,174,1
9,3,10,165,1
9,1,10,126,1
66,1,10,131,1
109,3,1,148,1
42,0,9,69,1
105,2,7,0,1
42,1,9,115,1
9,3,10,164,1
68,3,10,164,1
66,1,10,94,1
69,2,10,9,1
45,3,7,90,1
47,1,10,121,1
59,1,4,94,0
66,2,10,20,1
66,2,10,2,1
47,2,10,2,1
47,1,10,126,1
66,0,10,77,1
9,3,10,175,1
66,4,10,48,1
9,0,10,68,1
8,2,10,2,1
66,3,10,174,1
47,4,10,58,1
9,0,10,65,1
42,2,9,23,1
47,3,10,87,1
47,0,10,69,1
47,3,10,143,1
62,0,10,71,1
62,2,10,3,1
67,2,10,10,1
42,1,9,98,1
108,3,1,146,1
58,0,7,74,1
66,1,10,104,1
47,0,10,66,1
47,1,10,126,1
81,1,4,111,1
3,1,1,117,0
62,1,10,113,1
101,1,9,108,0
47,1,10,121,1
81,3,4,157,1
66,3,10,150,1
47,4,10,59,1
66,2,10,1,1
42,0,9,77,1
67,1,10,99,1
42,0,9,67,1
66,2,10,43,1
47,3,10,146,1
90,4,5,59,1
23,1,7,114,1
84,3,7,174,0
63,2,8,20,0
63,2,8,20,0
67,0,10,62,1
107,1,9,99,1
67,3,10,145,1
47,1,10,114,1
75,1,9,102,0
81,0,4,67,1
81,3,4,178,1
66,0,10,66,1
37,2,11,12,0
107,1,9,131,0
47,3,10,87,1
47,1,10,115,1
47,1,10,118,1
44,2,2,34,1
9,1,10,131,1
47,0,10,81,1
12,1,3,126,0
47,1,10,109,1
65,1,10,120,1
40,1,7,129,0
66,3,10,144,1
58,2,7,19,0
62,1,10,100,1
66,3,10,176,1
66,0,10,65,1
49,2,6,1,0
67,1,10,126,1
47,0,10,63,1
47,1,10,107,1
91,4,5,58,1
58,1,7,106,1
47,1,10,105,1
33,1,10,103,1
101,0,9,71,0
42,2,9,37,1
66,1,10,96,1
66,0,10,72,1
39,4,3,58,0
9,0,10,76,1
42,0,9,65,1
66,0,10,62,1
31,1,3,121,0
47,4,10,53,1
20,1,7,131,1
67,1,10,98,1
47,1,10,94,1
42,1,9,118,1
66,2,10,31,1
101,3,9,151,1
42,3,9,148,1
53,3,3,177,1
42,0,9,69,1
33,2,10,37,1
62,1,10,95,1
101,2,9,1,0
42,3,9,181,1
42,0,9,77,1
71,1,7,94,1
66,1,10,118,1
66,1,10,113,1
67,2,10,27,1
9,0,10,77,1
101,3,9,157,1
66,0,10,67,1
42,0,9,61,1
63,2,8,20,0
86,0,5,62,0
75,1,9,99,0
18,3,6,175,0
47,1,10,119,1
83,0,9,79,0
74,3,9,159,0
66,1,10,98,1
42,4,9,58,1
62,2,10,10,1
61,0,1,73,0
58,3,7,164,1
66,1,10,125,1
66,4,10,53,1
68,2,10,16,1
23,4,7,59,1
107,0,9,66,0
66,3,10,132,1
9,3,10,162,1
47,0,10,74,1
47,2,10,31,1
66,3,10,178,1
66,1,10,100,1
66,1,10,104,1
45,1,7,97,0
9,3,10,148,1
63,2,8,22,0
9,0,10,82,1
107,0,9,69,0
101,0,9,71,0
47,1,10,94,1
63,2,8,20,0
9,3,10,153,1
81,2,4,32,1
47,1,10,126,1
62,0,10,70,1
2,1,10,130,1
9,0,10,83,1
66,2,10,30,1
47,3,10,136,1
9,3,10,154,1
18,3,6,88,1
66,0,10,76,1
67,2,10,29,1
99,2,5,1,1
47,3,10,141,1
62,0,10,74,1
66,1,10,99,1
2,3,10,177,1
62,1,10,113,1
66,1,10,117,1
9,0,10,81,1
71,1,7,94,1
13,2,5,13,0
47,1,10,130,1
45,0,7,62,1
28,3,9,145,1
66,3,10,136,1
66,1,10,117,1
62,1,10,103,1
66,1,10,112,1
23,2,7,27,1
58,4,7,58,1
8,2,10,2,1
42,3,9,171,1
8,2,10,2,1
66,1,10,118,1
60,3,6,181,0
9,0,10,62,1
66,2,10,24,1
47,3,10,161,1
17,0,9,67,0
9,1,10,125,1
96,3,11,172,0
67,3,10,161,1
66,1,10,113,1
47,1,10,94,1
17,2,9,24,0
91,3,5,141,1
66,0,10,66,1
47,1,10,99,1
66,3,10,178,1
42,1,9,125,1
42,3,9,157,1
89,3,3,132,0
9,0,10,71,1
68,1,10,98,1
62,1,10,114,1
106,3,6,133,1
101,1,9,118,0
20,1,7,100,1
47,0,10,82,1
23,3,7,152,1
74,2,9,30,1
101,1,9,121,1
24,3,10,165,1
95,1,7,121,1
66,1,10,118,1
66,3,10,164,1
42,0,9,81,1
81,1,4,98,1
9,3,10,134,1
14,1,7,98,1
66,1,10,99,1
66,0,10,77,1
47,0,10,72,1
66,1,10,117,1
47,1,10,98,1
9,3,10,163,1
42,0,9,76,1
47,1,10,112,1
47,3,10,133,1
32,2,3,1,0
47,1,10,119,1
66,1,10,105,1
9,3,10,133,1
22,3,7,163,1
42,0,9,66,1
66,0,10,62,1
66,4,10,53,1
66,0,10,64,1
66,1,10,115,1
9,1,10,109,1
62,1,10,128,1
47,1,10,126,1
81,0,4,67,1
42,1,9,129,1
17,4,9,51,1
9,3,10,163,1
47,1,10,114,1
67,1,10,118,1
42,2,9,29,1
66,2,10,1,1
47,2,10,0,1
67,2,10,28,1
61,2,1,20,1
47,1,10,109,1
66,0,10,81,1
47,1,10,102,1
58,3,7,143,0
83,0,9,79,0
59,2,4,22,0
8,2,10,2,1
23,1,7,103,1
42,0,9,75,1
81,1,4,112,1
47,1,10,120,1
28,0,9,63,1
47,2,10,0,1
47,3,10,152,1
66,1,10,128,1
42,3,9,133,1
66,0,10,60,1
68,4,10,54,1
42,2,9,31,1
42,1,9,129,1
62,2,10,1,1
61,3,1,147,1
33,2,2,13,1
66,0,10,70,1
9,1,10,96,1
66,0,10,81,1
66,2,10,7,1
66,2,10,27,1
58,3,7,149,1
12,3,3,141,0
42,0,9,77,1
66,0,10,69,1
66,4,10,48,1
47,0,10,71,1
60,3,6,150,0
9,3,10,147,1
47,1,10,94,1
5,3,10,175,1
63,2,8,20,0
39,2,3,1,1
4,1,6,114,1
22,3,7,178,1
54,3,1,140,1
22,1,7,106,1
101,2,9,29,0
42,0,9,81,1
42,1,9,99,1
87,1,4,118,0
66,1,10,123,1
23,3,7,154,1
107,1,9,104,0
47,3,10,152,1
9,0,10,72,1
42,0,9,71,1
47,3,10,162,1
66,0,10,77,1
50,0,4,65,1
83,1,9,108,1
66,3,10,152,1
42,0,9,62,1
66,0,10,66,1
9,3,10,87,1
66,3,10,92,1
42,0,9,63,1
45,0,7,81,1
47,1,10,118,1
66,1,10,131,1
47,1,10,115,1
47,1,10,100,1
42,0,9,60,1
56,2,11,32,0
66,0,10,71,1
47,1,10,125,1
42,0,9,75,1
47,0,10,65,1
9,1,10,100,1
47,2,10,24,1
66,0,10,66,1
66,1,10,113,1
70,3,4,143,0
73,3,6,141,0
66,3,10,181,1
66,0,10,65,1
102,1,4,119,1
58,3,7,161,1
37,2,11,7,0
47,4,10,59,1
67,2,10,32,1
47,1,10,101,1
66,0,10,67,1
9,1,10,96,1
37,2,11,2,0
58,3,7,170,0
42,0,9,71,1
42,0,9,78,1
34,2,9,29,0
62,2,10,26,1
62,1,10,97,1
42,0,9,76,1
14,0,7,64,1
42,1,9,99,1
42,0,9,67,1
66,1,10,99,1
40,1,7,110,1
63,2,8,13,0
42,1,9,96,1
47,1,10,106,1
66,1,10,124,1
58,1,7,98,1
9,3,10,175,1
84,1,7,111,0
66,0,10,60,1
109,3,1,151,1
2,2,10,4,1
42,1,9,125,1
47,1,10,109,1
47,3,10,144,1
47,0,10,69,1
47,3,10,152,1
58,3,7,143,0
47,1,10,108,1
66,3,10,88,1
47,3,10,88,1
67,3,10,141,1
40,1,7,115,0
47,3,10,153,1
66,1,10,115,1
47,3,10,92,1
47,1,10,121,1
90,2,5,11,1
86,0,5,62,0
9,3,10,133,1
109,3,1,163,1
67,3,10,178,1
34,0,9,67,1
26,3,10,142,1
22,3,7,157,1
67,4,10,56,1
66,2,10,23,1
66,4,10,53,1
47,3,10,152,1
101,2,9,23,0
66,0,10,66,1
47,3,10,160,1
66,1,10,126,1
42,1,9,108,1
78,1,3,128,0
47,3,10,133,1
66,0,10,62,1
101,3,9,144,1
28,1,9,128,1
2,1,10,130,1
9,1,10,103,1
81,1,4,107,1
66,0,10,60,1
47,1,10,115,1
9,1,10,127,1
99,2,5,40,1
47,2,10,22,1
66,3,10,144,1
47,0,10,71,1
57,2,6,30,0
42,2,9,36,1
47,3,10,147,1
2,3,10,153,1
66,3,10,150,1
47,0,10,61,1
66,1,10,118,1
81,1,4,103,1
69,0,10,61,1
66,1,10,113,1
8,2,10,2,1
47,0,10,63,1
58,2,7,21,1
40,1,7,96,0
66,3,10,154,1
109,2,1,20,1
40,1,7,114,0
62,3,10,148,1
66,1,10,99,1
96,3,11,172,0
39,1,3,109,1
42,0,9,69,1
101,4,9,55,0
42,2,9,25,1
47,1,10,101,1
107,2,9,31,0
42,1,9,125,1
47,1,10,94,1
47,3,10,89,1
9,0,10,63,1
9,3,10,91,1
56,3,11,172,0
42,1,9,118,1
66,1,10,117,1
9,3,10,174,1
9,3,10,148,1
47,3,10,152,1
63,3,8,158,0
99,1,5,116,1
47,1,10,123,1
101,2,9,26,0
66,2,10,23,1
42,1,9,118,1
47,1,10,100,1
66,0,10,65,1
91,0,5,66,1
74,0,9,79,0
46,3,10,154,1
47,0,10,78,1
66,1,10,97,1
47,1,10,97,1
47,2,10,25,1
67,2,10,46,1
42,0,9,67,1
66,1,10,121,1
66,0,10,63,1
66,0,10,70,1
66,1,10,104,1
46,1,10,123,1
58,1,7,127,1
9,3,10,152,1
66,4,10,52,1
39,3,3,135,0
62,0,10,61,1
47,1,10,126,1
9,3,10,165,1
23,2,7,37,1
62,1,10,114,1
81,1,4,95,1
42,0,9,61,1
47,3,10,164,1
109,3,1,151,1
42,0,9,75,1
42,0,9,72,1
9,1,10,100,1
9,4,10,51,1
66,1,10,117,1
32,2,3,16,1
62,1,10,131,1
2,1,10,114,1
47,4,10,52,1
67,2,10,31,1
47,1,10,129,1
34,1,9,103,0
66,1,10,126,1
42,2,9,72,1
42,0,9,66,1
34,1,9,98,1
99,2,5,43,1
62,3,10,148,1
23,0,7,71,0
15,1,0,112,1
24,1,10,123,1
26,3,10,142,1
90,1,5,100,1
47,1,10,131,1
22,0,7,62,1
9,3,10,178,1
66,1,10,124,1
47,3,10,89,1
9,3,10,132,1
66,1,10,100,1
42,2,9,23,1
42,0,9,60,1
9,1,10,106,1
47,1,10,126,1
8,2,10,2,1
2,1,10,130,1
62,3,10,148,1
66,2,10,1,1
2,1,10,130,1
33,2,10,13,1
12,1,3,96,1
42,3,9,178,1
47,1,10,94,1
45,1,7,95,1
62,4,10,51,1
47,1,10,110,1
66,3,10,178,1
42,0,9,68,1
47,1,10,130,1
58,4,7,53,1
66,3,10,147,1
42,0,9,80,1
67,2,10,28,1
22,1,7,124,1
47,1,10,119,1
42,3,9,154,1
75,1,9,109,0
39,0,3,61,1
61,1,1,119,1
47,0,10,77,1
42,0,9,61,1
47,1,10,110,1
50,0,4,78,1
42,2,9,11,1
47,0,10,81,1
101,1,9,108,1
17,2,9,27,0
47,3,10,138,1
47,0,10,61,1
47,2,10,33,1
67,1,10,110,1
66,0,10,62,1
63,2,8,20,0
38,0,9,61,1
66,3,10,177,1
35,2,4,11,0
47,1,10,99,1
42,1,9,95,1
47,0,10,82,1
47,3,10,136,1
66,1,10,101,1
47,0,10,66,1
42,2,9,26,1
66,2,10,28,1
42,3,9,147,1
42,1,9,127,1
42,0,9,68,1
47,1,10,101,1
42,1,9,118,1
9,3,10,176,1
66,3,10,176,1
47,0,10,83,1
66,1,10,99,1
81,0,4,68,1
9,1,10,120,1
33,2,10,27,1
67,2,10,7,1
47,1,10,100,1
66,1,10,108,1
61,2,1,29,0
85,1,1,115,1
66,1,10,118,1
9,1,10,115,1
47,0,10,70,1
62,2,10,37,1
42,2,9,16,1
47,1,10,115,1
42,0,9,61,1
42,0,9,60,1
76,1,10,109,1
47,1,10,106,1
66,1,10,99,1
109,1,1,128,1
66,1,10,104,1
47,1,10,127,1
66,1,10,101,1
63,2,8,20,0
47,3,10,152,1
101,0,9,70,1
9,3,10,162,1
66,4,10,48,1
42,2,9,16,1
42,0,9,75,1
67,3,10,151,1
47,3,10,152,1
57,2,6,13,0
63,2,8,20,0
47,3,10,146,1
9,3,10,142,1
90,1,5,116,1
47,3,10,145,1
42,1,9,129,1
47,0,10,81,1
68,3,10,151,1
42,0,9,60,1
47,2,10,30,1
61,3,1,91,1
66,1,10,101,1
42,3,9,149,1
66,1,10,103,1
47,3,10,147,1
2,1,10,121,1
9,1,10,120,1
109,1,1,124,1
62,1,10,103,1
91,3,5,137,1
47,1,10,126,1
94,3,5,145,1
72,2,5,13,1
58,1,7,123,1
109,1,1,97,0
85,3,1,174,1
42,3,9,148,1
47,3,10,144,1
42,1,9,108,1
47,0,10,74,1
9,3,10,144,1
2,1,10,130,1
20,3,7,175,1
68,2,10,33,1
9,1,10,106,1
63,2,8,33,0
58,1,7,104,1
60,1,6,95,0
2,0,10,80,1
66,0,10,65,1
2,0,10,80,1
47,1,10,115,1
47,1,10,115,1
66,0,10,66,1
63,2,8,20,0
12,1,3,111,0
105,2,7,10,1
66,1,10,109,1
35,2,4,19,0
9,0,10,70,1
71,1,7,120,1
33,2,2,9,1
47,1,10,94,1
62,2,10,24,1
66,0,10,65,1
42,2,9,30,1
101,3,9,173,0
101,1,9,129,0
66,0,10,82,1
66,2,10,28,1
98,1,10,117,1
5,3,10,145,1
42,0,9,76,1
9,3,10,152,1
62,3,10,133,1
42,3,9,169,1
47,3,10,153,1
62,2,10,22,1
45,3,7,177,1
67,1,10,118,1
23,1,7,110,1
66,2,10,28,1
47,0,10,72,1
2,3,10,169,1
47,1,10,126,1
66,0,10,66,1
47,1,10,126,1
47,0,10,70,1
9,3,10,162,1
9,3,10,141,1
47,3,10,144,1
66,0,10,77,1
9,1,10,120,1
66,3,10,148,1
2,1,10,130,1
73,4,6,59,1
9,3,10,155,1
57,1,6,119,0
42,2,9,13,1
66,1,10,115,1
74,0,9,76,1
66,1,10,94,1
66,3,10,178,1
101,0,9,77,0
66,0,10,67,1
66,2,10,39,1
5,0,10,71,1
47,1,10,99,1
107,3,9,179,1
9,1,10,121,1
68,3,10,159,1
0,4,9,51,0
9,1,10,121,1
47,1,10,126,1
66,4,10,56,1
42,2,9,37,1
66,0,10,65,1
9,3,10,175,1
66,3,10,154,1
62,1,10,103,1
39,3,3,133,1
66,1,10,100,1
2,3,10,137,1
62,3,10,148,1
42,0,9,67,1
66,1,10,100,1
62,3,10,90,1
47,3,10,140,1
101,2,9,31,0
62,2,10,1,1
47,1,10,94,1
66,3,10,136,1
66,2,10,29,1
40,1,7,110,1
42,2,9,37,1
9,3,10,150,1
54,1,1,107,1
47,1,10,115,1
75,3,9,165,0
66,1,10,94,1
66,1,10,100,1
34,3,9,173,0
23,0,7,77,1
74,0,9,62,1
62,3,10,154,1
42,0,9,71,1
9,1,10,115,1
101,3,9,89,0
45,1,7,96,1
28,3,9,87,1
22,0,7,66,1
90,1,5,116,1
101,0,9,77,0
101,0,9,84,0
23,2,7,22,1
47,1,10,115,1
66,3,10,154,1
23,3,7,155,1
9,1,10,126,1
9,1,10,118,1
62,0,10,65,1
2,3,10,176,1
63,2,8,20,0
85,0,1,71,1
61,0,1,70,1
50,2,4,9,1
99,0,5,65,1
47,1,10,101,1
9,0,10,69,1
38,2,9,28,0
33,3,10,176,1
9,3,10,161,1
75,1,9,101,0
62,1,10,128,1
83,3,9,144,1
31,0,3,77,0
66,1,10,120,1
45,1,7,117,0
66,0,10,76,1
34,0,9,81,1
35,3,4,168,0
62,1,10,103,1
71,3,7,174,1
42,3,9,178,1
47,0,10,75,1
66,2,10,2,1
66,3,10,152,1
87,1,4,99,0
42,0,9,77,1
66,1,10,103,1
47,3,10,152,1
66,0,10,66,1
90,3,5,166,1
65,2,10,25,1
66,2,10,29,1
8,2,10,2,1
66,0,10,75,1
17,1,9,105,0
9,3,10,146,1
9,1,10,112,1
9,0,10,70,1
42,0,9,76,1
26,3,10,173,1
28,1,9,124,0
47,0,10,72,1
63,2,8,20,0
66,2,10,23,1
66,2,10,36,1
66,3,10,173,1
34,1,9,103,0
42,0,9,62,1
61,2,1,31,1
60,1,6,94,0
42,2,9,24,1
66,1,10,101,1
47,0,10,76,1
81,0,4,62,1
9,3,10,133,1
47,1,10,94,1
42,0,9,67,1
9,1,10,115,1
9,1,10,113,1
9,3,10,154,1
9,3,10,148,1
66,0,10,77,1
62,3,10,144,1
47,0,10,76,1
47,1,10,115,1
47,1,10,112,1
9,2,10,20,1
101,1,9,118,1
66,0,10,66,1
42,0,9,66,1
66,3,10,163,1
63,2,8,20,0
9,0,10,76,1
47,3,10,87,1
66,0,10,75,1
42,0,9,60,1
9,0,10,76,1
99,2,5,12,1
42,1,9,124,1
47,3,10,148,1
86,0,5,80,1
67,1,10,121,1
66,2,10,10,1
47,0,10,65,1
42,1,9,124,1
2,4,10,59,1
45,0,7,75,1
67,1,10,128,1
2,4,10,56,1
62,1,10,108,1
66,2,10,20,1
66,3,10,164,1
63,2,8,46,0
66,0,10,67,1
66,3,10,147,1
2,3,10,87,1
66,1,10,127,1
83,0,9,78,1
67,2,10,30,1
60,3,6,91,0
62,0,10,67,1
47,3,10,88,1
42,3,9,176,1
10,1,3,99,1
81,1,4,114,1
23,3,7,161,1
47,1,10,128,1
69,2,10,1,1
66,0,10,60,1
66,1,10,118,1
45,2,7,9,1
32,1,3,111,0
42,0,9,76,1
90,3,5,135,0
40,1,7,126,0
61,2,1,18,1
47,3,10,91,1
8,2,10,2,1
63,2,8,46,0
61,2,1,11,1
99,2,5,26,1
101,3,9,159,0
47,1,10,121,1
45,2,7,2,1
66,3,10,89,1
101,0,9,75,0
2,3,10,154,1
66,0,10,72,1
9,3,10,163,1
0,2,9,24,0
9,3,10,146,1
66,0,10,66,1
8,2,10,2,1
66,0,10,69,1
42,1,9,103,1
95,0,7,66,0
58,3,7,174,1
23,1,7,114,1
42,1,9,110,1
47,1,10,100,1
47,0,10,77,1
60,4,6,49,0
80,2,7,12,1
47,3,10,164,1
66,2,10,26,1
47,1,10,100,1
86,1,5,113,1
66,2,10,31,1
68,4,10,54,1
66,4,10,59,1
67,2,10,8,1
66,1,10,98,1
42,1,9,126,1
99,0,5,69,0
69,2,10,16,1
47,0,10,67,1
66,2,10,28,1
66,2,10,28,1
66,1,10,121,1
47,3,10,163,1
90,4,5,59,1
15,1,0,117,1
62,1,10,128,1
66,0,10,66,1
68,0,10,70,1
47,0,10,61,1
9,0,10,68,1
39,3,3,86,0
8,1,10,118,1
22,3,7,148,1
42,1,9,118,1
47,3,10,160,1
9,3,10,174,1
71,1,7,94,1
34,1,9,99,0
2,1,10,125,1
47,1,10,108,1
2,1,10,130,1
22,1,7,112,1
9,2,10,22,1
47,1,10,97,1
13,0,5,82,1
76,1,10,126,1
9,3,10,169,1
66,1,10,125,1
47,2,10,25,1
66,0,10,77,1
67,0,10,65,1
22,0,7,79,1
8,2,10,2,1
62,3,10,148,1
62,2,10,1,1
67,1,10,119,1
9,1,10,111,1
47,1,10,106,1
47,1,10,96,1
42,3,9,143,1
91,0,5,69,1
109,1,1,100,1
58,1,7,107,1
37,3,11,149,0
67,1,10,118,1
47,1,10,109,1
80,3,7,176,1
66,1,10,129,1
2,1,10,130,1
2,1,10,130,1
86,1,5,112,1
66,1,10,124,1
47,4,10,59,1
3,2,1,22,1
42,0,9,66,1
66,0,10,70,1
9,3,10,163,1
67,3,10,147,1
101,1,9,109,0
66,0,10,65,1
66,0,10,72,1
66,0,10,82,1
47,3,10,170,1
15,4,0,51,0
75,1,9,100,1
47,1,10,94,1
107,2,9,21,0
47,1,10,121,1
42,0,9,76,1
47,1,10,112,1
42,1,9,124,1
66,3,10,88,1
42,1,9,117,1
58,1,7,102,1
45,3,7,141,1
47,1,10,118,1
62,1,10,103,1
109,3,1,158,1
9,4,10,54,1
9,3,10,144,1
47,1,10,106,1
66,2,10,28,1
22,0,7,62,1
47,1,10,97,1
99,1,5,109,1
66,2,10,27,1
9,2,10,31,1
68,0,10,78,1
47,3,10,147,1
42,0,9,69,1
107,2,9,37,0
42,2,9,27,1
34,0,9,64,0
47,3,10,92,1
62,2,10,11,1
109,3,1,179,1
9,1,10,125,1
66,0,10,76,1
23,1,7,108,1
62,3,10,147,1
9,0,10,65,1
66,1,10,117,1
62,1,10,103,1
24,3,10,147,1
66,1,10,102,1
63,2,8,13,0
91,3,5,157,1
47,0,10,71,1
42,3,9,88,1
2,4,10,56,1
75,0,9,76,1
62,1,10,121,1
75,1,9,98,1
69,3,10,149,1
67,3,10,147,1
13,2,5,13,0
67,3,10,150,1
42,0,9,61,1
47,0,10,74,1
72,1,5,101,1
40,3,7,149,0
66,0,10,71,1
66,2,10,24,1
42,2,9,24,1
9,1,10,119,1
47,1,10,125,1
62,1,10,126,1
47,1,10,102,1
74,0,9,71,0
66,3,10,148,1
47,0,10,75,1
66,1,10,100,1
90,3,5,141,1
47,3,10,146,1
109,1,1,99,1
47,0,10,65,1
42,1,9,108,1
8,2,10,2,1
15,1,0,112,1
63,2,8,20,0
62,1,10,104,1
62,1,10,108,1
2,1,10,130,1
66,1,10,99,1
47,2,10,39,1
42,0,9,69,1
66,2,10,21,1
47,2,10,10,1
47,1,10,115,1
67,1,10,120,1
67,2,10,29,1
42,0,9,62,1
9,1,10,126,1
47,0,10,62,1
47,3,10,151,1
60,2,6,28,0
47,3,10,158,1
47,2,10,1,1
9,3,10,160,1
105,2,7,17,1
8,2,10,2,1
66,0,10,70,1
47,2,10,43,1
60,1,6,117,0
42,0,9,72,1
47,1,10,128,1
47,1,10,115,1
62,1,10,103,1
68,1,10,126,1
57,1,6,124,0
47,3,10,148,1
9,0,10,74,1
83,1,9,99,0
99,4,5,58,1
66,1,10,99,1
68,0,10,63,1
45,2,7,1,0
42,1,9,124,1
75,2,9,31,0
39,2,3,26,1
66,3,10,177,1
66,2,10,25,1
101,1,9,98,1
66,0,10,69,1
42,1,9,95,1
47,1,10,97,1
31,1,3,115,0
66,0,10,77,1
47,0,10,81,1
47,4,10,56,1
101,2,9,28,0
74,2,9,21,0
79,2,3,18,1
66,3,10,174,1
62,2,10,7,1
47,3,10,162,1
9,3,10,144,1
42,0,9,66,1
66,0,10,73,1
86,1,5,121,0
40,1,7,96,0
66,2,10,28,1
35,1,4,109,0
42,2,9,21,1
42,2,9,37,1
66,3,10,158,1
66,3,10,177,1
66,2,10,29,1
61,1,1,110,1
8,2,10,2,1
80,3,7,89,1
47,1,10,96,1
75,3,9,148,0
42,0,9,69,1
42,3,9,173,1
63,2,8,20,0
85,2,1,24,1
42,0,9,66,1
9,3,10,159,1
62,1,10,122,1
47,3,10,139,1
66,3,10,133,1
67,1,10,103,1
9,1,10,124,1
47,1,10,125,1
9,1,10,128,1
37,1,11,131,0
81,2,4,36,1
47,1,10,126,1
47,1,10,100,1
67,3,10,144,1
23,3,7,180,1
101,2,9,32,0
42,0,9,71,1
91,4,5,55,1
66,3,10,178,1
68,3,10,151,1
2,1,10,120,1
61,4,1,50,1
9,0,10,62,1
42,4,9,49,1
67,2,10,31,1
54,3,1,132,1
47,0,10,67,1
47,1,10,107,1
67,0,10,71,1
40,1,7,96,1
66,1,10,113,1
63,2,8,20,0
66,1,10,117,1
47,3,10,90,1
15,2,0,33,0
23,3,7,157,1
47,4,10,49,1
105,2,7,22,1
9,3,10,148,1
47,3,10,154,1
9,1,10,106,1
66,3,10,88,1
28,1,9,104,0
66,3,10,154,1
47,1,10,94,1
66,3,10,174,1
57,2,6,25,0
66,1,10,118,1
66,3,10,163,1
75,1,9,113,0
47,3,10,144,1
90,3,5,141,1
63,2,8,13,0
69,3,10,150,1
47,1,10,97,1
42,0,9,79,1
109,1,1,125,1
67,2,10,23,1
47,1,10,130,1
9,3,10,144,1
99,1,5,100,1
66,0,10,70,1
66,1,10,102,1
79,1,3,131,1
66,0,10,75,1
68,3,10,140,1
63,2,8,20,0
66,2,10,28,1
37,2,11,8,0
23,2,7,24,1
40,1,7,123,0
66,3,10,165,1
18,4,6,58,0
58,4,7,56,1
75,0,9,71,1
4,2,6,22,1
38,1,9,108,1
47,2,10,22,1
47,3,10,152,1
63,3,8,158,0
47,1,10,114,1
47,2,10,30,1
72,1,5,103,0
66,3,10,136,1
9,3,10,144,1
42,3,9,91,1
61,2,1,22,1
109,3,1,153,0
62,0,10,69,1
51,2,4,22,1
2,1,10,130,1
9,3,10,154,1
101,2,9,24,0
42,3,9,90,1
47,1,10,99,1
47,1,10,99,1
34,2,9,29,0
66,3,10,144,1
42,2,9,29,1
47,1,10,103,1
47,0,10,61,1
67,3,10,144,1
42,3,9,149,1
42,0,9,61,1
47,1,10,121,1
15,0,0,82,0
47,1,10,110,1
15,1,0,112,1
66,0,10,69,1
47,3,10,146,1
9,1,10,99,1
54,1,1,114,1
8,2,10,2,1
35,2,4,19,0
56,2,11,14,0
66,3,10,179,1
66,3,10,136,1
47,1,10,118,1
9,3,10,144,1
45,1,7,112,1
66,2,10,30,1
22,3,7,154,1
9,1,10,102,1
34,2,9,26,0
91,3,5,144,1
105,2,7,22,1
42,0,9,76,1
66,3,10,161,1
66,2,10,28,1
47,2,10,43,1
62,2,10,11,1
101,1,9,105,0
63,2,8,20,0
2,1,10,130,1
42,0,9,77,1
67,4,10,53,1
42,2,9,28,1
9,3,10,136,1
47,4,10,58,1
91,3,5,85,1
66,3,10,138,1
42,1,9,118,1
47,3,10,91,1
47,3,10,144,1
61,2,1,7,1
47,1,10,121,1
109,3,1,150,1
91,4,5,55,1
47,3,10,146,1
99,0,5,69,1
42,1,9,124,1
9,3,10,164,1
9,0,10,70,1
47,1,10,97,1
28,3,9,178,1
66,2,10,37,1
68,4,10,48,1
42,0,9,66,1
107,3,9,151,1
66,1,10,105,1
2,2,10,13,1
107,0,9,63,1
42,0,9,60,1
47,1,10,100,1
74,1,9,120,0
17,0,9,70,1
56,3,11,172,0
42,1,9,98,1
62,2,10,2,1
42,2,9,72,1
42,1,9,129,1
76,2,10,13,1
35,0,4,68,0
42,2,9,23,1
58,1,7,117,1
67,2,10,31,1
23,1,7,112,1
47,2,10,0,1
91,3,5,154,1
9,0,10,66,1
9,3,10,164,1
22,0,7,65,1
47,3,10,163,1
42,2,9,29,1
101,0,9,77,0
57,1,6,114,0
66,1,10,124,1
66,3,10,147,1
69,4,10,59,1
2,1,10,130,1
33,2,10,9,1
75,0,9,68,1
42,0,9,60,1
66,3,10,147,1
12,3,3,150,0
86,1,5,113,0
47,0,10,76,1
66,1,10,106,1
47,3,10,148,1
62,2,10,28,1
47,1,10,118,1
2,3,10,154,1
42,2,9,10,1
99,1,5,111,1
47,3,10,154,1
47,0,10,65,1
58,0,7,74,1
47,3,10,161,1
107,0,9,65,1
67,1,10,123,1
34,0,9,67,1
47,3,10,87,1
18,3,6,164,0
33,2,2,9,1
66,1,10,129,1
66,0,10,67,1
0,2,9,26,0
66,1,10,119,1
42,2,9,28,1
4,1,6,96,1
74,0,9,76,0
18,0,6,77,1
81,3,4,163,1
66,2,10,31,1
42,0,9,76,1
66,0,10,64,1
69,4,10,56,1
47,1,10,101,1
45,3,7,133,0
74,0,9,65,0
47,3,10,154,1
107,0,9,64,0
47,2,10,22,1
107,1,9,118,1
47,3,10,173,1
66,0,10,66,1
47,1,10,94,1
67,2,10,20,1
47,0,10,70,1
42,2,9,24,1
46,0,10,78,1
60,1,6,109,0
47,1,10,109,1
9,3,10,147,1
109,1,1,112,1
47,3,10,148,1
66,4,10,53,1
35,1,4,99,0
66,3,10,89,1
42,1,9,118,1
67,2,10,31,1
47,3,10,164,1
42,4,9,51,1
2,4,10,48,1
40,1,7,96,1
67,2,10,14,1
47,3,10,136,1
66,3,10,147,1
66,3,10,156,1
42,0,9,76,1
66,2,10,22,1
75,1,9,123,1
62,0,10,67,1
22,1,7,100,1
66,0,10,65,1
63,2,8,20,0
62,2,10,3,1
38,3,9,151,0
42,2,9,10,1
15,3,0,175,1
81,1,4,107,1
42,1,9,105,1
109,1,1,98,1
66,0,10,76,1
60,2,6,22,0
63,2,8,20,0
47,3,10,89,1
2,3,10,169,1
2,1,10,130,1
9,1,10,115,1
42,1,9,129,1
47,1,10,97,1
62,2,10,1,1
9,3,10,92,1
101,1,9,94,0
26,3,10,142,1
9,0,10,62,1
47,4,10,58,1
85,1,1,97,1
47,2,10,10,1
91,0,5,71,1
47,1,10,126,1
39,0,3,61,1
42,0,9,81,1
101,3,9,157,1
47,1,10,115,1
47,1,10,101,1
107,2,9,16,1
9,3,10,144,1
22,0,7,72,1
47,3,10,154,1
47,0,10,75,1
35,2,4,27,0
9,3,10,151,1
47,3,10,150,1
42,1,9,124,1
66,1,10,102,1
9,3,10,144,1
42,1,9,101,1
42,0,9,65,1
59,2,4,22,0
66,1,10,117,1
66,1,10,121,1
39,3,3,150,0
99,0,5,65,1
2,3,10,163,1
47,3,10,171,1
47,0,10,65,1
47,3,10,175,1
9,1,10,100,1
9,3,10,178,1
68,0,10,71,1
9,1,10,125,1
62,3,10,135,1
9,0,10,62,1
42,3,9,92,1
66,2,10,26,1
47,1,10,130,1
66,0,10,67,1
47,2,10,22,1
72,2,5,28,1
47,1,10,110,1
9,3,10,179,1
47,0,10,69,1
47,2,10,4,1
68,3,10,178,1
101,1,9,118,1
76,2,10,19,1
42,1,9,111,1
42,2,9,20,1
42,1,9,127,1
47,0,10,80,1
8,2,10,2,1
42,0,9,65,1
62,0,10,62,1
31,1,3,111,0
9,3,10,89,1
47,0,10,64,1
66,0,10,65,1
5,2,10,9,1
62,1,10,103,1
47,0,10,80,1
66,3,10,177,1
9,1,10,112,1
105,1,7,94,1
45,0,7,76,1
47,1,10,130,1
9,1,10,102,1
47,3,10,165,1
74,0,9,65,1
3,2,1,31,1
47,0,10,72,1
66,2,10,34,1
66,1,10,107,1
62,1,10,129,1
62,2,10,22,1
34,1,9,99,0
66,3,10,141,1
74,1,9,98,0
42,0,9,71,1
42,1,9,105,1
47,1,10,99,1
62,1,10,103,1
71,3,7,147,1
107,1,9,129,1
47,1,10,112,1
66,3,10,178,1
66,0,10,81,1
69,2,10,16,1
47,1,10,115,1
45,2,7,9,1
66,1,10,97,1
42,0,9,68,1
47,0,10,71,1
42,0,9,76,1
42,2,9,27,1
47,1,10,101,1
31,0,3,61,0
9,1,10,130,1
66,3,10,176,1
47,3,10,144,1
42,2,9,23,1
90,2,5,47,1
35,2,4,1,0
47,3,10,144,1
9,4,10,55,1
9,3,10,147,1
66,3,10,174,1
62,2,10,3,1
8,2,10,2,1
47,3,10,88,1
47,2,10,37,1
9,3,10,144,1
47,1,10,105,1
47,3,10,146,1
69,2,10,16,1
15,2,0,26,0
47,3,10,154,1
66,1,10,101,1
9,3,10,144,1
47,3,10,163,1
47,3,10,147,1
39,1,3,101,0
8,2,10,2,1
26,3,10,173,1
31,1,3,101,0
28,3,9,171,1
62,0,10,66,1
61,1,1,117,1
66,1,10,104,1
67,2,10,1,1
66,2,10,26,1
42,0,9,82,1
62,1,10,103,1
66,1,10,108,1
69,2,10,16,1
66,2,10,28,1
85,3,1,173,1
66,1,10,101,1
90,2,5,11,1
99,1,5,99,1
47,1,10,128,1
31,2,3,8,0
47,1,10,118,1
3,3,1,142,1
47,3,10,141,1
47,0,10,70,1
31,0,3,67,1
74,0,9,69,1
57,0,6,64,1
67,1,10,128,1
42,0,9,66,1
42,2,9,31,1
66,2,10,22,1
76,0,10,60,1
66,4,10,56,1
47,0,10,78,1
67,2,10,41,1
66,3,10,173,1
47,1,10,94,1
42,0,9,71,1
81,2,4,25,1
66,2,10,36,1
9,1,10,120,1
23,0,7,71,1
63,2,8,20,0
90,3,5,153,1
47,1,10,130,1
42,1,9,95,1
42,2,9,36,1
47,3,10,145,1
9,3,10,134,1
66,0,10,66,1
66,1,10,94,1
47,0,10,72,1
66,3,10,148,1
15,2,0,43,0
42,1,9,102,1
42,2,9,30,1
40,1,7,107,1
62,3,10,148,1
63,2,8,20,0
66,0,10,66,1
42,3,9,176,1
60,1,6,117,0
2,1,10,130,1
56,2,11,9,0
2,4,10,51,1
101,2,9,36,0
66,0,10,69,1
47,1,10,96,1
42,1,9,124,1
109,1,1,121,0
66,1,10,115,1
101,1,9,108,1
66,1,10,105,1
31,2,3,7,0
63,2,8,20,0
47,3,10,88,1
101,0,9,77,1
46,4,10,48,1
9,1,10,101,1
2,4,10,56,1
66,2,10,26,1
62,1,10,98,1
101,3,9,167,1
2,3,10,140,1
61,1,1,108,1
66,0,10,72,1
66,1,10,101,1
74,0,9,63,1
66,3,10,132,1
47,2,10,22,1
66,1,10,113,1
75,2,9,31,0
66,2,10,26,1
47,1,10,99,1
9,1,10,99,1
42,2,9,72,1
34,1,9,105,0
8,2,10,2,1
33,1,10,103,1
42,0,9,81,1
66,0,10,61,1
23,3,7,144,1
47,1,10,112,1
63,2,8,13,0
47,2,10,16,1
38,1,9,105,0
85,1,1,113,1
62,3,10,88,1
28,3,9,173,0
66,0,10,71,1
18,3,6,140,0
66,4,10,51,1
28,0,9,63,1
23,2,7,13,1
66,2,10,0,1
47,3,10,133,1
66,0,10,66,1
47,3,10,88,1
62,2,10,1,1
47,2,10,39,1
66,2,10,1,1
47,3,10,176,1
66,1,10,94,1
66,2,10,23,1
2,1,10,110,1
78,3,3,164,0
47,1,10,115,1
47,1,10,125,1
46,1,10,115,1
42,0,9,64,1
23,1,7,103,1
66,3,10,135,1
42,0,9,67,1
47,3,10,151,1
9,1,10,104,1
67,2,10,14,1
47,0,10,61,1
59,1,4,94,0
66,3,10,147,1
40,4,10,59,1
47,3,10,151,1
39,1,3,96,0
85,3,1,166,1
62,1,10,103,1
58,3,7,150,1
101,1,9,123,0
9,3,10,144,1
66,1,10,100,1
62,2,10,30,1
75,2,9,31,0
47,0,10,68,1
66,1,10,120,1
9,3,10,173,1
9,1,10,127,1
3,3,1,142,1
9,1,10,100,1
47,1,10,115,1
47,2,10,20,1
2,3,10,159,1
47,0,10,81,1
62,1,10,103,1
9,3,10,152,1
33,2,10,25,1
47,0,10,76,1
46,1,10,106,1
47,0,10,61,1
42,2,9,72,1
99,1,5,127,1
66,0,10,68,1
42,1,9,111,1
9,1,10,115,1
47,1,10,128,1
42,2,9,29,1
74,3,9,173,0
2,3,10,152,1
60,2,6,9,0
107,0,9,66,1
61,1,1,117,1
8,2,10,2,1
62,2,10,13,1
63,2,8,46,0
9,2,10,27,1
9,1,10,130,1
63,2,8,13,0
22,1,7,102,1
42,2,9,29,1
66,2,10,9,1
5,3,10,150,1
81,2,4,29,0
42,2,9,28,1
72,1,5,111,0
42,1,9,101,1
62,1,10,112,1
9,1,10,96,1
47,1,10,115,1
17,0,9,78,1
66,3,10,174,1
68,1,10,99,1
47,2,10,29,1
2,3,10,161,1
40,1,7,123,1
66,0,10,68,1
3,4,1,58,1
105,2,7,45,1
58,2,7,12,0
35,1,4,94,0
40,1,7,96,0
66,3,10,144,1
35,1,4,95,0
90,0,5,62,1
3,3,1,142,1
68,2,10,11,1
47,3,10,148,1
66,3,10,133,1
91,1,5,114,0
42,1,9,118,1
42,2,9,28,1
47,3,10,140,1
62,2,10,7,1
42,0,9,79,1
47,1,10,96,1
90,1,5,116,0
12,3,3,136,1
42,1,9,112,1
60,3,6,156,0
47,1,10,115,1
66,1,10,121,1
40,1,7,96,0
66,2,10,23,1
9,1,10,130,1
66,0,10,65,1
66,2,10,2,1
63,2,8,13,0
47,1,10,125,1
47,3,10,175,1
67,2,10,16,1
28,0,9,68,1
37,2,11,13,0
85,0,1,75,1
47,0,10,72,1
2,3,10,141,1
66,0,10,65,1
47,3,10,141,1
2,1,10,130,1
66,1,10,112,1
40,1,7,114,1
9,0,10,76,1
47,1,10,96,1
47,1,10,121,1
9,4,10,53,1
66,2,10,29,1
58,1,7,114,1
9,1,10,129,1
35,3,4,137,0
101,2,9,21,0
42,2,9,28,1
42,3,9,148,1
47,3,10,165,1
66,1,10,128,1
47,3,10,175,1
42,2,9,33,1
47,3,10,153,1
66,4,10,53,1
24,1,10,102,1
66,1,10,131,1
9,1,10,108,1
101,1,9,114,0
9,3,10,141,1
45,3,7,173,1
9,1,10,96,1
2,2,10,22,1
47,0,10,74,1
63,2,8,20,0
107,2,9,22,0
2,4,10,51,1
66,3,10,164,1
45,0,7,70,1
61,1,1,101,1
69,2,10,28,1
68,2,10,7,1
9,4,10,59,1
74,0,9,71,0
17,2,9,7,0
66,2,10,21,1
63,2,8,13,0
42,3,9,154,1
8,2,10,2,1
47,3,10,88,1
42,1,9,110,1
47,3,10,135,1
9,0,10,68,1
40,1,7,96,0
66,0,10,81,1
83,1,9,109,0
42,3,9,139,1
67,1,10,128,1
66,0,10,65,1
46,3,10,175,1
63,2,8,20,0
42,2,9,30,1
66,0,10,65,1
42,2,9,37,1
66,2,10,29,1
47,2,10,20,1
66,2,10,2,1
61,2,1,8,1
67,2,10,27,1
66,3,10,176,1
76,4,10,56,1
47,3,10,176,1
47,0,10,64,1
47,0,10,62,1
47,3,10,136,1
42,3,9,176,1
66,3,10,140,1
47,2,10,28,1
66,2,10,28,1
67,1,10,99,1
42,0,9,63,1
62,2,10,3,1
66,2,10,23,1
47,3,10,135,1
9,4,10,52,1
42,2,9,26,1
42,1,9,106,1
9,1,10,121,1
42,1,9,117,1
9,3,10,147,1
36,2,4,1,1
47,3,10,141,1
67,3,10,147,1
42,2,9,37,1
66,3,10,178,1
81,2,4,32,1
47,2,10,27,1
57,0,6,64,0
66,2,10,3,1
9,3,10,164,1
45,3,7,177,1
81,2,4,25,1
66,0,10,69,1
42,0,9,66,1
46,1,10,121,1
75,2,9,26,0
107,1,9,103,0
9,0,10,70,1
47,2,10,16,1
23,3,7,151,1
101,0,9,77,0
45,0,7,61,1
66,1,10,99,1
63,2,8,20,0
47,3,10,144,1
66,3,10,174,1
42,3,9,147,1
75,2,9,26,0
47,3,10,151,1
66,1,10,106,1
66,1,10,104,1
42,0,9,66,1
66,2,10,29,1
47,1,10,119,1
42,0,9,72,1
101,4,9,55,0
42,2,9,28,1
66,1,10,117,1
60,0,6,77,0
9,1,10,121,1
66,3,10,134,1
47,3,10,164,1
9,1,10,119,1
9,3,10,170,1
47,1,10,115,1
42,1,9,110,1
66,3,10,133,1
66,0,10,68,1
32,1,3,96,0
57,1,6,105,0
17,2,9,24,0
47,1,10,120,1
26,3,10,142,1
42,2,9,28,1
18,3,6,141,0
9,3,10,133,1
39,0,3,66,0
9,0,10,67,1
47,1,10,106,1
63,2,8,46,0
9,3,10,148,1
61,1,1,104,1
9,1,10,99,1
9,3,10,141,1
66,1,10,110,1
105,1,7,94,1
2,3,10,176,1
2,1,10,120,1
2,1,10,120,1
42,2,9,30,1
82,3,6,140,0
66,1,10,113,1
63,2,8,20,0
62,1,10,95,1
47,3,10,148,1
105,2,7,22,1
42,3,9,181,1
26,3,10,173,1
67,2,10,36,1
9,1,10,105,1
47,3,10,140,1
66,1,10,119,1
66,2,10,0,1
66,3,10,152,1
40,1,7,110,1
47,1,10,112,1
67,0,10,61,1
47,3,10,152,1
63,2,8,20,0
69,2,10,26,1
63,3,8,158,0
47,3,10,152,1
63,2,8,43,0
47,1,10,100,1
62,1,10,114,1
96,2,11,42,0
42,0,9,82,1
101,0,9,63,0
42,0,9,81,1
109,0,1,75,1
47,3,10,181,1
47,2,10,46,1
92,3,5,181,1
42,0,9,76,1
42,1,9,118,1
66,1,10,124,1
42,0,9,72,1
9,1,10,95,1
42,3,9,181,1
47,3,10,140,1
47,1,10,118,1
66,1,10,118,1
67,2,10,23,1
26,2,10,9,1
47,1,10,123,1
59,2,4,22,0
68,1,10,103,1
75,1,9,124,0
90,4,5,59,1
31,2,3,13,0
67,2,10,30,1
66,0,10,69,1
109,1,1,119,1
68,3,10,176,1
2,1,10,130,1
47,2,10,33,1
47,1,10,99,1
42,0,9,81,1
66,0,10,70,1
62,2,10,24,1
47,3,10,147,1
42,2,9,29,1
9,1,10,96,1
42,0,9,77,1
47,1,10,125,1
42,3,9,151,1
47,1,10,115,1
12,1,3,110,0
23,4,7,59,1
42,0,9,72,1
17,1,9,98,1
42,0,9,69,1
47,3,10,154,1
86,3,5,154,0
54,0,1,77,1
67,2,10,32,1
38,0,9,71,0
22,3,7,176,1
67,1,10,110,1
66,1,10,104,1
12,3,3,163,0
9,1,10,96,1
47,3,10,132,1
9,1,10,125,1
42,0,9,61,1
20,3,7,166,1
9,3,10,149,1
66,3,10,177,1
66,3,10,178,1
47,3,10,87,1
47,1,10,118,1
23,0,7,70,1
47,1,10,112,1
62,3,10,150,1
42,3,9,181,1
40,3,10,148,1
66,4,10,53,1
42,0,9,70,1
9,1,10,115,1
2,3,10,140,1
9,3,10,133,1
101,1,9,98,1
109,3,1,165,1
4,2,6,1,1
42,1,9,104,1
66,3,10,136,1
66,3,10,163,1
66,1,10,120,1
40,1,7,123,0
45,1,7,95,1
3,2,1,16,1
66,1,10,104,1
23,4,7,59,1
42,0,9,66,1
47,1,10,121,1
63,2,8,13,0
66,0,10,61,1
8,2,10,2,1
42,0,9,71,1
47,3,10,177,1
63,2,8,46,0
66,0,10,70,1
47,1,10,94,1
47,1,10,123,1
66,0,10,81,1
9,0,10,61,1
67,1,10,129,1
42,1,9,129,1
109,3,1,173,1
75,2,9,22,0
61,2,1,29,0
66,0,10,81,1
42,3,9,161,1
42,0,9,62,1
8,2,10,2,1
9,3,10,144,1
81,2,4,20,1
9,3,10,132,1
9,0,10,78,1
9,1,10,105,1
47,1,10,101,1
42,2,9,21,1
9,1,10,112,1
45,1,7,124,1
66,3,10,150,1
63,2,8,20,0
47,1,10,109,1
66,3,10,87,1
3,1,1,129,0
58,3,7,176,0
47,1,10,130,1
54,1,1,108,1
47,1,10,94,1
23,2,7,24,1
107,2,9,27,0
47,3,10,163,1
47,3,10,136,1
68,0,10,65,1
66,1,10,117,1
71,1,7,126,1
12,1,3,106,0
47,3,10,165,1
47,2,10,47,1
42,2,9,27,1
42,3,9,150,1
9,1,10,95,1
47,0,10,77,1
62,3,10,151,1
61,1,1,128,1
47,3,10,176,1
62,1,10,107,1
66,1,10,99,1
63,2,8,13,0
47,1,10,106,1
62,1,10,120,1
47,3,10,163,1
47,3,10,91,1
83,1,9,113,0
47,3,10,147,1
61,3,1,92,0
47,1,10,101,1
66,0,10,64,1
66,1,10,104,1
12,0,3,77,0
62,2,10,7,1
47,1,10,111,1
67,1,10,106,1
67,2,10,27,1
47,3,10,163,1
0,0,9,65,0
66,2,10,23,1
90,4,5,55,1
9,1,10,97,1
3,2,1,23,1
47,2,10,36,1
66,2,10,7,1
42,2,9,30,1
42,2,9,1,1
66,0,10,65,1
47,1,10,123,1
12,3,3,170,0
17,1,9,103,0
66,1,10,94,1
63,2,8,13,0
63,2,8,20,0
60,3,6,87,0
47,3,10,148,1
42,2,9,37,1
67,1,10,118,1
2,0,10,75,1
47,1,10,108,1
42,2,9,31,1
80,2,7,43,1
63,2,8,20,0
9,3,10,133,1
66,3,10,176,1
42,0,9,61,1
66,3,10,92,1
47,0,10,83,1
42,0,9,61,1
47,1,10,108,1
75,0,9,76,1
9,1,10,130,1
58,3,7,157,1
67,2,10,13,1
42,2,9,24,1
66,1,10,113,1
71,1,7,112,1
67,0,10,66,1
85,3,1,174,1
89,3,3,151,0
47,0,10,76,1
42,1,9,102,1
88,2,4,9,0
66,2,10,24,1
42,0,9,65,1
56,2,11,16,0
66,3,10,176,1
66,3,10,150,1
47,3,10,143,1
66,3,10,136,1
42,3,9,168,1
9,1,10,101,1
66,2,10,30,1
62,0,10,70,1
47,1,10,120,1
58,4,7,56,1
66,3,10,174,1
67,2,10,27,1
5,3,10,132,1
47,1,10,100,1
47,3,10,162,1
23,2,7,22,1
28,1,9,108,1
17,2,9,27,1
40,1,7,96,0
42,0,9,66,1
66,1,10,118,1
66,3,10,165,1
42,0,9,66,1
66,4,10,51,1
42,3,9,133,1
109,3,1,178,1
47,1,10,126,1
2,1,10,130,1
66,1,10,113,1
47,2,10,2,1
91,2,5,37,1
9,1,10,130,1
109,2,1,9,1
47,1,10,102,1
90,3,5,150,1
42,0,9,69,1
47,0,10,76,1
9,3,10,148,1
66,3,10,179,1
12,3,3,165,0
37,1,11,103,0
33,2,10,13,1
42,1,9,108,1
47,3,10,141,1
9,1,10,112,1
9,1,10,111,1
9,1,10,120,1
66,3,10,173,1
81,1,4,95,0
62,3,10,89,1
42,0,9,68,1
66,0,10,69,1
46,1,10,125,1
47,3,10,134,1
23,0,7,72,1
66,1,10,96,1
47,1,10,123,1
2,3,10,159,1
47,3,10,144,1
63,2,8,13,0
42,1,9,99,1
62,3,10,147,1
42,1,9,131,1
61,2,1,27,1
66,0,10,82,1
47,1,10,119,1
9,0,10,76,1
62,2,10,2,1
9,3,10,148,1
66,3,10,176,1
9,3,10,88,1
8,2,10,2,1
89,1,3,131,1
66,1,10,100,1
68,3,10,159,1
67,0,10,66,1
99,3,5,91,1
22,0,7,84,1
42,0,9,77,1
47,1,10,125,1
67,2,10,31,1
9,0,10,62,1
47,1,10,126,1
42,1,9,118,1
66,3,10,176,1
66,0,10,77,1
47,3,10,137,1
68,1,10,130,1
58,1,7,99,1
66,1,10,104,1
47,3,10,135,1
47,3,10,92,1
5,3,10,145,1
47,1,10,106,1
42,2,9,1,1
62,3,10,148,1
42,0,9,65,1
65,1,10,96,1
47,3,10,154,1
47,1,10,96,1
42,1,9,118,1
81,1,4,98,1
23,1,7,103,1
66,4,10,54,1
47,3,10,178,1
47,1,10,120,1
33,1,2,103,0
2,3,10,175,1
66,1,10,102,1
16,1,5,101,0
47,1,10,110,1
62,2,10,24,1
66,2,10,36,1
42,0,9,77,1
62,1,10,131,1
9,1,10,130,1
22,0,7,62,1
69,3,10,150,1
33,1,10,118,1
9,2,10,1,1
42,2,9,2,1
35,4,4,50,0
101,1,9,117,1
66,0,10,70,1
63,3,8,158,0
66,0,10,65,1
107,4,9,50,0
66,1,10,112,1
47,3,10,92,1
66,0,10,61,1
62,1,10,113,1
26,3,10,142,1
42,0,9,76,1
9,3,10,144,1
58,1,7,94,1
42,1,9,104,1
66,2,10,24,1
71,1,7,96,1
101,2,9,27,0
46,0,10,76,1
62,1,10,121,1
68,2,10,16,1
69,2,10,16,1
47,3,10,87,1
2,0,10,79,1
42,2,9,30,1
47,3,10,162,1
42,1,9,115,1
23,1,7,108,1
47,1,10,126,1
47,3,10,148,1
42,2,9,22,1
47,4,10,59,1
47,0,10,62,1
66,2,10,31,1
42,3,9,168,1
67,2,10,28,1
60,1,6,117,0
2,3,10,151,1
66,3,10,164,1
66,2,10,26,1
40,1,7,96,0
66,1,10,131,1
42,2,9,29,1
80,1,7,117,1
66,1,10,95,1
39,3,3,88,0
42,0,9,81,1
66,1,10,110,1
42,1,9,111,1
47,0,10,72,1
42,0,9,65,1
9,1,10,100,1
42,2,9,32,1
47,1,10,128,1
47,1,10,94,1
90,0,5,69,1
8,2,10,2,1
42,0,9,67,1
47,0,10,76,1
61,3,1,156,0
66,0,10,63,1
66,0,10,65,1
62,3,10,147,1
42,1,9,126,1
66,0,10,62,1
101,0,9,77,0
47,3,10,154,1
47,1,10,126,1
9,1,10,128,1
47,3,10,89,1
47,3,10,154,1
47,2,10,8,1
66,3,10,178,1
66,1,10,128,1
66,1,10,113,1
47,3,10,87,1
46,1,10,128,1
8,2,10,2,1
54,2,1,25,1
75,1,9,118,1
23,2,7,29,1
71,3,7,145,1
9,1,10,96,1
62,3,10,88,1
42,0,9,76,1
66,2,10,34,1
47,2,10,28,1
109,0,1,61,1
15,0,0,82,0
9,3,10,140,1
2,4,10,57,1
47,1,10,94,1
42,0,9,66,1
66,2,10,36,1
75,0,9,71,0
46,3,10,173,1
66,2,10,37,1
42,3,9,133,1
58,3,7,90,1
109,3,1,163,0
42,0,9,61,1
66,1,10,96,1
47,1,10,115,1
42,0,9,77,1
47,1,10,114,1
66,3,10,164,1
67,2,10,23,1
62,0,10,66,1
85,4,1,50,1
62,0,10,61,1
22,3,7,152,1
47,1,10,109,1
47,1,10,126,1
68,2,10,16,1
62,1,10,125,1
9,3,10,141,1
22,3,7,160,1
34,1,9,109,0
47,3,10,154,1
47,3,10,175,1
47,1,10,125,1
66,3,10,177,1
42,0,9,71,1
5,2,10,32,1
20,1,7,106,1
66,3,10,150,1
34,0,9,78,1
29,0,9,77,0
66,1,10,98,1
66,0,10,67,1
109,1,1,126,1
69,3,10,150,1
23,4,7,56,1
75,1,9,120,1
67,3,10,151,1
22,4,7,59,1
47,0,10,61,1
42,0,9,64,1
34,1,9,108,1
81,0,4,62,1
67,2,10,13,1
66,1,10,99,1
66,0,10,82,1
12,3,3,165,0
66,2,10,22,1
9,3,10,176,1
67,2,10,13,1
2,3,10,158,1
9,0,10,71,1
9,1,10,126,1
47,0,10,64,1
42,1,9,98,1
42,1,9,120,1
66,0,10,69,1
75,0,9,75,0
47,1,10,95,1
61,1,1,115,1
2,1,10,120,1
66,3,10,163,1
47,3,10,167,1
33,2,10,33,1
2,1,10,115,1
9,1,10,127,1
66,4,10,59,1
47,1,10,96,1
2,1,10,130,1
94,3,5,143,0
101,1,9,102,0
47,3,10,93,1
39,0,3,76,1
63,2,8,20,0
66,4,10,59,1
42,0,9,77,1
67,2,10,23,1
8,2,10,2,1
39,2,3,28,1
47,1,10,99,1
8,2,10,2,1
9,1,10,106,1
75,0,9,60,0
47,3,10,148,1
2,1,10,130,1
58,3,7,156,1
46,3,10,134,1
66,1,10,112,1
42,1,9,118,1
47,0,10,72,1
46,1,10,128,1
63,2,8,13,0
46,3,10,153,1
47,3,10,175,1
61,3,1,163,0
47,3,10,163,1
47,1,10,99,1
66,0,10,72,1
67,4,10,48,1
47,1,10,102,1
66,0,10,77,1
63,2,8,20,0
101,2,9,11,0
38,1,9,117,0
60,2,6,22,0
9,1,10,115,1
81,1,4,123,1
33,2,2,9,1
47,2,10,2,1
42,1,9,129,1
69,1,10,118,1
23,4,7,59,1
40,1,7,123,0
65,0,10,70,1
42,1,9,96,1
9,3,10,144,1
101,1,9,120,1
9,3,10,148,1
66,1,10,101,1
34,1,9,111,1
66,1,10,122,1
66,0,10,66,1
107,1,9,99,0
69,2,10,13,1
47,1,10,115,1
42,0,9,77,1
45,1,7,125,1
42,0,9,76,1
47,2,10,35,1
67,0,10,81,1
42,0,9,72,1
47,0,10,70,1
67,1,10,128,1
33,2,10,44,1
46,1,10,101,1
47,1,10,125,1
9,1,10,124,1
38,2,9,30,1
95,1,7,109,1
66,0,10,76,1
67,2,10,13,1
17,1,9,125,1
22,0,7,81,1
42,2,9,23,1
9,3,10,149,1
47,1,10,108,1
47,1,10,129,1
42,2,9,31,1
9,1,10,111,1
107,0,9,76,1
9,1,10,125,1
42,2,9,29,1
66,2,10,26,1
42,0,9,67,1
42,0,9,64,1
40,1,7,110,1
9,1,10,104,1
47,2,10,21,1
75,1,9,102,0
47,2,10,28,1
31,1,3,118,0
38,3,9,173,1
47,4,10,48,1
9,0,10,63,1
9,3,10,142,1
66,1,10,127,1
57,1,6,113,0
47,1,10,118,1
47,0,10,71,1
68,4,10,56,1
47,1,10,128,1
62,3,10,182,1
62,2,10,21,1
40,1,7,126,0
42,0,9,66,1
66,1,10,97,1
23,2,7,27,1
20,2,7,36,0
66,1,10,99,1
47,1,10,99,1
74,4,9,51,1
47,3,10,144,1
47,1,10,117,1
101,0,9,61,1
68,3,10,140,1
2,2,10,40,1
107,3,9,173,0
9,0,10,71,1
9,3,10,148,1
22,1,7,103,1
42,0,9,62,1
42,1,9,118,1
42,0,9,68,1
66,1,10,120,1
47,1,10,114,1
61,1,1,94,1
9,3,10,147,1
9,3,10,89,1
47,1,10,101,1
47,1,10,110,1
9,3,10,161,1
9,1,10,123,1
83,1,9,120,0
42,1,9,99,1
66,3,10,135,1
66,0,10,69,1
47,1,10,94,1
9,1,10,96,1
47,1,10,131,1
67,0,10,61,1
67,2,10,9,1
42,2,9,28,1
67,0,10,70,1
42,1,9,96,1
47,3,10,177,1
42,3,9,176,1
22,1,7,118,1
47,3,10,154,1
63,3,8,158,0
8,2,10,2,1
74,1,9,109,0
47,1,10,106,1
4,3,6,173,1
42,2,9,22,1
66,0,10,61,1
34,1,9,118,0
9,3,10,135,1
0,1,9,99,1
47,3,10,165,1
9,3,10,148,1
47,1,10,94,1
107,1,9,105,1
66,3,10,157,1
47,1,10,115,1
42,2,9,31,1
9,3,10,144,1
42,0,9,61,1
47,2,10,37,1
3,1,1,126,0
40,1,7,123,0
47,3,10,170,1
66,1,10,106,1
63,2,8,20,0
109,0,1,61,1
66,0,10,76,1
92,3,5,165,1
96,2,11,9,0
62,1,10,102,1
42,3,9,90,1
66,1,10,100,1
47,3,10,154,1
47,0,10,79,1
66,3,10,164,1
90,3,5,152,1
66,3,10,149,1
47,0,10,67,1
47,0,10,62,1
28,3,9,166,1
109,3,1,134,1
66,1,10,95,1
66,1,10,100,1
66,0,10,75,1
26,3,10,142,1
69,2,10,16,1
62,1,10,120,1
42,2,9,10,1
47,1,10,94,1
39,3,3,154,0
47,0,10,70,1
47,0,10,61,1
46,1,10,106,1
42,0,9,76,1
42,0,9,77,1
9,3,10,148,1
9,1,10,110,1
47,2,10,2,1
47,0,10,72,1
68,2,10,12,1
66,0,10,61,1
99,1,5,109,1
42,0,9,75,1
66,1,10,99,1
47,1,10,94,1
9,0,10,71,1
75,1,9,113,0
66,2,10,24,1
61,2,1,32,1
9,3,10,91,1
9,1,10,118,1
47,1,10,109,1
42,0,9,77,1
2,1,10,130,1
66,3,10,92,1
88,2,4,28,0
47,3,10,140,1
58,1,7,128,1
66,1,10,104,1
47,4,10,56,1
67,1,10,123,1
101,1,9,102,0
62,2,10,11,1
42,0,9,69,1
66,1,10,113,1
58,3,7,152,1
42,0,9,64,1
47,1,10,119,1
66,3,10,165,1
62,3,10,148,1
45,2,7,21,1
47,3,10,152,1
75,0,9,65,1
26,3,10,142,1
42,2,9,26,1
67,2,10,23,1
42,2,9,19,1
56,2,11,32,0
65,1,10,94,1
47,1,10,106,1
66,0,10,72,1
47,1,10,112,1
9,3,10,178,1
42,2,9,37,1
105,2,7,22,1
17,2,9,8,0
47,2,10,2,1
66,3,10,147,1
66,2,10,27,1
47,1,10,96,1
101,1,9,108,1
62,3,10,148,1
47,3,10,163,1
63,2,8,20,0
66,0,10,75,1
66,2,10,29,1
67,2,10,40,1
47,3,10,148,1
66,0,10,65,1
33,2,10,0,1
66,2,10,28,1
42,2,9,28,1
42,3,9,136,1
47,1,10,109,1
42,3,9,154,1
47,1,10,94,1
47,3,10,147,1
47,1,10,115,1
17,4,9,51,1
61,0,1,73,0
66,0,10,65,1
47,0,10,76,1
66,2,10,28,1
47,0,10,81,1
66,0,10,67,1
66,1,10,94,1
42,0,9,61,1
61,1,1,125,1
60,1,6,107,0
81,1,4,104,1
66,2,10,26,1
9,3,10,152,1
9,1,10,102,1
9,1,10,100,1
47,4,10,59,1
47,1,10,111,1
47,3,10,154,1
61,1,1,114,1
66,0,10,72,1
66,0,10,68,1
38,1,9,118,1
2,4,10,56,1
46,1,10,106,1
42,1,9,129,1
9,3,10,173,1
68,3,10,177,1
101,3,9,144,1
42,1,9,95,1
66,0,10,61,1
40,1,7,96,0
47,1,10,130,1
42,2,9,22,1
59,1,4,94,0
45,2,7,13,0
47,1,10,126,1
42,2,9,28,1
85,1,1,104,1
42,0,9,62,1
47,1,10,111,1
9,1,10,96,1
42,3,9,144,1
9,1,10,112,1
18,1,6,102,0
42,2,9,36,1
66,3,10,154,1
71,1,7,96,1
8,2,10,2,1
42,3,9,150,1
9,3,10,175,1
47,3,10,174,1
42,0,9,77,1
9,3,10,170,1
66,1,10,121,1
62,1,10,111,1
74,0,9,62,1
47,2,10,21,1
47,2,10,13,1
42,0,9,67,1
47,1,10,97,1
2,3,10,161,1
74,1,9,120,0
42,2,9,24,1
66,1,10,99,1
42,0,9,76,1
47,0,10,70,1
42,0,9,72,1
75,0,9,62,0
47,3,10,144,1
42,2,9,30,1
17,2,9,27,1
42,3,9,165,1
20,3,7,133,1
47,1,10,96,1
66,1,10,104,1
47,1,10,118,1
66,0,10,76,1
47,2,10,43,1
47,1,10,109,1
63,2,8,20,0
85,4,1,52,1
47,0,10,75,1
90,2,5,11,1
9,1,10,99,1
32,1,3,129,1
47,1,10,126,1
23,2,7,43,1
60,3,6,156,0
101,4,9,55,0
69,2,10,16,1
66,0,10,69,1
42,2,9,30,1
47,1,10,96,1
107,1,9,104,0
66,1,10,99,1
40,1,7,96,1
75,1,9,108,1
42,1,9,104,1
8,2,10,2,1
62,3,10,92,1
31,2,3,31,0
66,2,10,28,1
2,1,10,121,1
47,1,10,126,1
9,3,10,160,1
47,1,10,115,1
17,4,9,51,1
47,1,10,114,1
42,0,9,78,1
47,3,10,151,1
66,3,10,144,1
47,3,10,93,1
66,1,10,113,1
47,2,10,21,1
56,2,11,42,0
2,1,10,125,1
39,3,3,87,1
42,0,9,64,1
67,2,10,1,1
28,2,9,7,0
42,1,9,95,1
9,3,10,144,1
40,1,7,96,1
47,1,10,113,1
9,3,10,146,1
47,2,10,25,1
47,1,10,112,1
48,4,7,58,1
47,0,10,84,1
99,0,5,65,1
66,1,10,99,1
47,1,10,119,1
47,1,10,106,1
9,1,10,110,1
66,2,10,28,1
75,1,9,104,0
47,1,10,95,1
47,1,10,130,1
109,0,1,68,1
62,1,10,98,1
66,2,10,24,1
66,2,10,30,1
58,3,7,92,1
47,2,10,22,1
47,1,10,111,1
9,3,10,148,1
42,0,9,62,1
101,0,9,65,0
42,2,9,22,1
9,1,10,96,1
42,2,9,72,1
9,1,10,115,1
47,1,10,115,1
107,2,9,36,0
2,4,10,56,1
47,1,10,97,1
66,0,10,65,1
67,2,10,29,1
47,1,10,109,1
47,1,10,110,1
42,0,9,69,1
47,1,10,96,1
66,1,10,131,1
47,1,10,115,1
9,1,10,124,1
17,2,9,27,0
17,0,9,65,1
45,3,7,175,1
9,0,10,62,1
33,2,2,13,1
47,1,10,106,1
22,4,7,58,1
42,2,9,33,1
42,2,9,30,1
8,2,10,2,1
67,1,10,113,1
42,2,9,37,1
47,3,10,151,1
47,0,10,74,1
75,3,9,166,0
9,0,10,78,1
9,0,10,68,1
47,2,10,19,1
9,0,10,62,1
66,0,10,72,1
62,3,10,148,1
62,0,10,71,1
47,0,10,81,1
42,2,9,43,1
105,2,7,3,1
9,1,10,126,1
47,3,10,141,1
83,2,9,29,0
9,3,10,149,1
67,2,10,10,1
42,1,9,98,1
66,1,10,100,1
47,1,10,102,1
66,0,10,62,1
47,1,10,115,1
68,2,10,19,1
72,2,5,2,1
42,3,9,176,1
47,3,10,156,1
42,2,9,22,1
66,4,10,53,1
37,1,11,114,0
69,2,10,16,1
35,2,4,33,0
37,4,11,58,0
40,3,10,148,1
90,2,5,1,1
9,3,10,144,1
66,0,10,63,1
23,1,7,98,1
31,0,3,71,0
67,0,10,61,1
39,1,3,111,1
69,2,10,28,1
66,1,10,106,1
47,0,10,79,1
66,1,10,99,1
66,3,10,136,1
68,4,10,54,1
9,0,10,83,1
66,1,10,100,1
42,1,9,118,1
42,1,9,95,1
99,1,5,101,1
49,3,6,165,0
101,1,9,108,0
9,1,10,124,1
42,2,9,72,1
66,3,10,149,1
47,1,10,112,1
68,0,10,70,1
71,3,7,154,1
48,4,7,58,1
42,1,9,129,1
8,2,10,2,1
66,3,10,180,1
101,1,9,126,0
17,0,9,62,1
23,0,7,72,1
42,1,9,96,1
56,3,11,172,0
47,0,10,74,1
101,3,9,173,0
9,1,10,102,1
89,1,3,104,0
107,0,9,69,1
47,3,10,88,1
74,2,9,30,1
47,2,10,31,1
67,2,10,23,1
58,3,7,135,1
9,0,10,76,1
68,0,10,70,1
66,2,10,22,1
45,0,7,62,1
62,1,10,103,1
20,2,7,18,1
47,2,10,30,1
42,0,9,66,1
47,1,10,126,1
42,0,9,66,1
9,3,10,144,1
66,4,10,52,1
66,1,10,111,1
9,3,10,147,1
42,0,9,71,1
42,2,9,38,1
47,3,10,154,1
67,1,10,127,1
77,3,4,89,1
101,0,9,60,0
109,1,1,126,0
47,1,10,112,1
47,3,10,133,1
66,2,10,36,1
15,4,0,48,0
75,2,9,26,1
9,3,10,173,1
42,2,9,30,1
47,1,10,94,1
47,0,10,61,1
63,2,8,20,0
47,1,10,111,1
9,0,10,62,1
42,0,9,61,1
39,2,3,12,0
42,1,9,121,1
42,0,9,65,1
58,1,7,94,1
67,2,10,9,1
42,1,9,110,1
0,2,9,27,1
38,1,9,117,0
62,1,10,128,1
42,3,9,179,1
66,1,10,105,1
17,3,9,179,1
47,0,10,81,1
9,0,10,71,1
105,2,7,4,1
71,1,7,106,1
8,2,10,2,1
47,2,10,16,1
9,3,10,152,1
66,1,10,104,1
85,3,1,167,1
68,0,10,70,1
31,0,3,76,0
67,1,10,112,1
9,0,10,62,1
62,3,10,147,1
47,1,10,119,1
47,3,10,144,1
66,2,10,16,1
66,1,10,95,1
